Stay,Investigate,Relocate
0.0,-0.25,-176.5766931530218
0.0,-0.25,-184.9872802532935
0.0,-0.25,-183.6822576664448
0.0,-0.25,-181.2103471747909
0.0,-0.25,-182.4908347669717
0.0,-0.25,-157.20090992074714
0.0,-0.25,-164.1654623098777
0.0,-0.25,-172.52257728255714
0.0,-0.25,-135.60752645260442
0.0,-0.25,-161.56766190009392
0.0,-0.25,-181.22896708157612
0.0,-0.25,-152.66969071251984
0.0,-0.25,-159.04681699653437
0.0,-0.25,-152.9900776126187
0.0,-0.25,-195.04875083457625
0.0,-0.25,-168.98164558023836
0.0,-0.25,-129.6725239504194
0.0,-0.25,-164.25752585597255
0.0,-0.25,-158.9489751609262
0.0,-0.25,-154.74820543124716
0.0,-0.25,-190.5525289580152
0.0,-0.25,-151.27278735548524
0.0,-0.25,-128.9409913506097
0.0,-0.25,-161.48996963672602
0.0,-0.25,-155.82925519156555
0.0,-0.25,-157.8415572457692
0.0,-0.25,-148.2368250980085
0.0,-0.25,-158.03104421437902
0.0,-0.25,-192.45442887893955
0.0,-0.25,-161.761642713977
0.0,-0.25,-158.00133245424902
0.0,-0.25,-167.049736524906
0.0,-0.25,-163.58441238446164
0.0,-0.25,-166.37792039601345
0.0,-0.25,-155.0664387844422
0.0,-0.25,-143.50576282870742
0.0,-0.25,-166.5552543258533
0.0,-0.25,-168.13944707324615
0.0,-0.25,-146.27458721238
0.0,-0.25,-129.46093470458652
0.0,-0.25,-185.96476430190137
0.0,-0.25,-188.2882662789998
0.0,-0.25,-166.732338960124
0.0,-0.25,-164.4385575980853
0.0,-0.25,-129.83251443533334
0.0,-0.25,-177.46781588806238
0.0,-0.25,-171.71562027835293
0.0,-0.25,-141.02071040019533
0.0,-0.25,-171.5717609433529
0.0,-0.25,-172.22830567264086
0.0,-0.25,-161.16329928000582
0.0,-0.25,-139.12737919395462
0.0,-0.25,-153.74981136465266
0.0,-0.25,-130.20309818352098
0.0,-0.25,-166.46813442777503
0.0,-0.25,-181.02402489410977
0.0,-0.25,-168.12294903081144
0.0,-0.25,-174.80343218676649
0.0,-0.25,-151.41106955116604
0.0,-0.25,-178.1025726895363
0.0,-0.25,-167.9743615395417
0.0,-0.25,-163.2910452467654
0.0,-0.25,-156.0582771166788
0.0,-0.25,-149.33932852084808
0.0,-0.25,-168.05546217738038
0.0,-0.25,-168.46324952791755
0.0,-0.25,-189.19428255912487
0.0,-0.25,-162.4409483063953
0.0,-0.25,-145.20757719030334
0.0,-0.25,-163.56963179327678
0.0,-0.25,-174.11260865453204
0.0,-0.25,-169.34327544105602
0.0,-0.25,-150.0946013711737
0.0,-0.25,-158.85905083893002
0.0,-0.25,-163.53265443308302
0.0,-0.25,-167.9572558875224
0.0,-0.25,-165.32895757338125
0.0,-0.25,-175.4072415134025
0.0,-0.25,-190.72460061604636
0.0,-0.25,-152.8942968724531
0.0,-0.25,-186.19372269921183
0.0,-0.25,-134.28140043538977
0.0,-0.25,-175.28669434226762
0.0,-0.25,-138.5952033647268
0.0,-0.25,-145.90523322810455
0.0,-0.25,-144.50173388860316
0.0,-0.25,-177.6411228907253
0.0,-0.25,-181.35743265723428
0.0,-0.25,-166.3588427387854
0.0,-0.25,-162.62704772099426
0.0,-0.25,-169.35401529878456
0.0,-0.25,-172.8197342436522
0.0,-0.25,-185.3236273477974
0.0,-0.25,-168.29729614713253
0.0,-0.25,-180.90211490018766
0.0,-0.25,-175.63753709245046
0.0,-0.25,-153.38622248606322
0.0,-0.25,-149.52823037271526
0.0,-0.25,-150.9774598219651
0.0,-0.25,-143.1643443125758
0.0,-0.25,-165.63769748331853
0.0,-0.25,-138.65089035981666
0.0,-0.25,-188.92447915717625
0.0,-0.25,-185.32958394132464
0.0,-0.25,-176.14045223104824
0.0,-0.25,-141.4090231808917
0.0,-0.25,-163.41104491395757
0.0,-0.25,-159.76829780732598
0.0,-0.25,-188.48294050104724
0.0,-0.25,-152.7908795769709
0.0,-0.25,-151.53077837095384
0.0,-0.25,-125.38474559512322
0.0,-0.25,-186.81920389836665
0.0,-0.25,-162.5868011821373
0.0,-0.25,-172.61931169443622
0.0,-0.25,-152.89035901821168
0.0,-0.25,-165.9423913930327
0.0,-0.25,-156.1439223000815
0.0,-0.25,-174.56637282651255
0.0,-0.25,-167.43784000598808
0.0,-0.25,-160.56230020359422
0.0,-0.25,-189.16242233949205
0.0,-0.25,-160.95077120061686
0.0,-0.25,-176.29708223109674
0.0,-0.25,-147.5198183613127
0.0,-0.25,-190.87417673327036
0.0,-0.25,-158.14642941773266
0.0,-0.25,-154.1706421633823
0.0,-0.25,-183.11940544999666
0.0,-0.25,-125.81143114995395
0.0,-0.25,-153.47810847016328
0.0,-0.25,-179.91213976745965
0.0,-0.25,-149.00557971904513
0.0,-0.25,-168.3401400838286
0.0,-0.25,-178.58087292571958
0.0,-0.25,-175.60375327450143
0.0,-0.25,-164.80113319040623
0.0,-0.25,-144.27335324964525
0.0,-0.25,-160.64164747524407
0.0,-0.25,-142.47089186997937
0.0,-0.25,-159.38017017753705
0.0,-0.25,-152.75613418816368
0.0,-0.25,-135.74337847344947
0.0,-0.25,-186.9786039750203
0.0,-0.25,-156.09573172715048
0.0,-0.25,-163.3033686387946
0.0,-0.25,-152.1609740762872
0.0,-0.25,-161.08887205790924
0.0,-0.25,-149.3846992877727
0.0,-0.25,-140.82206091809226
0.0,-0.25,-149.22401251549462
0.0,-0.25,-181.72007859470324
0.0,-0.25,-192.39203704261905
0.0,-0.25,-172.22186727733308
0.0,-0.25,-154.60570546160042
0.0,-0.25,-142.3438837592633
0.0,-0.25,-160.11086643417343
0.0,-0.25,-170.75425963979126
0.0,-0.25,-156.81873661097933
0.0,-0.25,-165.19103047243468
0.0,-0.25,-163.09352094771756
0.0,-0.25,-161.384719604003
0.0,-0.25,-153.91965171878599
0.0,-0.25,-158.19862181255849
0.0,-0.25,-163.05851973146687
0.0,-0.25,-167.1147952844612
0.0,-0.25,-171.8759065119234
0.0,-0.25,-158.07539016800825
0.0,-0.25,-184.32906230929507
0.0,-0.25,-186.42022167025416
0.0,-0.25,-161.39925360308914
0.0,-0.25,-146.99639380185909
0.0,-0.25,-181.14675878564265
0.0,-0.25,-160.7158545114965
0.0,-0.25,-197.94712659287626
0.0,-0.25,-189.01160815380842
0.0,-0.25,-171.1659569743028
0.0,-0.25,-180.05610223509564
0.0,-0.25,-179.87371188482084
0.0,-0.25,-153.4861816650292
0.0,-0.25,-165.60832595554368
0.0,-0.25,-170.83753322139736
0.0,-0.25,-181.37670713435713
0.0,-0.25,-177.11822747189137
0.0,-0.25,-162.36696595140126
0.0,-0.25,-151.52726514627332
0.0,-0.25,-188.3040059676175
0.0,-0.25,-165.82234194573937
0.0,-0.25,-159.16112522577023
0.0,-0.25,-169.32132886577264
0.0,-0.25,-185.13109302338722
0.0,-0.25,-180.987686726402
0.0,-0.25,-146.01851010626936
0.0,-0.25,-162.63827149785888
0.0,-0.25,-192.24870153280298
0.0,-0.25,-130.7749628603571
0.0,-0.25,-174.26675118549758
0.0,-0.25,-194.54846517294214
0.0,-0.25,-164.53861603625265
0.0,-0.25,-168.01325775478344
0.0,-0.25,-167.63891183803264
0.0,-0.25,-149.91913636863475
0.0,-0.25,-189.99457244053764
0.0,-0.25,-181.73646195056114
0.0,-0.25,-160.19073683828543
0.0,-0.25,-157.2347385855198
0.0,-0.25,-165.66888815773177
0.0,-0.25,-151.52573667924565
0.0,-0.25,-184.96207186563524
0.0,-0.25,-142.4635427083989
0.0,-0.25,-154.8537695503691
0.0,-0.25,-154.05283633035376
0.0,-0.25,-167.93453020028682
0.0,-0.25,-169.76514762857883
0.0,-0.25,-190.78737898462848
0.0,-0.25,-132.24071128509408
0.0,-0.25,-138.58864951978714
0.0,-0.25,-155.34581005101816
0.0,-0.25,-181.19408605915484
0.0,-0.25,-161.20800029852975
0.0,-0.25,-160.87518677348243
0.0,-0.25,-165.92163471230324
0.0,-0.25,-168.99788086966086
0.0,-0.25,-175.43698063230912
0.0,-0.25,-175.98721833710866
0.0,-0.25,-171.0122264235797
0.0,-0.25,-145.15944108880225
0.0,-0.25,-166.9124637312143
0.0,-0.25,-134.529945738653
0.0,-0.25,-161.65966407451384
0.0,-0.25,-152.97287469804274
0.0,-0.25,-161.4251681209927
0.0,-0.25,-169.0636900586251
0.0,-0.25,-162.42721110021384
0.0,-0.25,-175.9384661234351
0.0,-0.25,-178.04108689999933
0.0,-0.25,-134.62980583221713
0.0,-0.25,-153.24773598363296
0.0,-0.25,-177.1487597842469
0.0,-0.25,-163.5752830526567
0.0,-0.25,-171.73091688036618
0.0,-0.25,-147.11843973578863
0.0,-0.25,-158.2280002249433
0.0,-0.25,-138.98886677319865
0.0,-0.25,-163.0517543617899
0.0,-0.25,-129.2452912884974
0.0,-0.25,-179.69634617560854
0.0,-0.25,-157.11440933794924
0.0,-0.25,-182.20806031483372
0.0,-0.25,-159.99591420464907
0.0,-0.25,-159.68129510424797
0.0,-0.25,-162.41872819383397
0.0,-0.25,-179.11919085877744
0.0,-0.25,-137.96400554839244
0.0,-0.25,-186.80351259718572
0.0,-0.25,-171.17060932526618
0.0,-0.25,-176.9303210995525
0.0,-0.25,-171.83704377009855
0.0,-0.25,-171.84456966970265
0.0,-0.25,-160.27619304369563
0.0,-0.25,-148.7799449011886
0.0,-0.25,-147.23479853781592
0.0,-0.25,-148.37341634784786
0.0,-0.25,-171.78635653325816
0.0,-0.25,-170.4640384157736
0.0,-0.25,-147.88901167182462
0.0,-0.25,-181.71823138434792
0.0,-0.25,-168.2031831293399
0.0,-0.25,-162.50173080080447
0.0,-0.25,-175.53667977550973
0.0,-0.25,-149.7259459665812
0.0,-0.25,-140.46155418364853
0.0,-0.25,-163.25797686173817
0.0,-0.25,-169.83907265883974
0.0,-0.25,-161.87369853356424
0.0,-0.25,-150.59568825833568
0.0,-0.25,-191.44624294070576
0.0,-0.25,-139.77277192847342
0.0,-0.25,-170.60196868217898
0.0,-0.25,-142.04489888765931
0.0,-0.25,-159.68197216441038
0.0,-0.25,-176.58166069315845
0.0,-0.25,-137.1265578491791
0.0,-0.25,-147.64694624093346
0.0,-0.25,-162.23815811193288
0.0,-0.25,-168.3861062057629
0.0,-0.25,-136.52900643940077
0.0,-0.25,-183.0810844234513
0.0,-0.25,-186.7548968056878
0.0,-0.25,-181.01166835951344
0.0,-0.25,-159.54621152887805
0.0,-0.25,-174.4905242826057
0.0,-0.25,-193.86274554801088
0.0,-0.25,-155.2873165190528
0.0,-0.25,-177.02880204781752
0.0,-0.25,-165.28054605891762
0.0,-0.25,-181.20540540198408
0.0,-0.25,-169.5209082954816
0.0,-0.25,-162.5429895833919
0.0,-0.25,-150.54869749708934
0.0,-0.25,-181.41210778561162
0.0,-0.25,-175.55958766733085
0.0,-0.25,-183.7676149256872
0.0,-0.25,-165.331332968397
0.0,-0.25,-186.6773369700775
0.0,-0.25,-177.5467963627702
0.0,-0.25,-152.16262077053543
0.0,-0.25,-156.40079482727884
0.0,-0.25,-150.19539345629897
0.0,-0.25,-154.8529719096613
0.0,-0.25,-174.9312814387424
0.0,-0.25,-175.78865887047812
0.0,-0.25,-185.03728115417658
0.0,-0.25,-180.57036925095207
0.0,-0.25,-177.05144631982216
0.0,-0.25,-165.92241773146714
0.0,-0.25,-165.74818079222703
0.0,-0.25,-173.09074757272163
0.0,-0.25,-153.54811746871061
0.0,-0.25,-144.66189924931152
0.0,-0.25,-155.3430786399541
0.0,-0.25,-185.99790381242929
0.0,-0.25,-178.78755658394613
0.0,-0.25,-159.91724679566224
0.0,-0.25,-162.06629452263118
0.0,-0.25,-130.03906704887686
0.0,-0.25,-159.3413886363831
0.0,-0.25,-157.08820435102513
0.0,-0.25,-155.15708264453147
0.0,-0.25,-142.01658534940742
0.0,-0.25,-171.44153190876614
0.0,-0.25,-163.90269314991826
0.0,-0.25,-139.9467396707743
0.0,-0.25,-152.5479886727561
0.0,-0.25,-181.36045364853612
0.0,-0.25,-157.88796655839113
0.0,-0.25,-152.59959044498478
0.0,-0.25,-155.0465390300129
0.0,-0.25,-182.37730861871034
0.0,-0.25,-183.15805686986346
0.0,-0.25,-149.18899236855236
0.0,-0.25,-145.952077389634
0.0,-0.25,-152.460849976372
0.0,-0.25,-176.88307524200326
0.0,-0.25,-168.461419134963
0.0,-0.25,-139.98433599690603
0.0,-0.25,-163.54795503288747
0.0,-0.25,-146.09608027715598
0.0,-0.25,-173.19005891893383
0.0,-0.25,-163.72825771598008
0.0,-0.25,-163.9028351911237
0.0,-0.25,-169.322148936529
0.0,-0.25,-178.78356790657605
0.0,-0.25,-171.20436401054454
0.0,-0.25,-146.10841475139642
0.0,-0.25,-169.89177492503296
0.0,-0.25,-158.68340885904087
0.0,-0.25,-191.93846004351087
0.0,-0.25,-131.95218634703804
0.0,-0.25,-175.22971181292073
0.0,-0.25,-180.79032876539986
0.0,-0.25,-164.72455323696755
0.0,-0.25,-187.86176967143953
0.0,-0.25,-173.01455749190507
0.0,-0.25,-143.664758636354
0.0,-0.25,-166.61058809518855
0.0,-0.25,-163.9784521234716
0.0,-0.25,-162.45379038781124
0.0,-0.25,-157.02432693644636
0.0,-0.25,-188.30865849681345
0.0,-0.25,-163.0946205919755
0.0,-0.25,-158.59692557442835
0.0,-0.25,-157.18319382471716
0.0,-0.25,-143.1849913771674
0.0,-0.25,-173.81241058449646
0.0,-0.25,-166.32610987750112
0.0,-0.25,-171.3741418361661
0.0,-0.25,-154.01347868711343
0.0,-0.25,-163.63635366559257
0.0,-0.25,-168.1902605462453
0.0,-0.25,-133.4118187766166
0.0,-0.25,-154.34908827751886
0.0,-0.25,-141.91003033150614
0.0,-0.25,-162.75246525854604
0.0,-0.25,-149.1220749414412
0.0,-0.25,-157.13842873359815
0.0,-0.25,-194.912841154195
0.0,-0.25,-150.94230859470997
0.0,-0.25,-147.2580164519021
0.0,-0.25,-150.70584798082953
0.0,-0.25,-165.9226346270484
0.0,-0.25,-176.55970408822276
0.0,-0.25,-185.49802150064502
0.0,-0.25,-184.29861372064326
0.0,-0.25,-153.2354845003511
0.0,-0.25,-196.52129321963517
0.0,-0.25,-187.24069954448944
0.0,-0.25,-184.46259709703588
0.0,-0.25,-175.65685526513622
0.0,-0.25,-142.71833518494444
0.0,-0.25,-166.68250720681397
0.0,-0.25,-154.83935238487376
0.0,-0.25,-156.00252363564695
0.0,-0.25,-162.8082465231532
0.0,-0.25,-178.87579992102604
0.0,-0.25,-142.0982144155244
0.0,-0.25,-163.81405215332708
0.0,-0.25,-176.53503625757668
0.0,-0.25,-181.1668113158638
0.0,-0.25,-173.37792278449183
0.0,-0.25,-143.21744943788062
0.0,-0.25,-166.86043749638685
0.0,-0.25,-143.18036307062067
0.0,-0.25,-167.91124112050863
0.0,-0.25,-181.80951060792518
0.0,-0.25,-194.3003397634421
0.0,-0.25,-141.03294721620526
0.0,-0.25,-188.57414951723507
0.0,-0.25,-164.96563905253552
0.0,-0.25,-177.05246873469935
0.0,-0.25,-167.63133716698084
0.0,-0.25,-151.24878361969442
0.0,-0.25,-169.74128634546133
0.0,-0.25,-167.40211994752215
0.0,-0.25,-166.50005153568614
0.0,-0.25,-132.56384837090474
0.0,-0.25,-172.76705461527615
0.0,-0.25,-152.90894596294248
0.0,-0.25,-159.2954401663218
0.0,-0.25,-134.87622259845273
0.0,-0.25,-181.40851099787525
0.0,-0.25,-162.1122704381397
0.0,-0.25,-189.66568237339527
0.0,-0.25,-175.71905262292816
0.0,-0.25,-169.92319980890713
0.0,-0.25,-138.84752622863334
0.0,-0.25,-128.7868973643933
0.0,-0.25,-156.75350480108136
0.0,-0.25,-147.37766391941634
0.0,-0.25,-175.86886601875943
0.0,-0.25,-172.64078692610337
0.0,-0.25,-154.7104143573418
0.0,-0.25,-136.28072598762947
0.0,-0.25,-165.48450908244706
0.0,-0.25,-168.1678024291142
0.0,-0.25,-195.49753766790116
0.0,-0.25,-184.65061855034543
0.0,-0.25,-136.954917619818
0.0,-0.25,-171.67009364580713
0.0,-0.25,-133.38719780564867
0.0,-0.25,-163.98749296233908
0.0,-0.25,-156.78804306273292
0.0,-0.25,-167.7621720866826
0.0,-0.25,-151.75475051435438
0.0,-0.25,-184.40495688107285
0.0,-0.25,-175.46402665457228
0.0,-0.25,-156.16779780549038
0.0,-0.25,-157.81704671297058
0.0,-0.25,-155.95480351347402
0.0,-0.25,-176.89584786658992
0.0,-0.25,-183.4506587811174
0.0,-0.25,-143.90751234867884
0.0,-0.25,-191.5541603472112
0.0,-0.25,-165.93390622506251
0.0,-0.25,-182.78259313892426
0.0,-0.25,-133.7733864142978
0.0,-0.25,-148.41314145580574
0.0,-0.25,-165.21102407691282
0.0,-0.25,-157.52333191651613
0.0,-0.25,-147.20432073906753
0.0,-0.25,-177.84270853085687
0.0,-0.25,-157.5690010831029
0.0,-0.25,-140.205053021395
0.0,-0.25,-148.9146459334633
0.0,-0.25,-152.6675134753833
0.0,-0.25,-147.66675360704076
0.0,-0.25,-145.77991498256276
0.0,-0.25,-163.14264164782932
0.0,-0.25,-140.1198889993676
0.0,-0.25,-165.67857903745895
0.0,-0.25,-155.92520154689996
0.0,-0.25,-154.18440906630312
0.0,-0.25,-174.61903655059595
0.0,-0.25,-146.18313759437194
0.0,-0.25,-156.97279152692184
0.0,-0.25,-180.658525239949
0.0,-0.25,-161.88338898695656
0.0,-0.25,-159.32804691681926
0.0,-0.25,-171.5517626118766
0.0,-0.25,-149.4787488981514
0.0,-0.25,-160.76007325475044
0.0,-0.25,-141.47344684581358
0.0,-0.25,-156.9297159020655
0.0,-0.25,-155.81207563413946
0.0,-0.25,-161.53321930266597
0.0,-0.25,-154.77883466266167
0.0,-0.25,-185.45901063498766
0.0,-0.25,-157.74192186063632
0.0,-0.25,-154.7804749538301
0.0,-0.25,-160.24933853436593
0.0,-0.25,-185.0113758230248
0.0,-0.25,-161.26813619664304
0.0,-0.25,-164.84203371786793
0.0,-0.25,-159.18761370326817
0.0,-0.25,-187.87133252234858
0.0,-0.25,-164.85932119496277
0.0,-0.25,-134.12071716831844
0.0,-0.25,-182.88165982180513
0.0,-0.25,-161.09683011865977
0.0,-0.25,-192.4980173831501
0.0,-0.25,-166.89354990123192
0.0,-0.25,-182.87491033267705
0.0,-0.25,-147.18784537462093
0.0,-0.25,-190.7826421167067
0.0,-0.25,-170.65022064509006
0.0,-0.25,-152.26439373996598
0.0,-0.25,-169.30967653019366
0.0,-0.25,-135.1656851770553
0.0,-0.25,-152.69005766725968
0.0,-0.25,-143.5806091241445
0.0,-0.25,-152.28042800975288
0.0,-0.25,-161.72515405415004
0.0,-0.25,-183.95713625012314
0.0,-0.25,-178.61057417599312
0.0,-0.25,-182.3125878341854
0.0,-0.25,-162.71025200968074
0.0,-0.25,-177.50527399546783
0.0,-0.25,-156.59015627847577
0.0,-0.25,-154.27005142702802
0.0,-0.25,-151.4758520930866
0.0,-0.25,-155.04774535786217
0.0,-0.25,-156.54960599549239
0.0,-0.25,-156.68643560770533
0.0,-0.25,-145.53356848552977
0.0,-0.25,-158.70230429322672
0.0,-0.25,-157.5392865833127
0.0,-0.25,-182.6507727034042
0.0,-0.25,-165.20298033459213
0.0,-0.25,-184.88452729647665
0.0,-0.25,-180.4557963209328
0.0,-0.25,-164.09692941301267
0.0,-0.25,-178.15091235025125
0.0,-0.25,-170.37421223867193
0.0,-0.25,-160.43981110891943
0.0,-0.25,-168.3527832252314
0.0,-0.25,-195.8137827358543
0.0,-0.25,-159.75379359697703
0.0,-0.25,-173.85474999972587
0.0,-0.25,-160.70877317365336
0.0,-0.25,-146.95335689812478
0.0,-0.25,-174.9063430396513
0.0,-0.25,-192.12542517142916
0.0,-0.25,-165.71117801406604
0.0,-0.25,-151.24566376946677
0.0,-0.25,-142.06035418478544
0.0,-0.25,-150.55498008876452
0.0,-0.25,-191.91798739971796
0.0,-0.25,-166.59532413157118
0.0,-0.25,-178.74110032071616
0.0,-0.25,-192.9936323498035
0.0,-0.25,-162.27190820308192
0.0,-0.25,-156.8667360368096
0.0,-0.25,-137.3007326480555
0.0,-0.25,-172.08675245675585
0.0,-0.25,-141.45087645829634
0.0,-0.25,-170.43499706485804
0.0,-0.25,-187.4492348114021
0.0,-0.25,-147.52356007514865
0.0,-0.25,-137.7230194366375
0.0,-0.25,-170.1100570661537
0.0,-0.25,-182.2878704436732
0.0,-0.25,-160.00391141952656
0.0,-0.25,-146.4022714142184
0.0,-0.25,-165.08915499618408
0.0,-0.25,-140.3761674704814
0.0,-0.25,-171.92222687194354
0.0,-0.25,-176.88556121739907
0.0,-0.25,-172.221244056196
0.0,-0.25,-161.92440676247537
0.0,-0.25,-153.7231211430187
0.0,-0.25,-187.7031660130667
0.0,-0.25,-168.1157078156477
0.0,-0.25,-155.67357995255418
0.0,-0.25,-174.54821583522198
0.0,-0.25,-152.16273494214383
0.0,-0.25,-163.7604052683967
0.0,-0.25,-149.74060949847214
0.0,-0.25,-171.26859116975345
0.0,-0.25,-164.01473030016203
0.0,-0.25,-158.23655932597788
0.0,-0.25,-166.34871140816534
0.0,-0.25,-179.5808471106527
0.0,-0.25,-166.19129778262254
0.0,-0.25,-160.40777957362474
0.0,-0.25,-181.9015725676531
0.0,-0.25,-167.51998480922563
0.0,-0.25,-171.27447769913644
0.0,-0.25,-172.4847408439168
0.0,-0.25,-169.84243610871906
0.0,-0.25,-175.03795223986
0.0,-0.25,-172.67424553730552
0.0,-0.25,-166.3209491157827
0.0,-0.25,-192.86605716702508
0.0,-0.25,-161.36183393168625
0.0,-0.25,-153.15516102629533
0.0,-0.25,-135.0481179793276
0.0,-0.25,-156.1101472327421
0.0,-0.25,-162.46079958805592
0.0,-0.25,-143.05540666329873
0.0,-0.25,-189.0588341544028
0.0,-0.25,-177.0830115529073
0.0,-0.25,-165.4097397282757
0.0,-0.25,-133.3693789831894
0.0,-0.25,-162.7670214757669
0.0,-0.25,-138.87797656721682
0.0,-0.25,-158.11473312895237
0.0,-0.25,-157.24169373048895
0.0,-0.25,-139.08365196675712
0.0,-0.25,-176.4205426946998
0.0,-0.25,-167.30395755030753
0.0,-0.25,-165.16125285013462
0.0,-0.25,-157.6078245404288
0.0,-0.25,-176.47651962504875
0.0,-0.25,-153.37784207975682
0.0,-0.25,-165.35794214995488
0.0,-0.25,-158.82633157228722
0.0,-0.25,-130.3479320399495
0.0,-0.25,-156.78709297236944
0.0,-0.25,-145.16823388757297
0.0,-0.25,-182.554725112932
0.0,-0.25,-169.34988533305793
0.0,-0.25,-158.8420925013752
0.0,-0.25,-184.81551524075692
0.0,-0.25,-170.2444331546527
0.0,-0.25,-160.4350496986516
0.0,-0.25,-179.22943258617963
0.0,-0.25,-147.14344475143133
0.0,-0.25,-184.85728769360082
0.0,-0.25,-172.00060884314811
0.0,-0.25,-148.56588456249546
0.0,-0.25,-142.20244254844164
0.0,-0.25,-148.75090345827354
0.0,-0.25,-173.43718707552404
0.0,-0.25,-152.07197094576483
0.0,-0.25,-172.2719126854426
0.0,-0.25,-142.12181551377654
0.0,-0.25,-164.98017703519784
0.0,-0.25,-162.8470029751381
0.0,-0.25,-166.4620268612465
0.0,-0.25,-161.96500342354597
0.0,-0.25,-152.98774763420397
0.0,-0.25,-170.16031342709672
0.0,-0.25,-145.43577565717843
0.0,-0.25,-171.74827761275955
0.0,-0.25,-172.36615761173664
0.0,-0.25,-170.45667280175084
0.0,-0.25,-143.51339527793306
0.0,-0.25,-160.64794354639247
0.0,-0.25,-155.1903405089433
0.0,-0.25,-149.8693073667804
0.0,-0.25,-149.11878702918833
0.0,-0.25,-186.69129915646155
0.0,-0.25,-156.83023506836506
0.0,-0.25,-138.791978597888
0.0,-0.25,-190.62329596857867
0.0,-0.25,-157.30245100261402
0.0,-0.25,-178.01439513338548
0.0,-0.25,-140.04744667743782
0.0,-0.25,-155.23978937309747
0.0,-0.25,-161.72272313114823
0.0,-0.25,-177.06518233363713
0.0,-0.25,-169.44136846588742
0.0,-0.25,-137.2182441769278
0.0,-0.25,-168.46231235918148
0.0,-0.25,-148.7533674860796
0.0,-0.25,-189.25288513485222
0.0,-0.25,-190.25742862787342
0.0,-0.25,-148.90121602991243
0.0,-0.25,-160.5904867905372
0.0,-0.25,-175.90378772260084
0.0,-0.25,-173.2543770198915
0.0,-0.25,-171.52319420099212
0.0,-0.25,-168.20121081631683
0.0,-0.25,-166.77226290105958
0.0,-0.25,-170.91111641888256
0.0,-0.25,-172.5608726302962
0.0,-0.25,-189.15702597812447
0.0,-0.25,-140.2007383900726
0.0,-0.25,-162.32208571269175
0.0,-0.25,-198.16716966826658
0.0,-0.25,-166.768400720342
0.0,-0.25,-154.59504407481106
0.0,-0.25,-155.59031642425126
0.0,-0.25,-150.66454796184075
0.0,-0.25,-186.66491504324134
0.0,-0.25,-180.5990459430934
0.0,-0.25,-161.10047877759226
0.0,-0.25,-131.75905062167655
0.0,-0.25,-156.9278180657922
0.0,-0.25,-130.5724744589047
0.0,-0.25,-176.49564022717377
0.0,-0.25,-192.4895381393536
0.0,-0.25,-130.7964278857816
0.0,-0.25,-163.52323980942003
0.0,-0.25,-165.6495627302874
0.0,-0.25,-162.04201517680994
0.0,-0.25,-162.16229769879448
0.0,-0.25,-162.20748611768275
0.0,-0.25,-187.04378516464672
0.0,-0.25,-169.95330782341875
0.0,-0.25,-192.34554066046337
0.0,-0.25,-179.43273521156132
0.0,-0.25,-157.25669133406183
0.0,-0.25,-169.91880954594996
0.0,-0.25,-172.5262961818449
0.0,-0.25,-135.0075423457012
0.0,-0.25,-174.60544326117514
0.0,-0.25,-162.91165729247894
0.0,-0.25,-138.97228726674257
0.0,-0.25,-139.56077757445183
0.0,-0.25,-149.01068924385697
0.0,-0.25,-178.1939085693148
0.0,-0.25,-186.12342334477427
0.0,-0.25,-167.4836192184137
0.0,-0.25,-178.19618346999442
0.0,-0.25,-138.60366927711175
0.0,-0.25,-155.27522529052996
0.0,-0.25,-159.48612696990304
0.0,-0.25,-164.46582107008638
0.0,-0.25,-173.5252556882098
0.0,-0.25,-147.93529866635217
0.0,-0.25,-168.90549872530534
0.0,-0.25,-137.8313923520525
0.0,-0.25,-140.58313473610588
0.0,-0.25,-163.99857960379083
0.0,-0.25,-141.16011630159446
0.0,-0.25,-137.366155649008
0.0,-0.25,-172.68891512778123
0.0,-0.25,-182.6094792048359
0.0,-0.25,-164.81424624256917
0.0,-0.25,-157.1135957635572
0.0,-0.25,-165.41602785975093
0.0,-0.25,-171.11640112919542
0.0,-0.25,-154.46047948172372
0.0,-0.25,-164.53969230660044
0.0,-0.25,-154.87193875809012
0.0,-0.25,-145.74658166019051
0.0,-0.25,-187.9855475407952
0.0,-0.25,-143.14881478374423
0.0,-0.25,-176.94368290649746
0.0,-0.25,-153.93370317831128
0.0,-0.25,-131.05004796444055
0.0,-0.25,-150.28233698289984
0.0,-0.25,-161.23720516335592
0.0,-0.25,-137.1449279497511
0.0,-0.25,-133.60899341437485
0.0,-0.25,-164.1889958672231
0.0,-0.25,-129.0930978003769
0.0,-0.25,-159.43715226947953
0.0,-0.25,-161.50752612232162
0.0,-0.25,-166.42010300445017
0.0,-0.25,-180.9563311894809
0.0,-0.25,-177.56462755222861
0.0,-0.25,-185.52258449501247
0.0,-0.25,-149.82891176413347
0.0,-0.25,-150.44592129342206
0.0,-0.25,-161.5352966960958
0.0,-0.25,-165.71657688822685
0.0,-0.25,-167.74393793741345
0.0,-0.25,-168.85405015371182
0.0,-0.25,-184.69079476158063
0.0,-0.25,-155.24639234285178
0.0,-0.25,-159.92423962916993
0.0,-0.25,-144.34467775721822
0.0,-0.25,-170.4966760928913
0.0,-0.25,-189.58677165509164
0.0,-0.25,-152.03089690053932
0.0,-0.25,-170.37815270004654
0.0,-0.25,-169.46136508482874
0.0,-0.25,-166.22965281079965
0.0,-0.25,-166.67187197957162
0.0,-0.25,-130.0380216700545
0.0,-0.25,-140.12311044110893
0.0,-0.25,-153.52448980579743
0.0,-0.25,-164.1533901602489
0.0,-0.25,-152.79271750262072
0.0,-0.25,-196.31158685528507
0.0,-0.25,-174.0556018081302
0.0,-0.25,-165.10426050867238
0.0,-0.25,-174.02609090937526
0.0,-0.25,-151.15079148652617
0.0,-0.25,-173.27892219856736
0.0,-0.25,-155.66269472575792
0.0,-0.25,-142.46725662079652
0.0,-0.25,-145.94541037718227
0.0,-0.25,-163.66646250933084
0.0,-0.25,-185.87866252211327
0.0,-0.25,-167.3511372784436
0.0,-0.25,-162.75284431171883
0.0,-0.25,-137.3190974583588
0.0,-0.25,-153.60735504604742
0.0,-0.25,-152.69515769608861
0.0,-0.25,-169.22346378814677
0.0,-0.25,-149.47990609915783
0.0,-0.25,-172.63067677262794
0.0,-0.25,-161.4905572607258
0.0,-0.25,-153.0048517196419
0.0,-0.25,-170.64390731108708
0.0,-0.25,-167.69844190417908
0.0,-0.25,-154.6202021574274
0.0,-0.25,-161.84143761608058
0.0,-0.25,-155.8823275093471
0.0,-0.25,-179.09197684337295
0.0,-0.25,-166.36413073560334
0.0,-0.25,-169.82323389106486
0.0,-0.25,-174.2173180131367
0.0,-0.25,-180.25058548294524
0.0,-0.25,-154.5198534859118
0.0,-0.25,-161.59342692164955
0.0,-0.25,-153.97342961864598
0.0,-0.25,-153.26312038604698
0.0,-0.25,-142.3539019407468
0.0,-0.25,-179.55905868383124
0.0,-0.25,-147.93828081272486
0.0,-0.25,-161.64837765750667
0.0,-0.25,-164.50715012792412
0.0,-0.25,-154.5625606369944
0.0,-0.25,-131.7621858128494
0.0,-0.25,-184.01338394827312
0.0,-0.25,-153.45247688046342
0.0,-0.25,-184.45263099523586
0.0,-0.25,-157.41133551295218
0.0,-0.25,-177.08930723578172
0.0,-0.25,-154.00291014515383
0.0,-0.25,-168.3558580381072
0.0,-0.25,-153.7332118314126
0.0,-0.25,-156.99050531514064
0.0,-0.25,-181.99101911404114
0.0,-0.25,-167.4212978241415
0.0,-0.25,-155.41101321797083
0.0,-0.25,-167.0813903036947
0.0,-0.25,-134.0701404108445
0.0,-0.25,-180.78101770853377
0.0,-0.25,-176.38589760304274
0.0,-0.25,-158.2668531099701
0.0,-0.25,-180.63530014187788
0.0,-0.25,-165.47092702860056
0.0,-0.25,-158.59444874899526
0.0,-0.25,-172.23422552567948
0.0,-0.25,-156.3799624772779
0.0,-0.25,-142.6060430174986
0.0,-0.25,-166.15080312187197
0.0,-0.25,-145.97224522011305
0.0,-0.25,-176.54361541681484
0.0,-0.25,-156.71613006591653
0.0,-0.25,-153.41443862231955
0.0,-0.25,-172.4512994523933
0.0,-0.25,-131.250686069085
0.0,-0.25,-150.7564952598965
0.0,-0.25,-153.7129388816574
0.0,-0.25,-158.21856287680052
0.0,-0.25,-159.29786958129168
0.0,-0.25,-183.10518334554123
0.0,-0.25,-164.6920286271276
0.0,-0.25,-143.67026116635355
0.0,-0.25,-158.55562550396715
0.0,-0.25,-152.3110235949721
0.0,-0.25,-170.39124539132004
0.0,-0.25,-195.3833726081191
0.0,-0.25,-171.53819652974892
0.0,-0.25,-133.8617692619451
0.0,-0.25,-159.36701590336045
0.0,-0.25,-170.40799279963386
0.0,-0.25,-151.40287815707066
0.0,-0.25,-176.22890249330342
0.0,-0.25,-145.61889207708123
0.0,-0.25,-185.09130481328057
0.0,-0.25,-162.42516755092225
0.0,-0.25,-130.18085728281577
0.0,-0.25,-166.01402730094847
0.0,-0.25,-196.24335520374794
0.0,-0.25,-162.04025737330676
0.0,-0.25,-174.4383815441758
0.0,-0.25,-157.87722548567584
0.0,-0.25,-150.84898056187328
0.0,-0.25,-141.5153060119109
0.0,-0.25,-138.94774137158132
0.0,-0.25,-158.8262986902723
0.0,-0.25,-170.28476570127017
0.0,-0.25,-165.22827767936653
0.0,-0.25,-174.14191562969128
0.0,-0.25,-150.33434105618983
0.0,-0.25,-171.67391374260686
0.0,-0.25,-163.48467886307108
0.0,-0.25,-145.6026106432586
0.0,-0.25,-169.04508725272248
0.0,-0.25,-150.18103488446502
0.0,-0.25,-173.35658714227824
0.0,-0.25,-171.32991960781942
0.0,-0.25,-175.02105777189595
0.0,-0.25,-150.49282258009026
0.0,-0.25,-142.1350921136042
0.0,-0.25,-180.65696304468142
0.0,-0.25,-157.6099141183749
0.0,-0.25,-146.70529193706506
0.0,-0.25,-149.4645326634882
0.0,-0.25,-189.6246828774152
0.0,-0.25,-149.85756900967917
0.0,-0.25,-175.27644086072783
0.0,-0.25,-162.05138956417034
0.0,-0.25,-165.28419170134146
0.0,-0.25,-163.46629629106516
0.0,-0.25,-139.92468205136478
0.0,-0.25,-160.55504473464165
0.0,-0.25,-149.88027397320627
0.0,-0.25,-192.21774144715337
0.0,-0.25,-188.29042234161153
0.0,-0.25,-178.73088846572472
0.0,-0.25,-157.1980385956443
0.0,-0.25,-169.13809276788922
0.0,-0.25,-162.920904496872
0.0,-0.25,-173.11853976507493
0.0,-0.25,-185.10796676630463
0.0,-0.25,-169.2151039744265
0.0,-0.25,-181.1245711948272
0.0,-0.25,-130.69093239800378
0.0,-0.25,-147.90377270662884
0.0,-0.25,-170.32358332839257
0.0,-0.25,-159.91713842549214
0.0,-0.25,-142.38747192139613
0.0,-0.25,-189.09001819273146
0.0,-0.25,-156.49924228189536
0.0,-0.25,-185.8018513520917
0.0,-0.25,-156.8209997989233
0.0,-0.25,-140.13321130954265
0.0,-0.25,-180.72161129155708
0.0,-0.25,-183.14448064924397
0.0,-0.25,-156.24039872021075
0.0,-0.25,-158.48725093037822
0.0,-0.25,-170.15509921675408
0.0,-0.25,-151.37930852121087
0.0,-0.25,-155.9924274577767
0.0,-0.25,-169.50491748854674
0.0,-0.25,-170.50083632144413
0.0,-0.25,-177.9819143230884
0.0,-0.25,-186.8123011127905
0.0,-0.25,-176.85479162224763
0.0,-0.25,-161.54375610781355
0.0,-0.25,-171.67749283585363
0.0,-0.25,-157.22228122946288
0.0,-0.25,-165.59458740276304
0.0,-0.25,-186.06862684208755
0.0,-0.25,-161.62992995217874
0.0,-0.25,-166.36418829568868
0.0,-0.25,-188.555338541111
0.0,-0.25,-130.95201867987657
0.0,-0.25,-157.9781826058223
0.0,-0.25,-167.94831020296473
0.0,-0.25,-161.95223446709622
0.0,-0.25,-140.8600335461836
0.0,-0.25,-182.11677262339114
0.0,-0.25,-171.6595918760564
0.0,-0.25,-136.01169823449652
0.0,-0.25,-173.99544713398654
0.0,-0.25,-151.95845155496255
0.0,-0.25,-156.40405552589525
0.0,-0.25,-187.59385414537905
0.0,-0.25,-159.01137184874963
0.0,-0.25,-174.73183730036618
0.0,-0.25,-139.09863924987715
0.0,-0.25,-155.11101493146634
0.0,-0.25,-163.19855627191313
0.0,-0.25,-180.7059882534355
0.0,-0.25,-175.883202827533
0.0,-0.25,-156.0564732080322
0.0,-0.25,-162.15627173824396
0.0,-0.25,-164.7817521686353
0.0,-0.25,-174.8713367358286
0.0,-0.25,-160.3426904438834
0.0,-0.25,-182.1696010785121
0.0,-0.25,-139.51369318405764
0.0,-0.25,-197.20111625889496
0.0,-0.25,-148.64842399360745
0.0,-0.25,-163.60734044310377
0.0,-0.25,-170.4954503757132
0.0,-0.25,-179.85234158231273
0.0,-0.25,-181.27627204573284
0.0,-0.25,-142.96720352270947
0.0,-0.25,-181.05292618510884
0.0,-0.25,-190.578041329362
0.0,-0.25,-160.3481717154164
0.0,-0.25,-148.3933908694576
0.0,-0.25,-159.74229643479015
0.0,-0.25,-156.20286515691865
0.0,-0.25,-161.45643873817636
0.0,-0.25,-146.25404188973744
0.0,-0.25,-170.77636671628724
0.0,-0.25,-132.84635999719092
0.0,-0.25,-161.49868825567057
0.0,-0.25,-148.02251359860205
0.0,-0.25,-174.40328586293094
0.0,-0.25,-150.69276049938824
0.0,-0.25,-194.60342179747704
0.0,-0.25,-167.34334590662806
0.0,-0.25,-144.35400748782283
0.0,-0.25,-173.1457430682285
0.0,-0.25,-165.99825145778064
0.0,-0.25,-145.4462493564977
0.0,-0.25,-187.99257597185462
0.0,-0.25,-174.59930155471005
0.0,-0.25,-161.93960843044732
0.0,-0.25,-185.4483660675815
0.0,-0.25,-193.40082882493056
0.0,-0.25,-165.14176052150628
0.0,-0.25,-153.56384724426383
0.0,-0.25,-197.0703881404082
0.0,-0.25,-159.436401837615
0.0,-0.25,-164.89370143683445
0.0,-0.25,-172.94461603261948
0.0,-0.25,-153.37029131915025
0.0,-0.25,-156.96378242991855
0.0,-0.25,-186.73163444210786
0.0,-0.25,-167.0241696891304
0.0,-0.25,-141.64086751819616
0.0,-0.25,-138.9096087006429
0.0,-0.25,-191.26494787771367
0.0,-0.25,-168.93511189531648
0.0,-0.25,-150.66394560002524
0.0,-0.25,-159.2163913897856
0.0,-0.25,-169.12212625082694
0.0,-0.25,-177.60309063215803
0.0,-0.25,-169.61930728929127
0.0,-0.25,-192.1697333733282
0.0,-0.25,-175.08729867004587
0.0,-0.25,-143.72091276774646
0.0,-0.25,-180.3709518966439
0.0,-0.25,-178.29264716976158
0.0,-0.25,-182.0693456065866
0.0,-0.25,-158.66482774566572
0.0,-0.25,-162.53918999782914
0.0,-0.25,-186.0747286458002
0.0,-0.25,-176.74470855074853
0.0,-0.25,-148.3967195690027
0.0,-0.25,-140.60016261735487
0.0,-0.25,-148.97459268088207
0.0,-0.25,-141.11163425764695
0.0,-0.25,-175.11939664880214
0.0,-0.25,-178.42901460808497
0.0,-0.25,-161.51428526986282
0.0,-0.25,-165.3087490249893
0.0,-0.25,-150.58104269142152
0.0,-0.25,-162.5142610777216
0.0,-0.25,-148.26273805581113
0.0,-0.25,-168.59045292174164
0.0,-0.25,-161.73814204871553
0.0,-0.25,-179.3938530782093
0.0,-0.25,-161.19079672069316
0.0,-0.25,-150.40257756176914
0.0,-0.25,-144.56320064963194
0.0,-0.25,-161.6716226565852
0.0,-0.25,-169.20871094846242
0.0,-0.25,-187.0969281052323
0.0,-0.25,-150.30714705343593
0.0,-0.25,-176.63300407612815
0.0,-0.25,-185.08197922258952
0.0,-0.25,-171.13583529055242
0.0,-0.25,-167.4447908861903
0.0,-0.25,-153.14944255265488
0.0,-0.25,-160.871231449785
0.0,-0.25,-183.93694672224137
0.0,-0.25,-164.32231819060036
0.0,-0.25,-168.6060529778371
0.0,-0.25,-183.78896367814014
0.0,-0.25,-162.24016253325598
0.0,-0.25,-139.22695105092677
0.0,-0.25,-152.52945475900773
0.0,-0.25,-145.45153591631225
0.0,-0.25,-182.53785418358152
0.0,-0.25,-134.5693746960896
0.0,-0.25,-151.27076942274667
0.0,-0.25,-166.78988439806287
0.0,-0.25,-162.16885975005437
0.0,-0.25,-149.92216844971375
0.0,-0.25,-155.28596708073894
0.0,-0.25,-167.67767455651685
0.0,-0.25,-171.0691035751238
0.0,-0.25,-166.73604789213906
0.0,-0.25,-150.2936804647023
0.0,-0.25,-170.46225206853848
0.0,-0.25,-152.41154905866367
0.0,-0.25,-148.4706430814305
0.0,-0.25,-166.54354441679888
0.0,-0.25,-165.63345132334248
0.0,-0.25,-161.60216196952558
0.0,-0.25,-158.2351607700114
0.0,-0.25,-140.8743127901217
0.0,-0.25,-133.41034931706707
0.0,-0.25,-196.66283749906498
0.0,-0.25,-143.15705150825855
0.0,-0.25,-161.46752819955762
0.0,-0.25,-175.10205564022786
0.0,-0.25,-165.43162572366757
0.0,-0.25,-162.98719635462578
0.0,-0.25,-169.86649490100874
0.0,-0.25,-128.32700304091497
0.0,-0.25,-159.58806185447028
0.0,-0.25,-142.80836196274564
0.0,-0.25,-151.5056128941066
0.0,-0.25,-158.85315145647616
0.0,-0.25,-152.95151461108867
0.0,-0.25,-165.53194500786944
0.0,-0.25,-198.18973000846944
0.0,-0.25,-156.59581594680378
0.0,-0.25,-173.50599329076198
0.0,-0.25,-178.48655824918825
0.0,-0.25,-158.02792874904392
0.0,-0.25,-144.29586039105965
0.0,-0.25,-161.31565644570486
0.0,-0.25,-148.64127198693532
0.0,-0.25,-179.22474439536248
0.0,-0.25,-171.7982510121535
0.0,-0.25,-167.02928626935403
0.0,-0.25,-170.2994065257069
0.0,-0.25,-170.9724830808028
0.0,-0.25,-178.06248203651936
0.0,-0.25,-169.94333914907958
0.0,-0.25,-135.27401536137597
0.0,-0.25,-186.25085496123057
0.0,-0.25,-173.32484796107192
0.0,-0.25,-181.07947400809698
0.0,-0.25,-151.99631526265182
0.0,-0.25,-142.27780476867636
0.0,-0.25,-192.92965148236627
0.0,-0.25,-174.1442648140308
0.0,-0.25,-157.8315430405866
0.0,-0.25,-183.94624709394049
0.0,-0.25,-160.19313183223005
0.0,-0.25,-166.14640607993613
0.0,-0.25,-163.33407218576966
0.0,-0.25,-164.4797069704754
0.0,-0.25,-174.9787789072444
0.0,-0.25,-149.3566526017077
0.0,-0.25,-141.82893580862623
0.0,-0.25,-169.68278824450027
0.0,-0.25,-143.36390746328223
0.0,-0.25,-151.02982467423305
0.0,-0.25,-186.72225115158537
0.0,-0.25,-176.14681019975208
0.0,-0.25,-167.22073593738068
0.0,-0.25,-165.85619630529123
0.0,-0.25,-178.86625975180357
0.0,-0.25,-189.81907482062613
0.0,-0.25,-161.30902354402323
0.0,-0.25,-169.37234529663056
0.0,-0.25,-192.4110287574353
0.0,-0.25,-173.41761868050548
0.0,-0.25,-163.448533652066
0.0,-0.25,-129.35486257857474
0.0,-0.25,-156.21161774610047
0.0,-0.25,-165.1505094176655
0.0,-0.25,-190.9371092550481
0.0,-0.25,-181.78811765107088
0.0,-0.25,-156.0633335896451
0.0,-0.25,-170.33102744010634
0.0,-0.25,-164.9138877012412
0.0,-0.25,-185.84349251054422
0.0,-0.25,-170.35304994058615
0.0,-0.25,-129.00835649120108
0.0,-0.25,-178.01763541523758
0.0,-0.25,-153.11779749234896
0.0,-0.25,-132.48937430161558
0.0,-0.25,-156.9574822486888
0.0,-0.25,-159.2392720111719
0.0,-0.25,-155.51412948169457
0.0,-0.25,-138.58622956634989
0.0,-0.25,-136.36991974585908
0.0,-0.25,-174.1489290189708
0.0,-0.25,-185.43737091252342
0.0,-0.25,-177.45990108514448
0.0,-0.25,-170.0455457048855
0.0,-0.25,-174.3366318388071
0.0,-0.25,-194.1598464987234
0.0,-0.25,-189.6003046189231
0.0,-0.25,-158.9058732533049
0.0,-0.25,-190.0915825864467
0.0,-0.25,-162.99267754297114
0.0,-0.25,-159.46219136442258
0.0,-0.25,-138.51153514240116
0.0,-0.25,-184.38899976611629
0.0,-0.25,-153.05771907428178
0.0,-0.25,-172.52163278658733
0.0,-0.25,-153.07131504172696
0.0,-0.25,-153.1765055326356
0.0,-0.25,-157.90974500789738
0.0,-0.25,-182.42517156029228
0.0,-0.25,-161.1757512996406
0.0,-0.25,-155.75781057101403
0.0,-0.25,-158.7017007195598
0.0,-0.25,-155.4947085307409
0.0,-0.25,-146.77412124507273
0.0,-0.25,-142.08331475987234
0.0,-0.25,-158.34763254545373
0.0,-0.25,-192.16494969965987
0.0,-0.25,-178.7698643717339
0.0,-0.25,-158.17816299227135
0.0,-0.25,-144.4092543932593
0.0,-0.25,-180.36757928855974
0.0,-0.25,-174.72499680180732
0.0,-0.25,-171.41151494544158
0.0,-0.25,-145.4517647086315
0.0,-0.25,-175.6547233352919
0.0,-0.25,-167.513943039011
0.0,-0.25,-192.24617765198371
0.0,-0.25,-135.27101527765439
0.0,-0.25,-151.0604540076371
0.0,-0.25,-138.26128992237332
0.0,-0.25,-164.44743381151727
0.0,-0.25,-154.6265713351171
0.0,-0.25,-160.3952246564928
0.0,-0.25,-161.89706716070478
0.0,-0.25,-133.38516733047067
0.0,-0.25,-178.04527208674006
0.0,-0.25,-157.7579290896823
0.0,-0.25,-182.49144960942226
0.0,-0.25,-146.02454417827917
0.0,-0.25,-167.36951049304378
0.0,-0.25,-163.99407595536184
0.0,-0.25,-144.76408895896395
0.0,-0.25,-132.12225806652648
0.0,-0.25,-187.8631686047642
0.0,-0.25,-189.4546692224725
0.0,-0.25,-175.02629565908725
0.0,-0.25,-135.12701913729333
0.0,-0.25,-157.157842680017
0.0,-0.25,-128.30300341325812
0.0,-0.25,-185.879857944814
0.0,-0.25,-168.94897785181533
0.0,-0.25,-191.9243655090409
0.0,-0.25,-196.74483245009742
0.0,-0.25,-122.26165271239522
0.0,-0.25,-125.90488460571825
0.0,-0.25,-165.94500600639319
0.0,-0.25,-158.4970948327433
0.0,-0.25,-174.59701070294005
0.0,-0.25,-166.78101631209978
0.0,-0.25,-181.42788190507574
0.0,-0.25,-163.79471449705667
0.0,-0.25,-169.8608695098864
0.0,-0.25,-158.68169706512572
0.0,-0.25,-148.3269087796943
0.0,-0.25,-159.82051918802333
0.0,-0.25,-151.26616036090442
0.0,-0.25,-135.9879627076042
0.0,-0.25,-130.78708365716926
0.0,-0.25,-170.08451086952152
0.0,-0.25,-180.80334750617794
0.0,-0.25,-159.56480003661818
0.0,-0.25,-148.7983938301661
0.0,-0.25,-165.606579488016
0.0,-0.25,-152.0626413579101
0.0,-0.25,-138.52725192602134
0.0,-0.25,-164.92257479462364
0.0,-0.25,-180.75980581582874
0.0,-0.25,-160.87970249986455
0.0,-0.25,-153.59450691344125
0.0,-0.25,-131.8397224712171
0.0,-0.25,-141.5591847830769
0.0,-0.25,-156.32265672905498
0.0,-0.25,-167.98441965133765
0.0,-0.25,-168.1453348487891
0.0,-0.25,-135.45753757050005
0.0,-0.25,-183.24568284237913
0.0,-0.25,-151.36879808113304
0.0,-0.25,-186.53911511980925
0.0,-0.25,-139.42709602698525
0.0,-0.25,-159.66680523916878
0.0,-0.25,-180.18659497370197
0.0,-0.25,-190.97676022034506
0.0,-0.25,-164.85447605310745
0.0,-0.25,-144.66136951923795
0.0,-0.25,-181.47142997946992
0.0,-0.25,-152.48026019078569
0.0,-0.25,-151.58042015318193
0.0,-0.25,-174.62381567681254
0.0,-0.25,-155.2520673899053
0.0,-0.25,-150.54747701799147
0.0,-0.25,-135.21383642675167
0.0,-0.25,-169.4267076255752
0.0,-0.25,-158.2866560794022
0.0,-0.25,-181.68723817558592
0.0,-0.25,-162.70592194186145
0.0,-0.25,-174.4047501412209
0.0,-0.25,-166.92720108469493
0.0,-0.25,-153.1075773638988
0.0,-0.25,-168.27685103648523
0.0,-0.25,-181.59637555368354
0.0,-0.25,-143.01155139396943
0.0,-0.25,-164.61034239147483
0.0,-0.25,-140.83823452649236
0.0,-0.25,-189.7773583960471
0.0,-0.25,-174.57720815022
0.0,-0.25,-149.44655703106477
0.0,-0.25,-146.90711994616862
0.0,-0.25,-174.45107955400044
0.0,-0.25,-173.80735229854218
0.0,-0.25,-171.3650916238278
0.0,-0.25,-153.92898823168733
0.0,-0.25,-180.02729034412485
0.0,-0.25,-164.13873502710925
0.0,-0.25,-151.67068232711426
0.0,-0.25,-176.283321084166
0.0,-0.25,-175.3452100976706
0.0,-0.25,-146.6029003262409
0.0,-0.25,-131.74647493103947
0.0,-0.25,-170.57315617653035
0.0,-0.25,-152.0270995616792
0.0,-0.25,-132.67144717801116
0.0,-0.25,-188.33762165256732
0.0,-0.25,-158.97396403458757
0.0,-0.25,-161.47151891281138
0.0,-0.25,-154.43248757172685
0.0,-0.25,-171.69753747250593
0.0,-0.25,-194.54543176236467
0.0,-0.25,-172.08293619792425
0.0,-0.25,-162.70561170664504
0.0,-0.25,-151.85985372634488
0.0,-0.25,-158.69477899959787
0.0,-0.25,-159.94395450136926
0.0,-0.25,-169.0085532985809
0.0,-0.25,-184.04685979341116
0.0,-0.25,-147.27797210718052
0.0,-0.25,-166.94173197654757
0.0,-0.25,-159.05725223517663
0.0,-0.25,-154.2034512096282
0.0,-0.25,-198.40573366566227
0.0,-0.25,-150.56966496612597
0.0,-0.25,-178.53923465541172
0.0,-0.25,-199.36988729504384
0.0,-0.25,-160.9208749979066
0.0,-0.25,-183.43010029898042
0.0,-0.25,-147.24330817656227
0.0,-0.25,-194.10212762417012
0.0,-0.25,-182.6582330151008
0.0,-0.25,-151.36475723852783
0.0,-0.25,-157.33859066868843
0.0,-0.25,-166.0836549927152
0.0,-0.25,-157.33654400739127
0.0,-0.25,-190.47227141666195
0.0,-0.25,-177.6387457882425
0.0,-0.25,-160.65203161099652
0.0,-0.25,-178.47142104984837
0.0,-0.25,-158.5422458032828
0.0,-0.25,-158.11499818403763
0.0,-0.25,-142.5651586082759
0.0,-0.25,-166.7742343072455
0.0,-0.25,-189.21649517987427
0.0,-0.25,-152.18031502079964
0.0,-0.25,-165.23051014306705
0.0,-0.25,-160.2236107161271
0.0,-0.25,-169.6817693681061
0.0,-0.25,-169.87567550745032
0.0,-0.25,-193.22325877843406
0.0,-0.25,-170.7854600144402
0.0,-0.25,-173.52862779844435
0.0,-0.25,-151.16743183691355
0.0,-0.25,-161.5038290651536
0.0,-0.25,-194.467785122198
0.0,-0.25,-152.34190340285033
0.0,-0.25,-154.7468308678071
0.0,-0.25,-168.31864258381583
0.0,-0.25,-167.0046175032912
0.0,-0.25,-171.63970784770993
0.0,-0.25,-189.09545913201492
0.0,-0.25,-155.4540854080073
0.0,-0.25,-172.84081532730903
0.0,-0.25,-147.9086155336602
0.0,-0.25,-173.97991069133408
0.0,-0.25,-181.7230349349461
0.0,-0.25,-164.8551561153405
0.0,-0.25,-164.09470757744148
0.0,-0.25,-162.5992239355094
0.0,-0.25,-154.86107893231426
0.0,-0.25,-153.12602367533498
0.0,-0.25,-142.73836429267138
0.0,-0.25,-162.4689548577408
0.0,-0.25,-168.84893257962048
0.0,-0.25,-169.07735781342672
0.0,-0.25,-137.49061064630976
0.0,-0.25,-172.7803858739717
0.0,-0.25,-142.86006704791248
0.0,-0.25,-165.84961164930354
0.0,-0.25,-139.98115840308603
0.0,-0.25,-178.77721779189025
0.0,-0.25,-145.0311670958451
0.0,-0.25,-174.62755560707672
0.0,-0.25,-138.48563080879217
0.0,-0.25,-199.76061584651617
0.0,-0.25,-146.7752104260424
0.0,-0.25,-154.09428497175273
0.0,-0.25,-157.24060137770869
0.0,-0.25,-164.3231574776427
0.0,-0.25,-185.58393943487118
0.0,-0.25,-169.72438555463395
0.0,-0.25,-171.83848403891798
0.0,-0.25,-177.38410389083583
0.0,-0.25,-167.41271008990907
0.0,-0.25,-144.33545272766312
0.0,-0.25,-167.46780822750097
0.0,-0.25,-191.2230701418879
0.0,-0.25,-152.6163494878155
0.0,-0.25,-148.18061082482936
0.0,-0.25,-157.11880383769932
0.0,-0.25,-163.913840382055
0.0,-0.25,-134.82933063852198
0.0,-0.25,-136.89424185059522
0.0,-0.25,-146.075054046584
0.0,-0.25,-177.94187558408987
0.0,-0.25,-184.71769747516396
0.0,-0.25,-155.7722014607822
0.0,-0.25,-154.0250163312359
0.0,-0.25,-154.8786667119966
0.0,-0.25,-156.78704681759638
0.0,-0.25,-141.70064487661753
0.0,-0.25,-160.575055624921
0.0,-0.25,-167.1415996524552
0.0,-0.25,-154.35068078975834
0.0,-0.25,-157.77991059130352
0.0,-0.25,-182.79989859452309
0.0,-0.25,-173.39953246294203
0.0,-0.25,-153.94213405933823
0.0,-0.25,-158.15215161332833
0.0,-0.25,-158.2261817866188
0.0,-0.25,-155.44460473712624
0.0,-0.25,-156.1005514828423
0.0,-0.25,-154.01886066229162
0.0,-0.25,-178.59471827302946
0.0,-0.25,-132.75588398985178
0.0,-0.25,-164.41736090515204
0.0,-0.25,-133.54134657787074
0.0,-0.25,-166.94197130498677
0.0,-0.25,-162.88150470903255
0.0,-0.25,-176.39869356197758
0.0,-0.25,-159.85391447124755
0.0,-0.25,-169.16763607660923
0.0,-0.25,-159.97964475150343
0.0,-0.25,-143.545838091369
0.0,-0.25,-154.3944045575198
0.0,-0.25,-146.96201472913125
0.0,-0.25,-148.88074987635989
0.0,-0.25,-169.73666018458357
0.0,-0.25,-150.03561481031755
0.0,-0.25,-159.4082258039839
0.0,-0.25,-150.45048640216808
0.0,-0.25,-159.654688219104
0.0,-0.25,-164.9812672965592
0.0,-0.25,-163.33427452047061
0.0,-0.25,-139.4321292676223
0.0,-0.25,-169.38889329441713
0.0,-0.25,-159.55216002767406
0.0,-0.25,-147.6846493844746
0.0,-0.25,-180.76981819935628
0.0,-0.25,-157.51961355021828
0.0,-0.25,-143.9148874996839
0.0,-0.25,-164.79834427479463
0.0,-0.25,-180.45449713794616
0.0,-0.25,-160.01145150581655
0.0,-0.25,-165.5891820535402
0.0,-0.25,-192.25782293986168
0.0,-0.25,-153.20346549464
0.0,-0.25,-159.40977427865425
0.0,-0.25,-187.5506453619243
0.0,-0.25,-167.50836868373398
0.0,-0.25,-155.9039791023151
0.0,-0.25,-131.57984731066395
0.0,-0.25,-171.2797543187698
0.0,-0.25,-174.79843817186222
0.0,-0.25,-156.1701088127896
0.0,-0.25,-144.06124049887802
0.0,-0.25,-157.29936436313307
0.0,-0.25,-172.74690169607868
0.0,-0.25,-186.81799104608714
0.0,-0.25,-171.36855211363988
0.0,-0.25,-145.4141108078043
0.0,-0.25,-170.96661018768464
0.0,-0.25,-132.59761800263544
0.0,-0.25,-155.2869980796063
0.0,-0.25,-178.44867193278375
0.0,-0.25,-138.98377035957057
0.0,-0.25,-187.9320840417019
0.0,-0.25,-157.9313555518847
0.0,-0.25,-178.6076515376305
0.0,-0.25,-167.87128549395732
0.0,-0.25,-195.58249956260724
0.0,-0.25,-171.93938057773912
0.0,-0.25,-165.35800108059854
0.0,-0.25,-160.0859752342748
0.0,-0.25,-187.11072541797787
0.0,-0.25,-168.86263126475288
0.0,-0.25,-169.37088386165618
0.0,-0.25,-164.40393985994788
0.0,-0.25,-156.85975605777833
0.0,-0.25,-136.8479393380587
0.0,-0.25,-159.08271836168217
0.0,-0.25,-138.00282195706035
0.0,-0.25,-158.0522562634039
0.0,-0.25,-126.25173204920684
0.0,-0.25,-133.93060879484818
0.0,-0.25,-156.0044375909159
0.0,-0.25,-164.1972391510626
0.0,-0.25,-161.05510015311378
0.0,-0.25,-159.22784552031726
0.0,-0.25,-159.21518687144123
0.0,-0.25,-153.72882908648947
0.0,-0.25,-171.94403536770844
0.0,-0.25,-164.67608060642863
0.0,-0.25,-172.59986098759464
0.0,-0.25,-140.1967479235403
0.0,-0.25,-170.9227057425247
0.0,-0.25,-141.25220644085775
0.0,-0.25,-151.56374252260346
0.0,-0.25,-163.35223700581903
0.0,-0.25,-158.73836995655103
0.0,-0.25,-156.02027344085639
0.0,-0.25,-178.92281817654708
0.0,-0.25,-151.35209029666663
0.0,-0.25,-168.8860351098457
0.0,-0.25,-190.4717018539273
0.0,-0.25,-153.83801686535716
0.0,-0.25,-142.18845105771746
0.0,-0.25,-167.05165958251877
0.0,-0.25,-161.85935762663445
0.0,-0.25,-167.3442811579129
0.0,-0.25,-170.29605118010537
0.0,-0.25,-184.49476861812548
0.0,-0.25,-161.47598815369517
0.0,-0.25,-164.50392224261915
0.0,-0.25,-158.5647983724779
0.0,-0.25,-171.44549476174106
0.0,-0.25,-170.99009692719173
0.0,-0.25,-162.90888818948773
0.0,-0.25,-147.30723216300981
0.0,-0.25,-152.86793005081958
0.0,-0.25,-171.33092180216244
0.0,-0.25,-163.44674430292426
0.0,-0.25,-160.17060804369868
0.0,-0.25,-161.09685147443284
0.0,-0.25,-149.50667313316492
0.0,-0.25,-148.5040034924975
0.0,-0.25,-182.82110020401905
0.0,-0.25,-157.20475106944056
0.0,-0.25,-165.78056332639892
0.0,-0.25,-155.0723228950908
0.0,-0.25,-151.49827678502893
0.0,-0.25,-168.62018074697627
0.0,-0.25,-171.65327618437396
0.0,-0.25,-164.2418780164038
0.0,-0.25,-164.89788323728982
0.0,-0.25,-183.84426984255836
0.0,-0.25,-164.73375547920767
0.0,-0.25,-185.28022644184148
0.0,-0.25,-180.11958463626408
0.0,-0.25,-139.44321444635247
0.0,-0.25,-136.84219468254005
0.0,-0.25,-178.91327713886042
0.0,-0.25,-177.83972690003324
0.0,-0.25,-138.4117482862699
0.0,-0.25,-167.95573291070846
0.0,-0.25,-165.09780539680432
0.0,-0.25,-164.13191448740622
0.0,-0.25,-154.0395942829451
0.0,-0.25,-174.8494276123757
0.0,-0.25,-131.74275448074164
0.0,-0.25,-148.7370548635324
0.0,-0.25,-156.3607217691403
0.0,-0.25,-160.82004109383928
0.0,-0.25,-151.38933349590636
0.0,-0.25,-140.12572804378473
0.0,-0.25,-160.95395759519502
0.0,-0.25,-157.54198692803138
0.0,-0.25,-162.42536426313802
0.0,-0.25,-168.19637983773626
0.0,-0.25,-173.0867322915806
0.0,-0.25,-161.3581375796532
0.0,-0.25,-134.46766077196605
0.0,-0.25,-179.10539389432736
0.0,-0.25,-156.9036353912299
0.0,-0.25,-132.20095644423867
0.0,-0.25,-163.0037032931966
0.0,-0.25,-151.9779624231622
0.0,-0.25,-149.81388630801413
0.0,-0.25,-171.13418871512945
0.0,-0.25,-152.5203185393698
0.0,-0.25,-158.73660207485347
0.0,-0.25,-158.75920114540816
0.0,-0.25,-165.72896373176982
0.0,-0.25,-154.55523746602654
0.0,-0.25,-148.9947511069821
0.0,-0.25,-150.6216543213452
0.0,-0.25,-151.7314486363991
0.0,-0.25,-153.2038358418836
0.0,-0.25,-163.79879614284127
0.0,-0.25,-179.6573191339404
0.0,-0.25,-191.5777608495603
0.0,-0.25,-148.66292396534328
0.0,-0.25,-154.5965373675306
0.0,-0.25,-177.11900754237203
0.0,-0.25,-181.16486683808063
0.0,-0.25,-149.15342380386207
0.0,-0.25,-184.52232615527097
0.0,-0.25,-139.65663173910818
0.0,-0.25,-165.28540026692752
0.0,-0.25,-140.9578303229358
0.0,-0.25,-139.57206148239024
0.0,-0.25,-166.96615309749728
0.0,-0.25,-180.67356390777368
0.0,-0.25,-143.13550976825758
0.0,-0.25,-172.14226559417824
0.0,-0.25,-163.56438538718456
0.0,-0.25,-147.35717178765913
0.0,-0.25,-155.06752390287366
0.0,-0.25,-168.13380083019103
0.0,-0.25,-168.31286875692865
0.0,-0.25,-179.18878925213554
0.0,-0.25,-175.01414187440685
0.0,-0.25,-170.36193399579543
0.0,-0.25,-152.6162880073258
0.0,-0.25,-153.60025907182174
0.0,-0.25,-153.13707839556486
0.0,-0.25,-167.2805601814116
0.0,-0.25,-167.8660532041957
0.0,-0.25,-179.93560298032813
0.0,-0.25,-155.9461106713358
0.0,-0.25,-164.87111788375242
0.0,-0.25,-186.47857201016882
0.0,-0.25,-166.15386649269203
0.0,-0.25,-173.7749219875079
0.0,-0.25,-132.83199338586348
0.0,-0.25,-135.55134974279986
0.0,-0.25,-156.7777336454764
0.0,-0.25,-144.03792792789943
0.0,-0.25,-197.5863145391659
0.0,-0.25,-171.0717169240613
0.0,-0.25,-175.64005090679407
0.0,-0.25,-180.00494481390413
0.0,-0.25,-185.05416920571827
0.0,-0.25,-167.25734739639458
0.0,-0.25,-138.27308999041622
0.0,-0.25,-159.51525046497423
0.0,-0.25,-146.1698247290821
0.0,-0.25,-187.15619074659924
0.0,-0.25,-161.5349795918992
0.0,-0.25,-134.83190940789393
0.0,-0.25,-158.03464398327102
0.0,-0.25,-163.05472227797227
0.0,-0.25,-155.48652442545458
0.0,-0.25,-140.83483309044297
0.0,-0.25,-149.09555316864433
0.0,-0.25,-147.5129615312806
0.0,-0.25,-167.65772307324494
0.0,-0.25,-149.62507444608158
0.0,-0.25,-184.47135952820412
0.0,-0.25,-150.99570949394646
0.0,-0.25,-171.62821561084726
0.0,-0.25,-189.5733813503956
0.0,-0.25,-177.7642981323354
0.0,-0.25,-164.83290046140806
0.0,-0.25,-168.57978997526146
0.0,-0.25,-157.15078090390844
0.0,-0.25,-146.34402301440497
0.0,-0.25,-136.43829402201203
0.0,-0.25,-140.55668846847857
0.0,-0.25,-143.82874666326558
0.0,-0.25,-166.830716868381
0.0,-0.25,-180.85058519396134
0.0,-0.25,-184.6801506910553
0.0,-0.25,-178.22686801511395
0.0,-0.25,-188.6435659047084
0.0,-0.25,-163.98417232283444
0.0,-0.25,-140.43138626276428
0.0,-0.25,-160.7986560028498
0.0,-0.25,-147.31829305185678
0.0,-0.25,-140.84178986766338
0.0,-0.25,-158.2475864019142
0.0,-0.25,-155.07237217019994
0.0,-0.25,-154.95039852186414
0.0,-0.25,-166.92211961817645
0.0,-0.25,-186.52392325795006
0.0,-0.25,-159.74458474216053
0.0,-0.25,-174.82344855815666
0.0,-0.25,-184.1540272984775
0.0,-0.25,-165.6037861736385
0.0,-0.25,-133.02498397286837
0.0,-0.25,-157.8120292303995
0.0,-0.25,-160.64589461399825
0.0,-0.25,-173.9641099001532
0.0,-0.25,-175.75589361128692
0.0,-0.25,-154.2649070390225
0.0,-0.25,-131.92105352929997
0.0,-0.25,-155.4627184800628
0.0,-0.25,-165.00755875572406
0.0,-0.25,-163.70792136082136
0.0,-0.25,-174.4637546403959
0.0,-0.25,-167.0007595785056
0.0,-0.25,-160.57075804156696
0.0,-0.25,-140.75978950699763
0.0,-0.25,-157.0621908238518
0.0,-0.25,-164.82779254471873
0.0,-0.25,-160.11438171203113
0.0,-0.25,-170.4672853838952
0.0,-0.25,-186.27985248710473
0.0,-0.25,-163.6510680681073
0.0,-0.25,-138.26412744538723
0.0,-0.25,-159.33125146748375
0.0,-0.25,-150.73190961501572
0.0,-0.25,-162.32502302599323
0.0,-0.25,-145.79694340485173
0.0,-0.25,-167.16312508883712
0.0,-0.25,-179.6584743547212
0.0,-0.25,-172.1958249818907
0.0,-0.25,-159.1407843982957
0.0,-0.25,-150.7804783061219
0.0,-0.25,-173.52348151988522
0.0,-0.25,-162.0839431665917
0.0,-0.25,-176.08324976730228
0.0,-0.25,-185.77394660350072
0.0,-0.25,-158.95265401998788
0.0,-0.25,-165.37281504271962
0.0,-0.25,-150.73877336987204
0.0,-0.25,-146.85937965400464
0.0,-0.25,-158.26072251954332
0.0,-0.25,-150.31328558444218
0.0,-0.25,-196.82248280481667
0.0,-0.25,-154.9310304459669
0.0,-0.25,-141.5679681696303
0.0,-0.25,-176.57162793645557
0.0,-0.25,-179.09735805737574
0.0,-0.25,-129.11372420576788
0.0,-0.25,-165.98045162453002
0.0,-0.25,-171.03553096956009
0.0,-0.25,-194.67175962969986
0.0,-0.25,-169.0637130655881
0.0,-0.25,-186.4353411662253
0.0,-0.25,-154.05488286736366
0.0,-0.25,-149.37628867474368
0.0,-0.25,-143.81824592983722
0.0,-0.25,-166.39737978456932
0.0,-0.25,-166.71509372645633
0.0,-0.25,-187.9304594019142
0.0,-0.25,-174.25948491888184
0.0,-0.25,-165.63043892728737
0.0,-0.25,-142.49962842369854
0.0,-0.25,-189.7910805222406
0.0,-0.25,-146.00001196607207
0.0,-0.25,-194.32543625100786
0.0,-0.25,-170.6484982943334
0.0,-0.25,-153.3231515356511
0.0,-0.25,-153.51165893344674
0.0,-0.25,-181.74447504576256
0.0,-0.25,-179.7218890871159
0.0,-0.25,-141.28140375843017
0.0,-0.25,-141.51037512034847
0.0,-0.25,-191.19784382883327
0.0,-0.25,-165.08610152988888
0.0,-0.25,-154.00914285918498
0.0,-0.25,-162.67581139032558
0.0,-0.25,-156.39539023537276
0.0,-0.25,-184.87672316121353
0.0,-0.25,-172.00184764228683
0.0,-0.25,-171.03854544041272
0.0,-0.25,-136.45994487368853
0.0,-0.25,-180.88442525634312
0.0,-0.25,-153.95871405574928
0.0,-0.25,-168.04289050093055
0.0,-0.25,-183.63279471707824
0.0,-0.25,-163.87833847536385
0.0,-0.25,-166.3011971285495
0.0,-0.25,-171.05157730365175
0.0,-0.25,-155.02952597815673
0.0,-0.25,-171.93293553280827
0.0,-0.25,-162.3065534100977
0.0,-0.25,-148.21056935868702
0.0,-0.25,-169.35587728998763
0.0,-0.25,-139.44295607131951
0.0,-0.25,-183.5594246276725
0.0,-0.25,-157.46590217443148
0.0,-0.25,-152.4346984284695
0.0,-0.25,-165.7068544715663
0.0,-0.25,-138.62210765982283
0.0,-0.25,-140.4475080889309
0.0,-0.25,-143.78485554683976
0.0,-0.25,-170.97199389934676
0.0,-0.25,-173.18014669703223
0.0,-0.25,-187.33064894270473
0.0,-0.25,-178.20208761480563
0.0,-0.25,-166.91476242996072
0.0,-0.25,-180.44675308034735
0.0,-0.25,-163.12020607417463
0.0,-0.25,-177.23713642752273
0.0,-0.25,-149.01435433025074
0.0,-0.25,-174.92560904240162
0.0,-0.25,-159.81411704074844
0.0,-0.25,-176.99374523352068
0.0,-0.25,-183.05032428043486
0.0,-0.25,-159.43944885093498
0.0,-0.25,-168.58446264891228
0.0,-0.25,-175.4094195397964
0.0,-0.25,-148.87774407171227
0.0,-0.25,-164.95218281434873
0.0,-0.25,-186.42482900160903
0.0,-0.25,-148.48674711360823
0.0,-0.25,-160.88589076102508
0.0,-0.25,-157.9081036634181
0.0,-0.25,-139.74806531927723
0.0,-0.25,-151.30493560873418
0.0,-0.25,-175.46223647911788
0.0,-0.25,-151.72194093753527
0.0,-0.25,-167.9102660186197
0.0,-0.25,-183.4568877699292
0.0,-0.25,-167.20326404722698
0.0,-0.25,-168.5885893179125
0.0,-0.25,-137.2526724595123
0.0,-0.25,-192.30549462398054
0.0,-0.25,-164.4303073165339
0.0,-0.25,-159.88926227712244
0.0,-0.25,-157.30767931470217
0.0,-0.25,-199.79155504291586
0.0,-0.25,-177.23754365224343
0.0,-0.25,-144.73391547634566
0.0,-0.25,-163.7319221783551
0.0,-0.25,-156.4734069660196
0.0,-0.25,-162.4823594692292
0.0,-0.25,-160.06104879586232
0.0,-0.25,-181.39163719375807
0.0,-0.25,-187.48305436664256
0.0,-0.25,-160.66858147110338
0.0,-0.25,-169.70158180658487
0.0,-0.25,-150.62820064607266
0.0,-0.25,-160.29093222647887
0.0,-0.25,-162.27707936226338
0.0,-0.25,-166.81079358194242
0.0,-0.25,-172.215448839563
0.0,-0.25,-191.35332160735393
0.0,-0.25,-159.38343599404803
0.0,-0.25,-164.2398919652945
0.0,-0.25,-166.9751921010801
0.0,-0.25,-185.31212316803655
0.0,-0.25,-189.10665041127774
0.0,-0.25,-172.65916041048527
0.0,-0.25,-185.80477568462376
0.0,-0.25,-162.89446876398287
0.0,-0.25,-149.8497984088191
0.0,-0.25,-147.0956410157848
0.0,-0.25,-177.53683861144896
0.0,-0.25,-180.01623799026885
0.0,-0.25,-167.21231005881586
0.0,-0.25,-178.54491550810243
0.0,-0.25,-186.92657102457883
0.0,-0.25,-156.11958705681008
0.0,-0.25,-174.0219499258967
0.0,-0.25,-147.5807478115606
0.0,-0.25,-153.9025669051378
0.0,-0.25,-156.3312389532224
0.0,-0.25,-168.89882511506698
0.0,-0.25,-170.0675825697759
0.0,-0.25,-146.66345908896363
0.0,-0.25,-195.5930479522959
0.0,-0.25,-180.9630027217494
0.0,-0.25,-153.43006070024393
0.0,-0.25,-150.2770848867637
0.0,-0.25,-163.88603054082725
0.0,-0.25,-180.60310400737575
0.0,-0.25,-157.58769219547906
0.0,-0.25,-169.46752963662558
0.0,-0.25,-149.22810065721274
0.0,-0.25,-158.84303975487373
0.0,-0.25,-166.12074932101274
0.0,-0.25,-163.21658865837017
0.0,-0.25,-148.322874051564
0.0,-0.25,-187.8140141351777
0.0,-0.25,-167.42880164364377
0.0,-0.25,-156.7282794425514
0.0,-0.25,-166.746309336499
0.0,-0.25,-151.45880177703356
0.0,-0.25,-144.82622329074533
0.0,-0.25,-146.99422377021847
0.0,-0.25,-155.35465063245616
0.0,-0.25,-176.13504971327822
0.0,-0.25,-182.05778914604315
0.0,-0.25,-154.42211203564725
0.0,-0.25,-165.39029503343593
0.0,-0.25,-156.48536388078116
0.0,-0.25,-159.55305635188517
0.0,-0.25,-146.98638395096918
0.0,-0.25,-160.52848721147967
0.0,-0.25,-141.2105349115927
0.0,-0.25,-191.07670098671616
0.0,-0.25,-132.17331342130393
0.0,-0.25,-171.55336599278044
0.0,-0.25,-144.5253932043272
0.0,-0.25,-175.55540172044485
0.0,-0.25,-176.65622461486396
0.0,-0.25,-169.51926051658896
0.0,-0.25,-178.50853989924067
0.0,-0.25,-164.82572485384318
0.0,-0.25,-148.80243235787123
0.0,-0.25,-178.39526813522934
0.0,-0.25,-185.84092232461418
0.0,-0.25,-189.38457487888402
0.0,-0.25,-151.99318945416618
0.0,-0.25,-149.17021058999453
0.0,-0.25,-159.13239434153732
0.0,-0.25,-167.29532333381422
0.0,-0.25,-189.21833681751073
0.0,-0.25,-173.58533146015688
0.0,-0.25,-156.2839828663447
0.0,-0.25,-161.59701158981525
0.0,-0.25,-148.88030455892257
0.0,-0.25,-139.4838704801832
0.0,-0.25,-178.3326342142151
0.0,-0.25,-162.2444434132971
0.0,-0.25,-172.94871731694025
0.0,-0.25,-169.06168254987554
0.0,-0.25,-166.12295872581103
0.0,-0.25,-186.17376957576923
0.0,-0.25,-156.21842650223522
0.0,-0.25,-184.08927358648788
0.0,-0.25,-162.04897611244544
0.0,-0.25,-157.800804331245
0.0,-0.25,-154.49549831063212
0.0,-0.25,-175.005239695384
0.0,-0.25,-142.54431275669228
0.0,-0.25,-176.53555633580785
0.0,-0.25,-149.39302524205664
0.0,-0.25,-150.55219149056572
0.0,-0.25,-178.94481632778178
0.0,-0.25,-171.27059561509054
0.0,-0.25,-161.75243377502522
0.0,-0.25,-180.815067041906
0.0,-0.25,-159.42421085972944
0.0,-0.25,-161.71770979548566
0.0,-0.25,-167.85971735342542
0.0,-0.25,-148.50207118373854
0.0,-0.25,-150.65004548422704
0.0,-0.25,-156.0195802468686
0.0,-0.25,-150.0322609665362
0.0,-0.25,-170.8490157718434
0.0,-0.25,-140.75312727215768
0.0,-0.25,-173.62392617256697
0.0,-0.25,-143.4512204811891
0.0,-0.25,-176.29842600637812
0.0,-0.25,-137.9228796865144
0.0,-0.25,-158.60725760035544
0.0,-0.25,-175.62911669043052
0.0,-0.25,-156.51131429392828
0.0,-0.25,-149.1765065708637
0.0,-0.25,-177.65237064451105
0.0,-0.25,-131.37266818514303
0.0,-0.25,-154.6780965614054
0.0,-0.25,-170.2430890579979
0.0,-0.25,-175.58928690947724
0.0,-0.25,-168.01544911428766
0.0,-0.25,-152.34645217329654
0.0,-0.25,-190.5311942404606
0.0,-0.25,-165.227969967343
0.0,-0.25,-195.84134764395725
0.0,-0.25,-158.53712733681695
0.0,-0.25,-164.4014961562718
0.0,-0.25,-174.6189381638737
0.0,-0.25,-168.2993749367589
0.0,-0.25,-155.6966031261127
0.0,-0.25,-134.12455198394292
0.0,-0.25,-165.95908302746724
0.0,-0.25,-172.63207244554076
0.0,-0.25,-149.4764993833391
0.0,-0.25,-195.1321344398294
0.0,-0.25,-154.57393534222066
0.0,-0.25,-162.32217705412154
0.0,-0.25,-158.6086495653661
0.0,-0.25,-173.3624188858158
0.0,-0.25,-157.58779125985177
0.0,-0.25,-154.17685082331857
0.0,-0.25,-156.78937602809248
0.0,-0.25,-184.5014008461579
0.0,-0.25,-162.55891902918688
0.0,-0.25,-169.0276590470106
0.0,-0.25,-161.29017783223318
0.0,-0.25,-181.60935814102342
0.0,-0.25,-153.87641579716188
0.0,-0.25,-146.21146093032698
0.0,-0.25,-186.41190460339297
0.0,-0.25,-158.60624079196413
0.0,-0.25,-180.47430812751566
0.0,-0.25,-176.94878403744846
0.0,-0.25,-155.0091120012709
0.0,-0.25,-175.89203539371587
0.0,-0.25,-154.01395390434857
0.0,-0.25,-147.6257033069727
0.0,-0.25,-142.23935728726514
0.0,-0.25,-130.22357845472635
0.0,-0.25,-169.10319380701375
0.0,-0.25,-185.7916244218052
0.0,-0.25,-158.10999869569451
0.0,-0.25,-142.35752728401278
0.0,-0.25,-164.35377250378406
0.0,-0.25,-157.63407167119772
0.0,-0.25,-169.96864563098916
0.0,-0.25,-161.52552409714818
0.0,-0.25,-160.25835566114915
0.0,-0.25,-159.1747904515365
0.0,-0.25,-161.72772747431762
0.0,-0.25,-151.75420890703754
0.0,-0.25,-167.18930203192892
0.0,-0.25,-182.03153943068492
0.0,-0.25,-179.2788767133999
0.0,-0.25,-137.33147453739366
0.0,-0.25,-158.8322663171602
0.0,-0.25,-186.7701591091126
0.0,-0.25,-167.49857339158405
0.0,-0.25,-181.5653906088216
0.0,-0.25,-169.49604226404207
0.0,-0.25,-177.17431786758155
0.0,-0.25,-165.76389937788153
0.0,-0.25,-156.48940441263846
0.0,-0.25,-183.31879170407024
0.0,-0.25,-178.21608807957531
0.0,-0.25,-191.41680767198278
0.0,-0.25,-165.1656118365525
0.0,-0.25,-179.220641090869
0.0,-0.25,-158.66408082464338
0.0,-0.25,-176.11624773276256
0.0,-0.25,-177.57054274600014
0.0,-0.25,-183.41952753534682
0.0,-0.25,-174.91671416036698
0.0,-0.25,-184.27736388389502
0.0,-0.25,-153.41459046943623
0.0,-0.25,-157.32460519927514
0.0,-0.25,-124.08382250224392
0.0,-0.25,-166.17895204134774
0.0,-0.25,-170.8042136287869
0.0,-0.25,-197.7051902551009
0.0,-0.25,-174.37007850777988
0.0,-0.25,-170.7514666768821
0.0,-0.25,-158.74453190809396
0.0,-0.25,-147.0653101253098
0.0,-0.25,-156.43213026386277
0.0,-0.25,-162.1331231762504
0.0,-0.25,-143.36748668585005
0.0,-0.25,-175.09499682594526
0.0,-0.25,-170.75381934421293
0.0,-0.25,-146.15563969892133
0.0,-0.25,-169.82419106654322
0.0,-0.25,-162.9911908204126
0.0,-0.25,-143.39156441040643
0.0,-0.25,-165.7751309908122
0.0,-0.25,-154.79003069110493
0.0,-0.25,-186.9051610511811
0.0,-0.25,-143.5023973125338
0.0,-0.25,-160.43790416325018
0.0,-0.25,-141.37291654192697
0.0,-0.25,-146.38641335207268
0.0,-0.25,-164.1570326001071
0.0,-0.25,-147.05916866947436
0.0,-0.25,-137.18037675681418
0.0,-0.25,-149.65826461513836
0.0,-0.25,-170.91506625414317
0.0,-0.25,-177.489492243187
0.0,-0.25,-172.87449121405686
0.0,-0.25,-152.12584031620517
0.0,-0.25,-154.40014223026523
0.0,-0.25,-190.96025347371992
0.0,-0.25,-169.7497922560188
0.0,-0.25,-147.00584943123076
0.0,-0.25,-152.8675457712125
0.0,-0.25,-176.54502958335692
0.0,-0.25,-174.74609712848485
0.0,-0.25,-157.9357044120967
0.0,-0.25,-147.2609320088149
0.0,-0.25,-176.10144766850814
0.0,-0.25,-159.5641253752727
0.0,-0.25,-186.46510509680226
0.0,-0.25,-153.13339604808903
0.0,-0.25,-178.98368485237285
0.0,-0.25,-163.1049152690174
0.0,-0.25,-155.2406112834756
0.0,-0.25,-150.6365992486387
0.0,-0.25,-166.50417440457457
0.0,-0.25,-142.3100170648234
0.0,-0.25,-165.1920396784652
0.0,-0.25,-168.9455097945842
0.0,-0.25,-173.11006541035908
0.0,-0.25,-169.48355043017563
0.0,-0.25,-153.5107892955227
0.0,-0.25,-182.81097051025782
0.0,-0.25,-173.57993532655834
0.0,-0.25,-165.56076445801455
0.0,-0.25,-178.7863061620048
0.0,-0.25,-156.87261679147977
0.0,-0.25,-175.48140500335896
0.0,-0.25,-182.97599888663194
0.0,-0.25,-185.20271965786026
0.0,-0.25,-151.92365653878298
0.0,-0.25,-156.32595204853502
0.0,-0.25,-155.05007404421744
0.0,-0.25,-162.3425896026278
0.0,-0.25,-144.86926766732824
0.0,-0.25,-155.54895525170753
0.0,-0.25,-172.33518748668624
0.0,-0.25,-167.55009229342735
0.0,-0.25,-139.7355966303675
0.0,-0.25,-162.97931392577817
0.0,-0.25,-144.6718247563763
0.0,-0.25,-156.59946747164923
0.0,-0.25,-145.54414809321165
0.0,-0.25,-174.41407329750893
0.0,-0.25,-173.32996004830093
0.0,-0.25,-154.2851954711699
0.0,-0.25,-139.58889091913338
0.0,-0.25,-133.73641401795066
0.0,-0.25,-155.06825815097903
0.0,-0.25,-198.81262439090602
0.0,-0.25,-152.00569993554186
0.0,-0.25,-156.9222404528058
0.0,-0.25,-157.2132207567345
0.0,-0.25,-167.52229574866308
0.0,-0.25,-187.7990981843443
0.0,-0.25,-182.68170807008377
0.0,-0.25,-163.2307174669803
0.0,-0.25,-158.40996781679124
0.0,-0.25,-169.05734125907782
0.0,-0.25,-182.6159715601305
0.0,-0.25,-166.69968893875665
0.0,-0.25,-129.87781036573872
0.0,-0.25,-177.35983352113522
0.0,-0.25,-150.1913734276853
0.0,-0.25,-194.12949687402556
0.0,-0.25,-182.17475155491863
0.0,-0.25,-139.14609274533532
0.0,-0.25,-168.67355073999963
0.0,-0.25,-172.01882783736167
0.0,-0.25,-147.54359941925776
0.0,-0.25,-163.05269654127437
0.0,-0.25,-127.95425550799887
0.0,-0.25,-163.98427801593624
0.0,-0.25,-180.43761001617352
0.0,-0.25,-155.48654346015752
0.0,-0.25,-163.63599095060928
0.0,-0.25,-150.40058879104205
0.0,-0.25,-178.08789103141126
0.0,-0.25,-135.58397148614918
0.0,-0.25,-163.0633351456272
0.0,-0.25,-151.12759850067522
0.0,-0.25,-141.42608821884144
0.0,-0.25,-163.72344565433477
0.0,-0.25,-176.6683599693961
0.0,-0.25,-146.42824820813027
0.0,-0.25,-165.73634989367542
0.0,-0.25,-182.9466651476202
0.0,-0.25,-181.49968503326835
0.0,-0.25,-171.31577790696105
0.0,-0.25,-176.573556275768
0.0,-0.25,-161.79648661455647
0.0,-0.25,-143.33290798792552
0.0,-0.25,-176.09229801967152
0.0,-0.25,-167.06202800197332
0.0,-0.25,-184.93942405359144
0.0,-0.25,-140.24880022957174
0.0,-0.25,-182.2719215756171
0.0,-0.25,-128.64627834176343
0.0,-0.25,-164.19593417803142
0.0,-0.25,-161.72823309298963
0.0,-0.25,-198.32382244663063
0.0,-0.25,-151.45504653250464
0.0,-0.25,-151.64247841426996
0.0,-0.25,-151.18296653978598
0.0,-0.25,-165.1158075421914
0.0,-0.25,-149.5800377066754
0.0,-0.25,-156.53790108504944
0.0,-0.25,-143.04251358079748
0.0,-0.25,-170.39235377722932
0.0,-0.25,-174.45015621609198
0.0,-0.25,-187.31047477375517
0.0,-0.25,-158.8658116130629
0.0,-0.25,-168.27910407981207
0.0,-0.25,-186.37851986033493
0.0,-0.25,-164.9027693853538
0.0,-0.25,-145.29130542175605
0.0,-0.25,-184.3562176989381
0.0,-0.25,-168.1914091506708
0.0,-0.25,-179.87107652221582
0.0,-0.25,-162.61759766163868
0.0,-0.25,-167.40440754661617
0.0,-0.25,-158.53287934173864
0.0,-0.25,-173.64014527923814
0.0,-0.25,-185.70003542026487
0.0,-0.25,-152.31446997868738
0.0,-0.25,-143.22289379918666
0.0,-0.25,-193.2601901776215
0.0,-0.25,-163.76692943410234
0.0,-0.25,-154.03363763334002
0.0,-0.25,-164.66699454148076
0.0,-0.25,-153.42265235369328
0.0,-0.25,-197.26098474060592
0.0,-0.25,-165.6854274177505
0.0,-0.25,-180.17783729971825
0.0,-0.25,-130.1280638574126
0.0,-0.25,-165.3702839361913
0.0,-0.25,-173.2323197340903
0.0,-0.25,-143.85191361552262
0.0,-0.25,-183.86860760714228
0.0,-0.25,-157.0658061719724
0.0,-0.25,-150.3154381213316
0.0,-0.25,-163.27491169525808
0.0,-0.25,-160.4313809947798
0.0,-0.25,-154.23340278245223
0.0,-0.25,-174.09135911053298
0.0,-0.25,-144.94130026024936
0.0,-0.25,-168.6368575624975
0.0,-0.25,-152.49494681387864
0.0,-0.25,-170.63320311894591
0.0,-0.25,-172.24936355226234
0.0,-0.25,-185.011250276395
0.0,-0.25,-166.49070281845047
0.0,-0.25,-171.98976536117127
0.0,-0.25,-134.52444897989784
0.0,-0.25,-166.07538204549527
0.0,-0.25,-170.8557700172252
0.0,-0.25,-153.67509832192098
0.0,-0.25,-161.66359622568106
0.0,-0.25,-169.53545933498117
0.0,-0.25,-166.55968662637036
0.0,-0.25,-128.12539880774398
0.0,-0.25,-162.1373249550121
0.0,-0.25,-164.443594563031
0.0,-0.25,-172.90474798925254
0.0,-0.25,-166.219748503232
0.0,-0.25,-148.5030619325481
0.0,-0.25,-154.56056271739703
0.0,-0.25,-172.39381345917394
0.0,-0.25,-150.20425976978134
0.0,-0.25,-171.73191881525108
0.0,-0.25,-166.10455806061785
0.0,-0.25,-166.4447660958842
0.0,-0.25,-166.0520222093513
0.0,-0.25,-159.94414890040014
0.0,-0.25,-175.24204755197178
0.0,-0.25,-152.2108481979407
0.0,-0.25,-178.34248765773316
0.0,-0.25,-136.90941336213186
0.0,-0.25,-163.16255932971129
0.0,-0.25,-196.28755009050187
0.0,-0.25,-162.33114422923578
0.0,-0.25,-183.33146522623684
0.0,-0.25,-164.08630491284205
0.0,-0.25,-173.037027640868
0.0,-0.25,-159.01983921716817
0.0,-0.25,-140.63643076083875
0.0,-0.25,-149.8810643858024
0.0,-0.25,-139.87994865208364
0.0,-0.25,-145.03071302455277
0.0,-0.25,-155.13834918985387
0.0,-0.25,-192.31458002094593
0.0,-0.25,-166.7449807776651
0.0,-0.25,-159.51944190546936
0.0,-0.25,-155.41193726705237
0.0,-0.25,-149.81245724267663
0.0,-0.25,-149.2772560138351
0.0,-0.25,-149.65666070035826
0.0,-0.25,-191.40194554132034
0.0,-0.25,-163.44284406075914
0.0,-0.25,-177.29275391421606
0.0,-0.25,-165.16807098394676
0.0,-0.25,-162.39891926656765
0.0,-0.25,-164.2593818012505
0.0,-0.25,-179.5219160298276
0.0,-0.25,-159.30943903083488
0.0,-0.25,-194.9523212806509
0.0,-0.25,-152.79380372354308
0.0,-0.25,-154.3020948140228
0.0,-0.25,-157.75408754738265
0.0,-0.25,-179.17112110471518
0.0,-0.25,-140.9599415393555
0.0,-0.25,-196.25741633921334
0.0,-0.25,-191.52127090688467
0.0,-0.25,-170.2306824489595
0.0,-0.25,-167.89985135201167
0.0,-0.25,-155.34559828267737
0.0,-0.25,-136.49093174130553
0.0,-0.25,-187.62123774011422
0.0,-0.25,-189.57677977314557
0.0,-0.25,-140.496920957806
0.0,-0.25,-172.04402616548344
0.0,-0.25,-183.81124124791515
0.0,-0.25,-138.0836064033358
0.0,-0.25,-156.5539688535606
0.0,-0.25,-147.31335442585436
0.0,-0.25,-198.77535240794253
0.0,-0.25,-164.4558349657405
0.0,-0.25,-148.86023538592866
0.0,-0.25,-161.66707116032967
0.0,-0.25,-143.7313331475203
0.0,-0.25,-160.35135856584301
0.0,-0.25,-173.7332958607309
0.0,-0.25,-147.58016092576355
0.0,-0.25,-184.64016190387457
0.0,-0.25,-145.78469222638128
0.0,-0.25,-168.38947060417436
0.0,-0.25,-150.345493593363
0.0,-0.25,-169.94920535725905
0.0,-0.25,-163.85565910031394
0.0,-0.25,-181.14743066629006
0.0,-0.25,-161.81311791025547
0.0,-0.25,-155.4988082176657
0.0,-0.25,-165.74541084361738
0.0,-0.25,-186.7589584753784
0.0,-0.25,-167.56609442180473
0.0,-0.25,-158.21632462020602
0.0,-0.25,-174.0366915179251
0.0,-0.25,-170.61911262384635
0.0,-0.25,-163.9518361296751
0.0,-0.25,-160.45780959161655
0.0,-0.25,-161.64182829377563
0.0,-0.25,-149.64938944353656
0.0,-0.25,-186.72296379555357
0.0,-0.25,-164.65760708337578
0.0,-0.25,-180.11047381029005
0.0,-0.25,-128.87219706255456
0.0,-0.25,-177.44234219474419
0.0,-0.25,-139.49560700190236
0.0,-0.25,-165.52887367407175
0.0,-0.25,-172.1930402552671
0.0,-0.25,-159.70544344895393
0.0,-0.25,-189.9933473633929
0.0,-0.25,-171.52021564022226
0.0,-0.25,-161.75013566137687
0.0,-0.25,-183.11304733524443
0.0,-0.25,-145.52104461125197
0.0,-0.25,-171.28964932325707
0.0,-0.25,-174.28933392727225
0.0,-0.25,-179.92037246491688
0.0,-0.25,-158.62616240892652
0.0,-0.25,-149.01902745998015
0.0,-0.25,-146.59513911454818
0.0,-0.25,-185.6904630583671
0.0,-0.25,-174.9936840986904
0.0,-0.25,-147.10674377640365
0.0,-0.25,-155.72248066913912
0.0,-0.25,-194.88037184761654
0.0,-0.25,-140.6878398244196
0.0,-0.25,-144.90293044448563
0.0,-0.25,-126.86400056504677
0.0,-0.25,-168.34750609218793
0.0,-0.25,-152.6808748245502
0.0,-0.25,-158.8388627668588
0.0,-0.25,-174.8626390469893
0.0,-0.25,-156.38374995832243
0.0,-0.25,-177.41790407984652
0.0,-0.25,-159.63632792046047
0.0,-0.25,-154.05621760539296
0.0,-0.25,-149.369089034703
0.0,-0.25,-172.17972789297514
0.0,-0.25,-136.24210273541658
0.0,-0.25,-156.3644693893246
0.0,-0.25,-186.391968004417
0.0,-0.25,-172.19322793480413
0.0,-0.25,-172.4054794319087
0.0,-0.25,-160.3482600339626
0.0,-0.25,-155.4453680742162
0.0,-0.25,-161.34481146816228
0.0,-0.25,-136.2205618529037
0.0,-0.25,-154.03014149476675
0.0,-0.25,-163.7937136797682
0.0,-0.25,-143.20355309384541
0.0,-0.25,-157.0088405417968
0.0,-0.25,-156.2243097152109
0.0,-0.25,-167.9391105479177
0.0,-0.25,-172.61791821057773
0.0,-0.25,-168.29749755227354
0.0,-0.25,-172.32682455095474
0.0,-0.25,-146.3115508822649
0.0,-0.25,-140.64663511608035
0.0,-0.25,-129.3396089557765
0.0,-0.25,-167.62969168339131
0.0,-0.25,-156.33997499989965
0.0,-0.25,-171.85924776459936
0.0,-0.25,-169.68497917482753
0.0,-0.25,-157.43104191157684
0.0,-0.25,-198.55934069934486
0.0,-0.25,-172.0087747186679
0.0,-0.25,-194.08039525091397
0.0,-0.25,-182.68024246988332
0.0,-0.25,-176.02473345130076
0.0,-0.25,-142.4624726605541
0.0,-0.25,-143.14867149569048
0.0,-0.25,-163.61173343952146
0.0,-0.25,-175.25683330204123
0.0,-0.25,-139.6473240775031
0.0,-0.25,-177.38768073650263
0.0,-0.25,-148.1966738612266
0.0,-0.25,-148.114332440899
0.0,-0.25,-157.6516396545628
0.0,-0.25,-156.21703845055092
0.0,-0.25,-170.38954568987094
0.0,-0.25,-136.36759281843635
0.0,-0.25,-181.25898114291925
0.0,-0.25,-177.71784975907977
0.0,-0.25,-168.26464110604581
0.0,-0.25,-186.40347851598375
0.0,-0.25,-167.31632786741153
0.0,-0.25,-166.35039934324163
0.0,-0.25,-138.64405028683413
0.0,-0.25,-168.3034886623338
0.0,-0.25,-160.86244185614066
0.0,-0.25,-149.6431064493902
0.0,-0.25,-156.08494399728198
0.0,-0.25,-166.02431686301244
0.0,-0.25,-146.59280394383
0.0,-0.25,-150.1426770276282
0.0,-0.25,-158.10380422011818
0.0,-0.25,-190.89924434279027
0.0,-0.25,-163.78321786685203
0.0,-0.25,-153.85470815160642
0.0,-0.25,-172.00618811984913
0.0,-0.25,-181.99181973620793
0.0,-0.25,-129.06107690759993
0.0,-0.25,-162.87449262035986
0.0,-0.25,-145.63595945730245
0.0,-0.25,-193.09988526717947
0.0,-0.25,-177.47434456021594
0.0,-0.25,-184.95332975523152
0.0,-0.25,-136.75656088181432
0.0,-0.25,-152.6298730938075
0.0,-0.25,-179.67736950618814
0.0,-0.25,-136.08962715772466
0.0,-0.25,-196.73302070260414
0.0,-0.25,-189.10339545319093
0.0,-0.25,-163.3782655208327
0.0,-0.25,-182.49229914142052
0.0,-0.25,-160.77459987859046
0.0,-0.25,-138.33765007754258
0.0,-0.25,-180.2059343672054
0.0,-0.25,-149.5857355284795
0.0,-0.25,-197.19398035890907
0.0,-0.25,-155.81265418741282
0.0,-0.25,-166.48417693803614
0.0,-0.25,-173.49949633683195
0.0,-0.25,-161.9228071074664
0.0,-0.25,-188.83145294030837
0.0,-0.25,-172.12517233048436
0.0,-0.25,-142.17215318799956
0.0,-0.25,-158.01876480190805
0.0,-0.25,-172.15786555913644
0.0,-0.25,-171.98578975262265
0.0,-0.25,-182.38991618974643
0.0,-0.25,-156.17206840554502
0.0,-0.25,-177.46904359654982
0.0,-0.25,-148.38049667055424
0.0,-0.25,-180.85778825876662
0.0,-0.25,-187.22701477471597
0.0,-0.25,-151.6829015829992
0.0,-0.25,-149.15364911576472
0.0,-0.25,-188.60684493840816
0.0,-0.25,-162.25372327093976
0.0,-0.25,-153.4788548637875
0.0,-0.25,-150.1600667360298
0.0,-0.25,-190.130701071273
0.0,-0.25,-181.14105792718777
0.0,-0.25,-172.57156444006085
0.0,-0.25,-139.90813007431075
0.0,-0.25,-164.2160171152708
0.0,-0.25,-139.94248865546186
0.0,-0.25,-143.11479687927007
0.0,-0.25,-160.22490865679183
0.0,-0.25,-180.04971422469387
0.0,-0.25,-131.0760369547611
0.0,-0.25,-175.52037788904715
0.0,-0.25,-163.43485590869852
0.0,-0.25,-175.2445017706727
0.0,-0.25,-131.45235722583516
0.0,-0.25,-179.8803485160786
0.0,-0.25,-135.19468560020238
0.0,-0.25,-149.82387191040112
0.0,-0.25,-157.54952502794328
0.0,-0.25,-179.30523823578605
0.0,-0.25,-167.8537695417937
0.0,-0.25,-181.73010182701626
0.0,-0.25,-166.28611491747137
0.0,-0.25,-161.3874577463955
0.0,-0.25,-160.04567548596614
0.0,-0.25,-161.7737061463705
0.0,-0.25,-162.5608130375384
0.0,-0.25,-176.28750972817065
0.0,-0.25,-174.2871384710081
0.0,-0.25,-171.50905138699534
0.0,-0.25,-185.90268497982396
0.0,-0.25,-191.26250095764865
0.0,-0.25,-168.8875102989794
0.0,-0.25,-140.9144605968293
0.0,-0.25,-169.84693560994933
0.0,-0.25,-133.2563398554388
0.0,-0.25,-147.15420573436904
0.0,-0.25,-151.22668715544637
0.0,-0.25,-159.32799917514973
0.0,-0.25,-165.93696931321423
0.0,-0.25,-133.97578513153348
0.0,-0.25,-145.17939344068677
0.0,-0.25,-140.10931268748016
0.0,-0.25,-150.86414136674426
0.0,-0.25,-169.83374185599962
0.0,-0.25,-149.3271934077699
0.0,-0.25,-167.413239957531
0.0,-0.25,-166.03889283742092
0.0,-0.25,-139.82655864728193
0.0,-0.25,-182.78506157321553
0.0,-0.25,-194.76488385789838
0.0,-0.25,-152.25146831296234
0.0,-0.25,-163.9401945510962
0.0,-0.25,-161.3098914878786
0.0,-0.25,-160.06000608928096
0.0,-0.25,-166.3483919863349
0.0,-0.25,-184.90365893691532
0.0,-0.25,-193.45419487244652
0.0,-0.25,-179.3199467357098
0.0,-0.25,-145.70424495939372
0.0,-0.25,-153.04908380913588
0.0,-0.25,-142.6579632283761
0.0,-0.25,-154.38381129250055
0.0,-0.25,-188.19799856475314
0.0,-0.25,-158.6448047990558
0.0,-0.25,-152.6773373820399
0.0,-0.25,-140.66853310895002
0.0,-0.25,-163.16800990163472
0.0,-0.25,-167.41086488886992
0.0,-0.25,-180.1600242572692
0.0,-0.25,-165.14404707362667
0.0,-0.25,-159.5775906195743
0.0,-0.25,-158.31630492394666
0.0,-0.25,-168.06598296834062
0.0,-0.25,-175.558779004353
0.0,-0.25,-172.6929618234693
0.0,-0.25,-149.96073992364035
0.0,-0.25,-161.11827494210365
0.0,-0.25,-160.40879282341274
0.0,-0.25,-157.91429132309753
0.0,-0.25,-143.13843088560907
0.0,-0.25,-179.3815580058729
0.0,-0.25,-163.88538031920524
0.0,-0.25,-151.8349735387267
0.0,-0.25,-163.39580733254405
0.0,-0.25,-189.48194748905132
0.0,-0.25,-163.63276503137905
0.0,-0.25,-181.5675182340954
0.0,-0.25,-136.6009032727678
0.0,-0.25,-150.16459850312555
0.0,-0.25,-167.7116320225296
0.0,-0.25,-164.4360415195455
0.0,-0.25,-160.639325830203
0.0,-0.25,-172.36903398852073
0.0,-0.25,-150.40805814692553
0.0,-0.25,-165.21153988495465
0.0,-0.25,-162.80435948098622
0.0,-0.25,-182.20516967346134
0.0,-0.25,-182.54625511404106
0.0,-0.25,-164.74967212413438
0.0,-0.25,-160.31666619268506
0.0,-0.25,-160.62649609066636
0.0,-0.25,-172.53881304743027
0.0,-0.25,-144.52338136103845
0.0,-0.25,-155.86984882201278
0.0,-0.25,-157.14571847227126
0.0,-0.25,-167.7065595071662
0.0,-0.25,-158.72448497532284
0.0,-0.25,-149.240019593174
0.0,-0.25,-137.09245070688718
0.0,-0.25,-161.21531818737014
0.0,-0.25,-160.22540980810072
0.0,-0.25,-158.48007753428988
0.0,-0.25,-161.57296832677233
0.0,-0.25,-149.52370891377296
0.0,-0.25,-178.36281731254243
0.0,-0.25,-181.81285379911117
0.0,-0.25,-163.61493918195535
0.0,-0.25,-176.111700428729
0.0,-0.25,-171.41189684247632
0.0,-0.25,-168.45984227053142
0.0,-0.25,-176.43499930458066
0.0,-0.25,-190.40235831914094
0.0,-0.25,-170.87893413528116
0.0,-0.25,-170.61590677616866
0.0,-0.25,-149.5679157404049
0.0,-0.25,-179.73877468653907
0.0,-0.25,-166.5721590731834
0.0,-0.25,-164.46431821580165
0.0,-0.25,-138.95993544322172
0.0,-0.25,-188.82882902045338
0.0,-0.25,-133.81544552629572
0.0,-0.25,-152.58068821219578
0.0,-0.25,-177.1342039218642
0.0,-0.25,-158.26692223557538
0.0,-0.25,-143.6398650403015
0.0,-0.25,-145.8856014806642
0.0,-0.25,-162.01875514457296
0.0,-0.25,-146.18856073956866
0.0,-0.25,-145.52637599513784
0.0,-0.25,-186.50220868480514
0.0,-0.25,-135.3629619463279
0.0,-0.25,-171.6081536324383
0.0,-0.25,-146.71050586986135
0.0,-0.25,-162.50332947361463
0.0,-0.25,-132.91567492968275
0.0,-0.25,-148.3232903477852
0.0,-0.25,-178.7656054994801
0.0,-0.25,-164.6082590684889
0.0,-0.25,-150.73500688421103
0.0,-0.25,-146.34639676304548
0.0,-0.25,-165.35646618414125
0.0,-0.25,-157.42319140288313
0.0,-0.25,-177.75360968605057
0.0,-0.25,-146.66312806098315
0.0,-0.25,-158.88366245898052
0.0,-0.25,-177.03432352408734
0.0,-0.25,-166.3825206398008
0.0,-0.25,-150.48198829760872
0.0,-0.25,-157.4215252412036
0.0,-0.25,-134.4086622871388
0.0,-0.25,-170.99704959672448
0.0,-0.25,-173.00638551969436
0.0,-0.25,-135.01611556718626
0.0,-0.25,-150.0695083527673
0.0,-0.25,-139.96500521539738
0.0,-0.25,-174.0567078991534
0.0,-0.25,-157.41704469384734
0.0,-0.25,-139.8510564582371
0.0,-0.25,-187.17854795357158
0.0,-0.25,-143.7006309014972
0.0,-0.25,-155.22171580527302
0.0,-0.25,-152.9384797001981
0.0,-0.25,-144.71742194097234
0.0,-0.25,-182.45133085203628
0.0,-0.25,-149.76415764388446
0.0,-0.25,-181.7087865975801
0.0,-0.25,-144.98160462816844
0.0,-0.25,-158.38962797366503
0.0,-0.25,-142.14335814828337
0.0,-0.25,-169.48398445543563
0.0,-0.25,-181.412592959044
0.0,-0.25,-151.53169146575587
0.0,-0.25,-143.89206384497848
0.0,-0.25,-169.05342025062086
0.0,-0.25,-198.05351756364712
0.0,-0.25,-165.91098156010142
0.0,-0.25,-134.80487066624733
0.0,-0.25,-147.7891683067729
0.0,-0.25,-181.6366642033622
0.0,-0.25,-174.42571865566836
0.0,-0.25,-158.21643387705035
0.0,-0.25,-164.6462875464828
0.0,-0.25,-160.35981541339683
0.0,-0.25,-172.88956114890095
0.0,-0.25,-186.28736293316604
0.0,-0.25,-181.26461792085294
0.0,-0.25,-159.48913132788311
0.0,-0.25,-177.4727282709158
0.0,-0.25,-149.05152984433377
0.0,-0.25,-152.2155003410901
0.0,-0.25,-197.18631149202807
0.0,-0.25,-169.2320172771442
0.0,-0.25,-153.3908511458806
0.0,-0.25,-150.44678774469284
0.0,-0.25,-161.23318080703035
0.0,-0.25,-169.70359430300348
0.0,-0.25,-173.32747258174453
0.0,-0.25,-149.0376478415135
0.0,-0.25,-139.11833701980513
0.0,-0.25,-165.25900211487362
0.0,-0.25,-170.31205760141154
0.0,-0.25,-162.9528896380796
0.0,-0.25,-147.1264747521829
0.0,-0.25,-183.0806880610222
0.0,-0.25,-162.65032945674028
0.0,-0.25,-141.07596963759462
0.0,-0.25,-131.60756211877901
0.0,-0.25,-175.91406185302284
0.0,-0.25,-158.09298394510637
0.0,-0.25,-174.72628545325153
0.0,-0.25,-172.48442311357397
0.0,-0.25,-132.23025307597925
0.0,-0.25,-149.2386873695873
0.0,-0.25,-136.61546179137662
0.0,-0.25,-171.00925571443435
0.0,-0.25,-171.09888564583022
0.0,-0.25,-165.1017048193911
0.0,-0.25,-169.93595040786482
0.0,-0.25,-157.8765144594118
0.0,-0.25,-185.71527738417893
0.0,-0.25,-135.58664427469986
0.0,-0.25,-159.84223120041153
0.0,-0.25,-168.43231375953934
0.0,-0.25,-153.42387157572608
0.0,-0.25,-173.9324000762946
0.0,-0.25,-154.85952078505426
0.0,-0.25,-172.7116538989888
0.0,-0.25,-138.7618395919471
0.0,-0.25,-129.1739389423892
0.0,-0.25,-168.10186803978078
0.0,-0.25,-146.8335987707344
0.0,-0.25,-181.85597281338443
0.0,-0.25,-176.4646807791131
0.0,-0.25,-165.63170955268848
0.0,-0.25,-151.36128339944977
0.0,-0.25,-153.1281081877057
0.0,-0.25,-154.17937596701537
0.0,-0.25,-166.4378483949608
0.0,-0.25,-158.87183054557855
0.0,-0.25,-150.44886471586096
0.0,-0.25,-183.24482477802798
0.0,-0.25,-171.4552658128483
0.0,-0.25,-162.6074962164448
0.0,-0.25,-172.15645669415642
0.0,-0.25,-165.30504215801736
0.0,-0.25,-159.93411554219074
0.0,-0.25,-185.63557967682465
0.0,-0.25,-144.44857899050956
0.0,-0.25,-185.7094149385173
0.0,-0.25,-179.29163134072377
0.0,-0.25,-160.70475992213062
0.0,-0.25,-184.68221391578956
0.0,-0.25,-177.97618817108733
0.0,-0.25,-159.45255555812722
0.0,-0.25,-161.20878553206634
0.0,-0.25,-151.50710802559144
0.0,-0.25,-163.1668478665063
0.0,-0.25,-190.84521502888848
0.0,-0.25,-163.87296188636265
0.0,-0.25,-146.61012352666316
0.0,-0.25,-189.99901658982105
0.0,-0.25,-168.34936119324428
0.0,-0.25,-168.12446335852232
0.0,-0.25,-130.68667099898644
0.0,-0.25,-153.28936174976184
0.0,-0.25,-159.16011783920078
0.0,-0.25,-159.320795648397
0.0,-0.25,-128.06197035325656
0.0,-0.25,-155.20382108100728
0.0,-0.25,-175.54725115926718
0.0,-0.25,-190.59446660417308
0.0,-0.25,-154.9832643144487
0.0,-0.25,-170.80296042977275
0.0,-0.25,-168.69516568679407
0.0,-0.25,-174.6482212525111
0.0,-0.25,-144.985620047604
0.0,-0.25,-148.68496809300882
0.0,-0.25,-147.82496497120803
0.0,-0.25,-171.53670130988053
0.0,-0.25,-147.9025881533787
0.0,-0.25,-150.0734440111477
0.0,-0.25,-186.38225704881933
0.0,-0.25,-155.36022621516847
0.0,-0.25,-162.5788633672675
0.0,-0.25,-152.24543083127682
0.0,-0.25,-176.0468279097288
0.0,-0.25,-148.682335436894
0.0,-0.25,-162.90820464244774
0.0,-0.25,-177.7242994335341
0.0,-0.25,-163.6627060250906
0.0,-0.25,-166.2855953343875
0.0,-0.25,-163.014142543939
0.0,-0.25,-179.7813699952525
0.0,-0.25,-155.511663295374
0.0,-0.25,-138.01166888799656
0.0,-0.25,-159.30712129141617
0.0,-0.25,-183.96262404606745
0.0,-0.25,-156.94689979001035
0.0,-0.25,-188.9263136373959
0.0,-0.25,-174.2297680759198
0.0,-0.25,-172.45924881687125
0.0,-0.25,-169.2153580583093
0.0,-0.25,-177.42577720200745
0.0,-0.25,-147.44773224164274
0.0,-0.25,-170.01067407162154
0.0,-0.25,-181.15636941107437
0.0,-0.25,-172.9539692618221
0.0,-0.25,-150.84906152137776
0.0,-0.25,-158.14623705823115
0.0,-0.25,-156.87811104025823
0.0,-0.25,-134.1296440188412
0.0,-0.25,-149.15423054696933
0.0,-0.25,-128.05337400147536
0.0,-0.25,-179.01745582388247
0.0,-0.25,-139.18953735743543
0.0,-0.25,-161.85328803834233
0.0,-0.25,-159.00958663517952
0.0,-0.25,-149.09297827179515
0.0,-0.25,-154.828985632995
0.0,-0.25,-164.52492288001955
0.0,-0.25,-187.4441262283594
0.0,-0.25,-156.30757397480147
0.0,-0.25,-144.40698922357564
0.0,-0.25,-159.05227685461492
0.0,-0.25,-145.54241877714654
0.0,-0.25,-162.6074846310526
0.0,-0.25,-145.53651277304016
0.0,-0.25,-159.9631731424002
0.0,-0.25,-158.6489586729326
0.0,-0.25,-158.28643875051134
0.0,-0.25,-175.66142063205774
0.0,-0.25,-135.60551111068986
0.0,-0.25,-195.63767243558792
0.0,-0.25,-157.09221446373925
0.0,-0.25,-187.4414165695825
0.0,-0.25,-182.78251321667534
0.0,-0.25,-160.24905871695228
0.0,-0.25,-163.87910233318615
0.0,-0.25,-182.13965008697068
0.0,-0.25,-185.2281197773791
0.0,-0.25,-169.44066693026633
0.0,-0.25,-143.4447096481967
0.0,-0.25,-156.73421036593706
0.0,-0.25,-176.26225611611412
0.0,-0.25,-186.691870185936
0.0,-0.25,-155.56971505434544
0.0,-0.25,-199.3189039023886
0.0,-0.25,-166.5597800938964
0.0,-0.25,-175.2513071096186
0.0,-0.25,-172.89694562029356
0.0,-0.25,-152.24243923802194
0.0,-0.25,-158.6060771815517
0.0,-0.25,-150.4333386274402
0.0,-0.25,-158.33180114730163
0.0,-0.25,-158.8362082141688
0.0,-0.25,-173.39894872855217
0.0,-0.25,-174.17282284634706
0.0,-0.25,-187.61486347833133
0.0,-0.25,-162.7084853733425
0.0,-0.25,-159.77455232199873
0.0,-0.25,-153.57105654087107
0.0,-0.25,-160.50835536394408
0.0,-0.25,-141.53146554854
0.0,-0.25,-145.52023030713494
0.0,-0.25,-171.7898140759253
0.0,-0.25,-142.3149587200044
0.0,-0.25,-141.26524782289292
0.0,-0.25,-172.98795354226004
0.0,-0.25,-186.01833179036825
0.0,-0.25,-144.06172993590033
0.0,-0.25,-167.43959656023011
0.0,-0.25,-164.32946336218527
0.0,-0.25,-140.26409714588297
0.0,-0.25,-151.94979205648846
0.0,-0.25,-138.07302312194972
0.0,-0.25,-149.67868185417103
0.0,-0.25,-159.09555941642168
0.0,-0.25,-150.95379072727022
0.0,-0.25,-190.06814398751456
0.0,-0.25,-187.21722512157717
0.0,-0.25,-186.02030228513271
0.0,-0.25,-156.0164598111267
0.0,-0.25,-180.02466995900215
0.0,-0.25,-141.04062777836117
0.0,-0.25,-152.59853947972056
0.0,-0.25,-154.80973994771384
0.0,-0.25,-144.4334696483918
0.0,-0.25,-162.31655615186557
0.0,-0.25,-173.97511996688783
0.0,-0.25,-145.86799472446663
0.0,-0.25,-183.2580462729289
0.0,-0.25,-147.56389918669876
0.0,-0.25,-173.8182577359246
0.0,-0.25,-164.02477766659422
0.0,-0.25,-165.26765858291216
0.0,-0.25,-172.8236633616167
0.0,-0.25,-129.11225755741424
0.0,-0.25,-138.1796009516715
0.0,-0.25,-173.19939857487165
0.0,-0.25,-176.73778121222355
0.0,-0.25,-167.787122584595
0.0,-0.25,-155.7789551189736
0.0,-0.25,-189.929589670128
0.0,-0.25,-173.47683249735863
0.0,-0.25,-146.31813942438012
0.0,-0.25,-173.99700833936956
0.0,-0.25,-175.35764563778812
0.0,-0.25,-190.44884909865053
0.0,-0.25,-149.0413735541526
0.0,-0.25,-185.57899834116884
0.0,-0.25,-148.72817326525018
0.0,-0.25,-143.38180631348553
0.0,-0.25,-163.56338186017405
0.0,-0.25,-179.2514169776873
0.0,-0.25,-166.35800432933212
0.0,-0.25,-144.28514099081664
0.0,-0.25,-139.77644107982943
0.0,-0.25,-156.55177699752213
0.0,-0.25,-165.01725014122923
0.0,-0.25,-168.5317862545238
0.0,-0.25,-159.39748499858922
0.0,-0.25,-137.8309859067921
0.0,-0.25,-163.28614724002395
0.0,-0.25,-179.52943920924443
0.0,-0.25,-129.37032688012368
0.0,-0.25,-178.30219210710317
0.0,-0.25,-167.64715641019765
0.0,-0.25,-160.6478336153976
0.0,-0.25,-165.48410986438418
0.0,-0.25,-134.01955718975796
0.0,-0.25,-180.17097651606227
0.0,-0.25,-172.38823617105848
0.0,-0.25,-185.31330765360346
0.0,-0.25,-163.55333292016417
0.0,-0.25,-181.04869082867404
0.0,-0.25,-145.95319844687734
0.0,-0.25,-148.54015246442842
0.0,-0.25,-159.1495713420819
0.0,-0.25,-148.67203628396882
0.0,-0.25,-174.9997008588264
0.0,-0.25,-176.25474942554834
0.0,-0.25,-135.72607138464764
0.0,-0.25,-192.69011279690585
0.0,-0.25,-181.83929342395513
0.0,-0.25,-140.582183045118
0.0,-0.25,-141.87847574386254
0.0,-0.25,-153.6529351391748
0.0,-0.25,-136.2649413394991
0.0,-0.25,-148.84530939609363
0.0,-0.25,-137.69934789683074
0.0,-0.25,-160.68719877515946
0.0,-0.25,-195.38356489452366
0.0,-0.25,-176.7479980902157
0.0,-0.25,-165.79915981493366
0.0,-0.25,-137.19418284712233
0.0,-0.25,-173.4280540864571
0.0,-0.25,-196.91132050210138
0.0,-0.25,-159.0706903147698
0.0,-0.25,-151.68494307857884
0.0,-0.25,-136.2999798894152
0.0,-0.25,-162.7466245999553
0.0,-0.25,-155.07649726339025
0.0,-0.25,-181.89556265861293
0.0,-0.25,-174.75131932665818
0.0,-0.25,-187.31832979527707
0.0,-0.25,-139.76716663561513
0.0,-0.25,-187.58277211383273
0.0,-0.25,-147.07156147579317
0.0,-0.25,-159.0268140356394
0.0,-0.25,-168.79890530959545
0.0,-0.25,-169.33923364543762
0.0,-0.25,-136.22385434056338
0.0,-0.25,-147.18929406787427
0.0,-0.25,-149.30084114381992
0.0,-0.25,-160.9654858163684
0.0,-0.25,-158.2494791930578
0.0,-0.25,-173.38244594643962
0.0,-0.25,-178.9470081142937
0.0,-0.25,-159.73564346570183
0.0,-0.25,-156.10959119941342
0.0,-0.25,-138.98665257740103
0.0,-0.25,-151.97719103575162
0.0,-0.25,-156.80547970700906
0.0,-0.25,-154.1729556005779
0.0,-0.25,-147.3229852798539
0.0,-0.25,-162.82381890412086
0.0,-0.25,-165.6483547884572
0.0,-0.25,-183.513624445259
0.0,-0.25,-177.71618648305767
0.0,-0.25,-183.619819293222
0.0,-0.25,-155.23260017351336
0.0,-0.25,-164.11916155641114
0.0,-0.25,-173.36967222089706
0.0,-0.25,-183.694568164078
0.0,-0.25,-168.97346273462986
0.0,-0.25,-164.1844443158041
0.0,-0.25,-146.46263511645444
0.0,-0.25,-184.82557201273636
0.0,-0.25,-176.8126688033211
0.0,-0.25,-174.82549475841012
0.0,-0.25,-179.61344035821915
0.0,-0.25,-193.61587904705658
0.0,-0.25,-184.4903193800086
0.0,-0.25,-140.5279307469816
0.0,-0.25,-185.48565140124055
0.0,-0.25,-171.72341977022242
0.0,-0.25,-164.0257880391969
0.0,-0.25,-165.66959247164237
0.0,-0.25,-147.65283903999182
0.0,-0.25,-185.13602557038186
0.0,-0.25,-158.48003719237303
0.0,-0.25,-173.01609975380978
0.0,-0.25,-184.54469039160662
0.0,-0.25,-167.2499141421307
0.0,-0.25,-174.0536725471031
0.0,-0.25,-163.21029641473777
0.0,-0.25,-146.5737682432773
0.0,-0.25,-188.82182483044335
0.0,-0.25,-162.0719090048618
0.0,-0.25,-140.81573505343556
0.0,-0.25,-162.27798425580798
0.0,-0.25,-157.1971275711418
0.0,-0.25,-168.47926039222733
0.0,-0.25,-165.55517894651265
0.0,-0.25,-152.9725622363275
0.0,-0.25,-139.07907086609754
0.0,-0.25,-184.5793608994392
0.0,-0.25,-179.76486161723804
0.0,-0.25,-177.0186705797268
0.0,-0.25,-181.1038523629265
0.0,-0.25,-181.67219616456796
0.0,-0.25,-189.97896091768078
0.0,-0.25,-153.30653150656298
0.0,-0.25,-169.80641374423627
0.0,-0.25,-157.768694783486
0.0,-0.25,-179.79484529295885
0.0,-0.25,-135.2993850065958
0.0,-0.25,-162.49127357654874
0.0,-0.25,-144.90239046242345
0.0,-0.25,-184.13194897184403
0.0,-0.25,-190.6079866743913
0.0,-0.25,-181.83777770943038
0.0,-0.25,-174.571413266294
0.0,-0.25,-173.32607303322783
0.0,-0.25,-143.9328321176568
0.0,-0.25,-163.11801368513517
0.0,-0.25,-142.02311745200092
0.0,-0.25,-199.38392470684795
0.0,-0.25,-190.46585184162478
0.0,-0.25,-186.35582556062857
0.0,-0.25,-182.4431821692867
0.0,-0.25,-190.7557738122106
0.0,-0.25,-190.36946690078344
0.0,-0.25,-156.81197469313605
0.0,-0.25,-186.7497332279953
0.0,-0.25,-162.77647549503877
0.0,-0.25,-154.2844842400113
0.0,-0.25,-144.5658125826885
0.0,-0.25,-173.20680225767498
0.0,-0.25,-156.665231560962
0.0,-0.25,-163.76661666275226
0.0,-0.25,-174.99910101043852
0.0,-0.25,-188.67481121063634
0.0,-0.25,-155.2652821253205
0.0,-0.25,-149.85024182336375
0.0,-0.25,-147.49567351253023
0.0,-0.25,-159.57554251409883
0.0,-0.25,-141.83133571908255
0.0,-0.25,-160.9645124607274
0.0,-0.25,-145.9434684789254
0.0,-0.25,-147.45936930410906
0.0,-0.25,-156.4728572952893
0.0,-0.25,-158.39859218674528
0.0,-0.25,-147.10398574048523
0.0,-0.25,-167.2635775887365
0.0,-0.25,-141.99434546083674
0.0,-0.25,-151.53840852021023
0.0,-0.25,-159.054526901237
0.0,-0.25,-160.95096169770903
0.0,-0.25,-168.36544654850096
0.0,-0.25,-178.81198370062344
0.0,-0.25,-149.84203943538552
0.0,-0.25,-184.21780830378097
0.0,-0.25,-149.05357485313345
0.0,-0.25,-176.03864412675856
0.0,-0.25,-150.72221629315183
0.0,-0.25,-168.79240680012262
0.0,-0.25,-195.15063558719584
0.0,-0.25,-182.49627500223554
0.0,-0.25,-153.57479449077613
0.0,-0.25,-149.1472322700331
0.0,-0.25,-146.09019682585162
0.0,-0.25,-160.747047026467
0.0,-0.25,-166.85047154528047
0.0,-0.25,-168.55030018791317
0.0,-0.25,-156.4733873695296
0.0,-0.25,-184.14598825512363
0.0,-0.25,-154.47887316790576
0.0,-0.25,-156.33793439028375
0.0,-0.25,-145.45452370971262
0.0,-0.25,-171.10719149095377
0.0,-0.25,-160.555758465742
0.0,-0.25,-157.73113556542626
0.0,-0.25,-173.5323117456436
0.0,-0.25,-140.68556671526923
0.0,-0.25,-148.88567183419275
0.0,-0.25,-160.75788175356615
0.0,-0.25,-183.4662383364844
0.0,-0.25,-175.02509178711136
0.0,-0.25,-174.96505168252133
0.0,-0.25,-134.66363433224777
0.0,-0.25,-146.8395594015302
0.0,-0.25,-166.7021434258884
0.0,-0.25,-162.1547115857441
0.0,-0.25,-140.122660784388
0.0,-0.25,-179.30837650458452
0.0,-0.25,-164.98547099825478
0.0,-0.25,-189.6509028280961
0.0,-0.25,-132.19415252049026
0.0,-0.25,-168.27159564078383
0.0,-0.25,-153.31811855999848
0.0,-0.25,-153.72528195672803
0.0,-0.25,-167.20672241058182
0.0,-0.25,-149.07404969071274
0.0,-0.25,-157.994211808217
0.0,-0.25,-155.92312389888434
0.0,-0.25,-153.54508089227835
0.0,-0.25,-192.6890617312413
0.0,-0.25,-173.9453213259329
0.0,-0.25,-188.72874652827937
0.0,-0.25,-169.77305996693383
0.0,-0.25,-162.53922189349214
0.0,-0.25,-150.69317739704837
0.0,-0.25,-163.77062873885905
0.0,-0.25,-154.53711910859803
0.0,-0.25,-131.07122161181468
0.0,-0.25,-133.3600418600674
0.0,-0.25,-166.35352856853157
0.0,-0.25,-162.01285676059595
0.0,-0.25,-143.5717349253367
0.0,-0.25,-145.10919820410987
0.0,-0.25,-132.73392719089426
0.0,-0.25,-157.90788790190348
0.0,-0.25,-147.0406370627324
0.0,-0.25,-158.35197936967901
0.0,-0.25,-168.51597869311078
0.0,-0.25,-169.66046446986266
0.0,-0.25,-196.35792022502437
0.0,-0.25,-186.4558406849292
0.0,-0.25,-173.5250665869351
0.0,-0.25,-150.96195681423157
0.0,-0.25,-143.08434515967477
0.0,-0.25,-182.9948041403794
0.0,-0.25,-154.8571703268402
0.0,-0.25,-161.92089095915833
0.0,-0.25,-157.13492931159763
0.0,-0.25,-181.03782936867802
0.0,-0.25,-142.0227405448185
0.0,-0.25,-136.19727744746035
0.0,-0.25,-160.18700566267165
0.0,-0.25,-152.93449739106455
0.0,-0.25,-173.06866986790624
0.0,-0.25,-145.70630805883334
0.0,-0.25,-164.52548726234446
0.0,-0.25,-138.43011091495612
0.0,-0.25,-139.7640399366103
0.0,-0.25,-187.8197790557524
0.0,-0.25,-133.5112926193168
0.0,-0.25,-180.4253139225831
0.0,-0.25,-156.7505409596995
0.0,-0.25,-177.23479960944897
0.0,-0.25,-160.10630945540873
0.0,-0.25,-168.08172196113458
0.0,-0.25,-128.90927459765317
0.0,-0.25,-147.97514737785525
0.0,-0.25,-145.17083936766338
0.0,-0.25,-142.39349453098586
0.0,-0.25,-148.24971957984837
0.0,-0.25,-162.99827580621044
0.0,-0.25,-164.3702776637242
0.0,-0.25,-145.371797056093
0.0,-0.25,-155.51170795799052
0.0,-0.25,-177.3026057108023
0.0,-0.25,-162.3161525609645
0.0,-0.25,-133.34780084381867
0.0,-0.25,-136.10056187684677
0.0,-0.25,-156.3808300536079
0.0,-0.25,-169.41374484333437
0.0,-0.25,-188.79508767548617
0.0,-0.25,-174.4385421132848
0.0,-0.25,-188.04157407671866
0.0,-0.25,-164.792156995276
0.0,-0.25,-176.8011250086133
0.0,-0.25,-154.5217648333813
0.0,-0.25,-158.45516692295345
0.0,-0.25,-139.6490185278153
0.0,-0.25,-155.793726992071
0.0,-0.25,-164.3370007491408
0.0,-0.25,-144.67837461541768
0.0,-0.25,-151.3953189593334
0.0,-0.25,-157.04294698567043
0.0,-0.25,-138.38991892060156
0.0,-0.25,-160.92760039741003
0.0,-0.25,-190.3112577409274
0.0,-0.25,-148.42736359623888
0.0,-0.25,-171.64345937361512
0.0,-0.25,-162.56454098146943
0.0,-0.25,-168.44375096928772
0.0,-0.25,-148.22839848718743
0.0,-0.25,-153.7901521318624
0.0,-0.25,-164.96149920062564
0.0,-0.25,-169.33985834461478
0.0,-0.25,-164.43273194176703
0.0,-0.25,-155.7947245651497
0.0,-0.25,-169.37180658849638
0.0,-0.25,-161.4123310874589
0.0,-0.25,-176.8525149577797
0.0,-0.25,-140.55058610228005
0.0,-0.25,-160.52982165245587
0.0,-0.25,-166.66955944527402
0.0,-0.25,-156.67718643876557
0.0,-0.25,-151.0923692487616
0.0,-0.25,-173.27140777458078
0.0,-0.25,-165.85018133175402
0.0,-0.25,-188.4300295281377
0.0,-0.25,-193.82272716271058
0.0,-0.25,-165.65325398994727
0.0,-0.25,-179.97601714956184
0.0,-0.25,-156.48050836388785
0.0,-0.25,-168.0764677532826
0.0,-0.25,-164.31703145746837
0.0,-0.25,-161.98519022078813
0.0,-0.25,-156.74648651873088
0.0,-0.25,-148.6693085922199
0.0,-0.25,-174.81704004843104
0.0,-0.25,-159.50874875173193
0.0,-0.25,-186.03104028588925
0.0,-0.25,-177.30031004416196
0.0,-0.25,-134.38294913881083
0.0,-0.25,-181.67805957614692
0.0,-0.25,-146.05101286825115
0.0,-0.25,-163.53244409177572
0.0,-0.25,-198.31236441238335
0.0,-0.25,-135.9621434517313
0.0,-0.25,-147.33867288757136
0.0,-0.25,-166.53093106895474
0.0,-0.25,-132.51695846341656
0.0,-0.25,-131.38225380720417
0.0,-0.25,-153.92305935233978
0.0,-0.25,-135.63269188630608
0.0,-0.25,-182.00984163065343
0.0,-0.25,-168.63424122098183
0.0,-0.25,-162.7277386815368
0.0,-0.25,-173.12351905331857
0.0,-0.25,-148.9944422638796
0.0,-0.25,-153.0050270682606
0.0,-0.25,-158.25153444987208
0.0,-0.25,-145.97501329885037
0.0,-0.25,-165.13416660822415
0.0,-0.25,-154.36191825145247
0.0,-0.25,-189.26176523591167
0.0,-0.25,-183.55428664360554
0.0,-0.25,-181.31038598341135
0.0,-0.25,-163.21816821231496
0.0,-0.25,-156.5026333985695
0.0,-0.25,-133.96433601665936
0.0,-0.25,-133.7805702650914
0.0,-0.25,-147.28352041463123
0.0,-0.25,-151.5252839038688
0.0,-0.25,-157.78335028846692
0.0,-0.25,-163.10635969906815
0.0,-0.25,-152.24757739272584
0.0,-0.25,-153.97468889805526
0.0,-0.25,-164.15329437309768
0.0,-0.25,-178.44723072288159
0.0,-0.25,-192.43375118255776
0.0,-0.25,-171.7933462933933
0.0,-0.25,-160.99830395961453
0.0,-0.25,-184.58466803464432
0.0,-0.25,-142.12462945520548
0.0,-0.25,-150.40849044039416
0.0,-0.25,-159.27934002339367
0.0,-0.25,-190.61713131042404
0.0,-0.25,-173.86212102626584
0.0,-0.25,-192.47333924636007
0.0,-0.25,-147.01513619563372
0.0,-0.25,-176.8343014948915
0.0,-0.25,-154.39068135904066
0.0,-0.25,-167.628539356004
0.0,-0.25,-165.94650940417844
0.0,-0.25,-189.28803427153312
0.0,-0.25,-152.2473045581121
0.0,-0.25,-186.23780024577906
0.0,-0.25,-144.24932893944856
0.0,-0.25,-187.0181588115445
0.0,-0.25,-166.56382508367312
0.0,-0.25,-155.98502297955855
0.0,-0.25,-187.81649056283678
0.0,-0.25,-177.97248549221837
0.0,-0.25,-174.9707006176495
0.0,-0.25,-164.0147557814041
0.0,-0.25,-159.4315398744144
0.0,-0.25,-151.47451945331522
0.0,-0.25,-172.2563153255629
0.0,-0.25,-183.58955778645822
0.0,-0.25,-139.8986233377942
0.0,-0.25,-154.92239316027258
0.0,-0.25,-164.43324120714144
0.0,-0.25,-185.3260761452227
0.0,-0.25,-186.65953901437734
0.0,-0.25,-161.12193758323988
0.0,-0.25,-161.8025605093691
0.0,-0.25,-159.34872548217925
0.0,-0.25,-162.81819571886095
0.0,-0.25,-142.61121630370653
0.0,-0.25,-195.6616830291582
0.0,-0.25,-162.36142228609822
0.0,-0.25,-172.5524891391341
0.0,-0.25,-148.8217608294125
0.0,-0.25,-176.91144107607542
0.0,-0.25,-141.69196639684682
0.0,-0.25,-168.52878138879692
0.0,-0.25,-158.7046874332978
0.0,-0.25,-165.61631998367113
0.0,-0.25,-170.14658223378072
0.0,-0.25,-167.6397964852008
0.0,-0.25,-156.58525402320015
0.0,-0.25,-183.02900242840656
0.0,-0.25,-159.8579330939881
0.0,-0.25,-142.6570033308431
0.0,-0.25,-151.71526538895273
0.0,-0.25,-134.97888611335748
0.0,-0.25,-161.4361547551232
0.0,-0.25,-186.9160131025095
0.0,-0.25,-154.71469584713608
0.0,-0.25,-166.6309403376631
0.0,-0.25,-167.24816614804988
0.0,-0.25,-175.89752871874285
0.0,-0.25,-153.14364763803667
0.0,-0.25,-139.42508006987046
0.0,-0.25,-189.88877604514332
0.0,-0.25,-197.1905111131458
0.0,-0.25,-162.70785452190557
0.0,-0.25,-154.33735454871436
0.0,-0.25,-184.2226287558019
0.0,-0.25,-181.6227397598467
0.0,-0.25,-132.52514497294555
0.0,-0.25,-179.57284765846265
0.0,-0.25,-137.12538457223684
0.0,-0.25,-186.4602911066553
0.0,-0.25,-143.78004593356263
0.0,-0.25,-159.3073067837887
0.0,-0.25,-176.9996329781346
0.0,-0.25,-176.4319057357492
0.0,-0.25,-163.010228671507
0.0,-0.25,-164.653859790862
0.0,-0.25,-138.34937365462568
0.0,-0.25,-141.3649088447971
0.0,-0.25,-133.7328862415662
0.0,-0.25,-182.69189133727517
0.0,-0.25,-152.93281675914025
0.0,-0.25,-167.38092457057675
0.0,-0.25,-170.4918525703847
0.0,-0.25,-148.60883387136712
0.0,-0.25,-162.0495782069901
0.0,-0.25,-129.91560833688862
0.0,-0.25,-151.42361812751048
0.0,-0.25,-181.85889976573765
0.0,-0.25,-183.85404247538898
0.0,-0.25,-142.34079742825648
0.0,-0.25,-161.91233596728927
0.0,-0.25,-164.0612480236189
0.0,-0.25,-146.41160081365612
0.0,-0.25,-177.13505842506365
0.0,-0.25,-142.11160323379974
0.0,-0.25,-196.1450449267298
0.0,-0.25,-164.77439377198894
0.0,-0.25,-168.81763710948633
0.0,-0.25,-158.60357661182945
0.0,-0.25,-152.80038364669704
0.0,-0.25,-158.5091632295566
0.0,-0.25,-135.09023961330635
0.0,-0.25,-153.34099977540453
0.0,-0.25,-135.42564848032276
0.0,-0.25,-151.7070324997611
0.0,-0.25,-147.0895446096114
0.0,-0.25,-175.79829945297416
0.0,-0.25,-149.09289377964632
0.0,-0.25,-158.31399095361851
0.0,-0.25,-169.96645427467146
0.0,-0.25,-149.28281115026377
0.0,-0.25,-161.03852137007732
0.0,-0.25,-175.4645605613405
0.0,-0.25,-143.07378110909625
0.0,-0.25,-172.51683546719164
0.0,-0.25,-159.05187996755515
0.0,-0.25,-160.45258492680378
0.0,-0.25,-186.2254036702427
0.0,-0.25,-197.40998070695758
0.0,-0.25,-138.2803977416683
0.0,-0.25,-137.54680113159276
0.0,-0.25,-172.73551979937045
0.0,-0.25,-180.6220206609876
0.0,-0.25,-163.0038985563559
0.0,-0.25,-155.4152257490748
0.0,-0.25,-153.98436255705153
0.0,-0.25,-169.8129019591921
0.0,-0.25,-180.34621874167013
0.0,-0.25,-154.84024694327337
0.0,-0.25,-178.72484104632562
0.0,-0.25,-157.61116820675673
0.0,-0.25,-179.27548932716732
0.0,-0.25,-139.24725480089495
0.0,-0.25,-154.93159163960505
0.0,-0.25,-170.08679429325528
0.0,-0.25,-156.48186394020175
0.0,-0.25,-182.77309370234204
0.0,-0.25,-194.68449261151963
0.0,-0.25,-170.2342635966781
0.0,-0.25,-151.15559494790688
0.0,-0.25,-141.47209707183285
0.0,-0.25,-187.69437951293284
0.0,-0.25,-166.84710097080733
0.0,-0.25,-185.69419654433042
0.0,-0.25,-178.61601673392076
0.0,-0.25,-134.85978243132092
0.0,-0.25,-155.1260910805623
0.0,-0.25,-173.14149728909354
0.0,-0.25,-148.91957708467032
0.0,-0.25,-137.7993514846742
0.0,-0.25,-161.14343551371374
0.0,-0.25,-152.8492998353474
0.0,-0.25,-147.50139255815625
0.0,-0.25,-157.0194929720126
0.0,-0.25,-183.30119331705
0.0,-0.25,-172.370108122988
0.0,-0.25,-157.4888482899016
0.0,-0.25,-154.4914816333158
0.0,-0.25,-151.4498938452925
0.0,-0.25,-142.1165969674859
0.0,-0.25,-173.5641963051422
0.0,-0.25,-179.9578676833002
0.0,-0.25,-138.90684852359124
0.0,-0.25,-185.75586213924305
0.0,-0.25,-169.75677824831567
0.0,-0.25,-158.34446646253605
0.0,-0.25,-136.7299630339633
0.0,-0.25,-178.4702931082839
0.0,-0.25,-183.2268193741665
0.0,-0.25,-160.5258959113975
0.0,-0.25,-189.56536318996763
0.0,-0.25,-162.58096187029597
0.0,-0.25,-175.95105883206259
0.0,-0.25,-164.38882817040633
0.0,-0.25,-138.78519184487917
0.0,-0.25,-175.0977659239674
0.0,-0.25,-191.69050258026286
0.0,-0.25,-151.80282106854506
0.0,-0.25,-144.97160117546852
0.0,-0.25,-139.2741328450709
0.0,-0.25,-161.74042828025122
0.0,-0.25,-176.37304590738606
0.0,-0.25,-167.47897455008345
0.0,-0.25,-154.689112589912
0.0,-0.25,-146.996625522709
0.0,-0.25,-177.2964143095297
0.0,-0.25,-140.96790234984869
0.0,-0.25,-187.01957962628578
0.0,-0.25,-144.9453392172561
0.0,-0.25,-185.5288614067452
0.0,-0.25,-148.45295180304882
0.0,-0.25,-180.80425407914416
0.0,-0.25,-181.75947629925747
0.0,-0.25,-164.85557995882527
0.0,-0.25,-171.08528060059157
0.0,-0.25,-181.88953261480842
0.0,-0.25,-191.87386839006632
0.0,-0.25,-158.02321076205786
0.0,-0.25,-141.91505644879874
0.0,-0.25,-157.14935866485231
0.0,-0.25,-150.2970054135727
0.0,-0.25,-160.11861192364648
0.0,-0.25,-150.3702568431211
0.0,-0.25,-157.5378298117527
0.0,-0.25,-143.52858286744126
0.0,-0.25,-155.79956336036906
0.0,-0.25,-176.3769019500863
0.0,-0.25,-148.44660867505388
0.0,-0.25,-167.8051864199993
0.0,-0.25,-158.65200997567894
0.0,-0.25,-181.5222854876243
0.0,-0.25,-156.22750965962226
0.0,-0.25,-161.900265449906
0.0,-0.25,-158.64201250135915
0.0,-0.25,-159.23133737180024
0.0,-0.25,-157.99019620773612
0.0,-0.25,-157.33048329075072
0.0,-0.25,-160.02973405783274
0.0,-0.25,-186.02047716773367
0.0,-0.25,-184.93062080854423
0.0,-0.25,-156.37046814996341
0.0,-0.25,-156.32537047806792
0.0,-0.25,-183.43607091880304
0.0,-0.25,-173.1543102423597
0.0,-0.25,-193.3740357230499
0.0,-0.25,-148.26450650782124
0.0,-0.25,-156.9185378792108
0.0,-0.25,-178.57847747366876
0.0,-0.25,-177.110228155948
0.0,-0.25,-159.65683457873385
0.0,-0.25,-158.49472290617973
0.0,-0.25,-159.3926785174995
0.0,-0.25,-160.6369039081046
0.0,-0.25,-190.2552642354093
0.0,-0.25,-136.3936742564885
0.0,-0.25,-187.05078686573697
0.0,-0.25,-175.8270171446982
0.0,-0.25,-160.68401546222407
0.0,-0.25,-159.3992634840183
0.0,-0.25,-175.62232963171272
0.0,-0.25,-150.11778279548153
0.0,-0.25,-153.20805730422848
0.0,-0.25,-153.90473315277256
0.0,-0.25,-172.74878431572319
0.0,-0.25,-152.1231264740945
0.0,-0.25,-170.48797791646277
0.0,-0.25,-148.77931101022008
0.0,-0.25,-177.25245663631625
0.0,-0.25,-170.60122311699874
0.0,-0.25,-152.88351520337233
0.0,-0.25,-174.83357140488272
0.0,-0.25,-176.10720835205623
0.0,-0.25,-140.0701479275863
0.0,-0.25,-183.3201851099947
0.0,-0.25,-165.88276064307226
0.0,-0.25,-155.42866344211657
0.0,-0.25,-176.6818767853795
0.0,-0.25,-157.39201365952223
0.0,-0.25,-145.57719651569218
0.0,-0.25,-172.03390753496916
0.0,-0.25,-168.73027438157777
0.0,-0.25,-155.33676765495284
0.0,-0.25,-144.02611827573728
0.0,-0.25,-166.28234727126275
0.0,-0.25,-175.90825028721636
0.0,-0.25,-176.25063484814217
0.0,-0.25,-177.61728985175037
0.0,-0.25,-149.84753526673975
0.0,-0.25,-157.82926186908395
0.0,-0.25,-178.22240025855325
0.0,-0.25,-180.86956884710222
0.0,-0.25,-161.42358332382582
0.0,-0.25,-149.06887819880356
0.0,-0.25,-157.12901155993737
0.0,-0.25,-157.84837865592465
0.0,-0.25,-187.42866013054106
0.0,-0.25,-165.97147079463684
0.0,-0.25,-177.22959362154177
0.0,-0.25,-165.6761996245435
0.0,-0.25,-154.81362574987037
0.0,-0.25,-156.38744956691525
0.0,-0.25,-184.96076391523445
0.0,-0.25,-172.9535180405144
0.0,-0.25,-145.1656745509145
0.0,-0.25,-147.41918774935914
0.0,-0.25,-178.917597790686
0.0,-0.25,-143.69465423523965
0.0,-0.25,-151.41000333247598
0.0,-0.25,-190.03319205133604
0.0,-0.25,-133.06855882178695
0.0,-0.25,-174.56817889164276
0.0,-0.25,-149.55232099899638
0.0,-0.25,-127.00515124226304
0.0,-0.25,-172.01931852529665
0.0,-0.25,-157.2909468933401
0.0,-0.25,-137.0542917359716
0.0,-0.25,-153.34905194457315
0.0,-0.25,-158.05576485234198
0.0,-0.25,-153.78644076743657
0.0,-0.25,-195.4228532174479
0.0,-0.25,-154.96551758103044
0.0,-0.25,-148.84485751404497
0.0,-0.25,-146.94909528356447
0.0,-0.25,-159.59668416192406
0.0,-0.25,-174.89671432903705
0.0,-0.25,-189.41372138049326
0.0,-0.25,-133.22138301945986
0.0,-0.25,-151.60202821176813
0.0,-0.25,-154.55922528350882
0.0,-0.25,-161.06559047605572
0.0,-0.25,-192.45951957624976
0.0,-0.25,-149.51019450429533
0.0,-0.25,-155.71176213869845
0.0,-0.25,-141.09974359998506
0.0,-0.25,-159.32637258891344
0.0,-0.25,-176.54602222928
0.0,-0.25,-156.42161194006724
0.0,-0.25,-163.04129316775237
0.0,-0.25,-159.69207109960632
0.0,-0.25,-178.457032664848
0.0,-0.25,-176.41843994805365
0.0,-0.25,-165.4272657835839
0.0,-0.25,-142.52252706260452
0.0,-0.25,-178.51037864319093
0.0,-0.25,-190.98359325799694
0.0,-0.25,-164.0436105355114
0.0,-0.25,-160.95656525366797
0.0,-0.25,-168.77937697256763
0.0,-0.25,-154.18510649174374
0.0,-0.25,-178.72471605259685
0.0,-0.25,-157.38686694016116
0.0,-0.25,-163.53219053900037
0.0,-0.25,-190.3858266133058
0.0,-0.25,-161.15814400482626
0.0,-0.25,-189.95437522568673
0.0,-0.25,-149.00134495100247
0.0,-0.25,-141.65267574414204
0.0,-0.25,-176.06567432914483
0.0,-0.25,-159.1333648039881
0.0,-0.25,-148.41206495328456
0.0,-0.25,-139.20435157729872
0.0,-0.25,-161.77907341117438
0.0,-0.25,-152.5912860562979
0.0,-0.25,-146.4302360200444
0.0,-0.25,-153.2676413187105
0.0,-0.25,-156.58422843459692
0.0,-0.25,-185.79855698939653
0.0,-0.25,-167.47132634139444
0.0,-0.25,-152.08963094320984
0.0,-0.25,-168.99523840805023
0.0,-0.25,-173.34609865120422
0.0,-0.25,-153.39359858507538
0.0,-0.25,-173.75278392683413
0.0,-0.25,-165.43612511505344
0.0,-0.25,-171.1138391851655
0.0,-0.25,-159.78570871626
0.0,-0.25,-169.24274510865067
0.0,-0.25,-167.5553121588138
0.0,-0.25,-144.80323861150453
0.0,-0.25,-146.3128674358827
0.0,-0.25,-146.50322555914
0.0,-0.25,-144.53451738083027
0.0,-0.25,-174.76590964131378
0.0,-0.25,-143.62680039289015
0.0,-0.25,-146.88754871939773
0.0,-0.25,-177.28019175725464
0.0,-0.25,-165.04729897807732
0.0,-0.25,-188.40480506355954
0.0,-0.25,-163.7888181568834
0.0,-0.25,-156.90613231072928
0.0,-0.25,-160.83604595684588
0.0,-0.25,-139.31995255059482
0.0,-0.25,-137.92438554573957
0.0,-0.25,-140.06351460373415
0.0,-0.25,-163.15044163735968
0.0,-0.25,-157.1002741434085
0.0,-0.25,-191.92405968725876
0.0,-0.25,-190.96379235572172
0.0,-0.25,-154.49500988615583
0.0,-0.25,-162.94181754792152
0.0,-0.25,-162.06075668189948
0.0,-0.25,-171.42282496976904
0.0,-0.25,-158.95563899716635
0.0,-0.25,-167.47833710113892
0.0,-0.25,-137.79747490468466
0.0,-0.25,-195.44262752772624
0.0,-0.25,-154.6842165460408
0.0,-0.25,-192.0350453962992
0.0,-0.25,-176.71670514610497
0.0,-0.25,-153.444742468932
0.0,-0.25,-179.25592063522146
0.0,-0.25,-157.95270589440824
0.0,-0.25,-171.0208456448026
0.0,-0.25,-169.6736056752711
0.0,-0.25,-165.13427199116416
0.0,-0.25,-177.44518792190294
0.0,-0.25,-128.86891387185005
0.0,-0.25,-157.8995791403286
0.0,-0.25,-177.99115798866575
0.0,-0.25,-170.5507593936051
0.0,-0.25,-140.28586157838805
0.0,-0.25,-183.9163894406488
0.0,-0.25,-178.45868212759285
0.0,-0.25,-151.22729945110285
0.0,-0.25,-152.53652502007688
0.0,-0.25,-157.6786962491862
0.0,-0.25,-167.75157784753154
0.0,-0.25,-181.76087888960785
0.0,-0.25,-175.3635319114649
0.0,-0.25,-170.49788602150724
0.0,-0.25,-134.70002166864725
0.0,-0.25,-146.90017423064458
0.0,-0.25,-174.76105857480908
0.0,-0.25,-152.42845527998443
0.0,-0.25,-168.45137987922863
0.0,-0.25,-151.80351271201346
0.0,-0.25,-187.48829705225742
0.0,-0.25,-181.7269794767986
0.0,-0.25,-144.98845779832504
0.0,-0.25,-167.3402080734128
0.0,-0.25,-142.87381210863626
0.0,-0.25,-161.38267172090778
0.0,-0.25,-163.03587669575506
0.0,-0.25,-141.27713930750437
0.0,-0.25,-178.21755613569087
0.0,-0.25,-155.32960090244703
0.0,-0.25,-140.85755791872944
0.0,-0.25,-155.77471193947395
0.0,-0.25,-184.51961902754718
0.0,-0.25,-159.48733048483408
0.0,-0.25,-160.37853380544496
0.0,-0.25,-167.9293949836478
0.0,-0.25,-163.79244925262307
0.0,-0.25,-173.41906485248458
0.0,-0.25,-179.80815169402354
0.0,-0.25,-165.0176308870658
0.0,-0.25,-176.18558658654226
0.0,-0.25,-176.12866026616408
0.0,-0.25,-170.49152285209294
0.0,-0.25,-151.17754616696396
0.0,-0.25,-173.69078071923715
0.0,-0.25,-181.23710582934586
0.0,-0.25,-154.03570528703295
0.0,-0.25,-175.539580100312
0.0,-0.25,-188.9782652951332
0.0,-0.25,-167.68998648010313
0.0,-0.25,-147.08471086102224
0.0,-0.25,-186.07810564024618
0.0,-0.25,-168.20642712929782
0.0,-0.25,-156.03959892130237
0.0,-0.25,-141.58623313083046
0.0,-0.25,-181.78409359742912
0.0,-0.25,-187.37597518144605
0.0,-0.25,-176.10432344356892
0.0,-0.25,-162.6965094857016
0.0,-0.25,-197.49025902723454
0.0,-0.25,-168.4137548799823
0.0,-0.25,-151.4778205295233
0.0,-0.25,-129.25456760568352
0.0,-0.25,-167.07083480910853
0.0,-0.25,-167.88533877073107
0.0,-0.25,-142.54558231756624
0.0,-0.25,-165.56604334081047
0.0,-0.25,-150.27792585603467
0.0,-0.25,-176.7592086855187
0.0,-0.25,-169.9552503442985
0.0,-0.25,-145.60599828906348
0.0,-0.25,-152.87426392168962
0.0,-0.25,-163.8293507991288
0.0,-0.25,-159.11046170570114
0.0,-0.25,-162.60343286666654
0.0,-0.25,-138.95686379436566
0.0,-0.25,-180.61743332904928
0.0,-0.25,-171.12757158020227
0.0,-0.25,-171.39987370753173
0.0,-0.25,-157.57700982048527
0.0,-0.25,-164.19598607186376
0.0,-0.25,-183.41760666290804
0.0,-0.25,-155.56480552696078
0.0,-0.25,-159.81231094548264
0.0,-0.25,-166.4146703964938
0.0,-0.25,-142.46861946955468
0.0,-0.25,-156.04730633902108
0.0,-0.25,-165.4440185016268
0.0,-0.25,-167.55111664468942
0.0,-0.25,-170.3816483564857
0.0,-0.25,-174.53177160673644
0.0,-0.25,-167.5063574997678
0.0,-0.25,-173.61444629921436
0.0,-0.25,-163.01740436258876
0.0,-0.25,-150.65251562910322
0.0,-0.25,-166.15067785534
0.0,-0.25,-175.19851539507147
0.0,-0.25,-168.92137809156551
0.0,-0.25,-183.60563125513713
0.0,-0.25,-164.0019683456397
0.0,-0.25,-159.468824517947
0.0,-0.25,-159.80701244295014
0.0,-0.25,-164.7835249227534
0.0,-0.25,-167.13662889470697
0.0,-0.25,-186.47315902205918
0.0,-0.25,-151.53710279639697
0.0,-0.25,-165.86319990648835
0.0,-0.25,-179.22316750805754
0.0,-0.25,-155.96753320112225
0.0,-0.25,-178.92822608858606
0.0,-0.25,-161.77590989929712
0.0,-0.25,-178.52330320782343
0.0,-0.25,-160.33744778913982
0.0,-0.25,-183.48235445783752
0.0,-0.25,-162.70470211456038
0.0,-0.25,-169.7269873592235
0.0,-0.25,-162.8721555380731
0.0,-0.25,-155.44603970093698
0.0,-0.25,-155.85073294107687
0.0,-0.25,-188.4969822267446
0.0,-0.25,-157.08325614373854
0.0,-0.25,-151.06554703352705
0.0,-0.25,-159.71166895817004
0.0,-0.25,-182.45089852794572
0.0,-0.25,-174.8688977246366
0.0,-0.25,-171.54032186028743
0.0,-0.25,-148.20113925904894
0.0,-0.25,-173.63073461183
0.0,-0.25,-166.24604509143512
0.0,-0.25,-144.59824590447272
0.0,-0.25,-179.47638923526048
0.0,-0.25,-166.76509395187298
0.0,-0.25,-182.50522963306594
0.0,-0.25,-147.3372143376099
0.0,-0.25,-156.72937619520118
0.0,-0.25,-162.74908736468888
0.0,-0.25,-154.12340313314996
0.0,-0.25,-168.02654796257738
0.0,-0.25,-163.6837391621224
0.0,-0.25,-173.75226906425067
0.0,-0.25,-166.57384912923737
0.0,-0.25,-166.4036815519186
0.0,-0.25,-157.61502874524595
0.0,-0.25,-134.81378976445035
0.0,-0.25,-155.5132404159711
0.0,-0.25,-191.17464754478567
0.0,-0.25,-179.2250602482604
0.0,-0.25,-139.19441443244105
0.0,-0.25,-188.08278290807206
0.0,-0.25,-149.5780231219717
0.0,-0.25,-140.56276931899595
0.0,-0.25,-159.88540330312702
0.0,-0.25,-158.74103134586815
0.0,-0.25,-167.0970166024933
0.0,-0.25,-173.16523029449738
0.0,-0.25,-167.88947997772613
0.0,-0.25,-160.51968136529533
0.0,-0.25,-151.4255772204333
0.0,-0.25,-159.47286918510923
0.0,-0.25,-153.58018330811208
0.0,-0.25,-129.3307066211549
0.0,-0.25,-159.10460467352004
0.0,-0.25,-162.8662870796441
0.0,-0.25,-190.1677124886925
0.0,-0.25,-178.04748692829776
0.0,-0.25,-171.72213066203992
0.0,-0.25,-178.3887324862923
0.0,-0.25,-196.8228873295823
0.0,-0.25,-135.20539694645686
0.0,-0.25,-187.83080698798148
0.0,-0.25,-190.83037069011573
0.0,-0.25,-156.95157310301744
0.0,-0.25,-145.24253778637504
0.0,-0.25,-154.25100444202275
0.0,-0.25,-155.94169208870764
0.0,-0.25,-153.04944476418456
0.0,-0.25,-167.57681169588324
0.0,-0.25,-172.40380210969332
0.0,-0.25,-170.2776815408393
0.0,-0.25,-151.92255387179907
0.0,-0.25,-144.58076237343516
0.0,-0.25,-189.7980493404366
0.0,-0.25,-168.4700517416538
0.0,-0.25,-152.13384889082502
0.0,-0.25,-170.63919991946744
0.0,-0.25,-169.03162805305615
0.0,-0.25,-142.04783943440728
0.0,-0.25,-139.30476467146045
0.0,-0.25,-165.03983642783572
0.0,-0.25,-163.94613868370857
0.0,-0.25,-147.90107878911877
0.0,-0.25,-168.16085922794272
0.0,-0.25,-190.11641555465775
0.0,-0.25,-163.4822485219408
0.0,-0.25,-187.45554918465336
0.0,-0.25,-189.67392027753007
0.0,-0.25,-144.1091791034012
0.0,-0.25,-141.96126597585908
0.0,-0.25,-152.88212319724732
0.0,-0.25,-144.34833760775464
0.0,-0.25,-143.9642218664739
0.0,-0.25,-170.9768011781536
0.0,-0.25,-187.56490660868965
0.0,-0.25,-145.1741230545606
0.0,-0.25,-181.33082808518614
0.0,-0.25,-157.2676512583802
0.0,-0.25,-174.18903126336215
0.0,-0.25,-187.43289616743667
0.0,-0.25,-171.52419540407504
0.0,-0.25,-183.63478391477665
0.0,-0.25,-172.95677903196517
0.0,-0.25,-194.42457974070865
0.0,-0.25,-149.70485156283723
0.0,-0.25,-153.976593350698
0.0,-0.25,-183.97233968130917
0.0,-0.25,-149.77816585152036
0.0,-0.25,-154.71010170313488
0.0,-0.25,-162.47936419497535
0.0,-0.25,-176.13929166620042
0.0,-0.25,-193.65806957948746
0.0,-0.25,-163.47934498484503
0.0,-0.25,-147.71368713418806
0.0,-0.25,-163.13974659414038
0.0,-0.25,-154.0988732008024
0.0,-0.25,-156.57109744266816
0.0,-0.25,-185.80156084318278
0.0,-0.25,-149.80723166051163
0.0,-0.25,-176.6047048379456
0.0,-0.25,-177.188700763195
0.0,-0.25,-141.7564984175433
0.0,-0.25,-176.08958579176172
0.0,-0.25,-177.81578964380805
0.0,-0.25,-172.68054447886792
0.0,-0.25,-180.4119610434661
0.0,-0.25,-170.4692482014784
0.0,-0.25,-167.08782692576358
0.0,-0.25,-163.8204027265728
0.0,-0.25,-198.88063779299227
0.0,-0.25,-141.59404080963625
0.0,-0.25,-168.3777220758952
0.0,-0.25,-139.8244968796616
0.0,-0.25,-161.00901696694717
0.0,-0.25,-167.19635943498687
0.0,-0.25,-159.99924559369967
0.0,-0.25,-146.1393728329853
0.0,-0.25,-138.29231507764038
0.0,-0.25,-156.88401871479945
0.0,-0.25,-149.10530219349167
0.0,-0.25,-130.54871603693906
0.0,-0.25,-190.9043069300556
0.0,-0.25,-156.13248788116505
0.0,-0.25,-170.61075862181883
0.0,-0.25,-163.0591499621529
0.0,-0.25,-181.84525958311107
0.0,-0.25,-189.9423780118084
0.0,-0.25,-140.33306832527748
0.0,-0.25,-167.1012064469198
0.0,-0.25,-161.91228358965583
0.0,-0.25,-131.4602799227826
0.0,-0.25,-139.52624204695726
0.0,-0.25,-146.14524442278977
0.0,-0.25,-157.62402681354763
0.0,-0.25,-163.69463355155622
0.0,-0.25,-141.82352882595043
0.0,-0.25,-162.29847492505232
0.0,-0.25,-150.11081378716185
0.0,-0.25,-151.78170164978258
0.0,-0.25,-164.88021214157217
0.0,-0.25,-121.89234700282523
0.0,-0.25,-151.50292541483407
0.0,-0.25,-138.35990122801297
0.0,-0.25,-173.45528347886642
0.0,-0.25,-191.17529910681034
0.0,-0.25,-188.18477946063913
0.0,-0.25,-170.61972195703456
0.0,-0.25,-183.63443336373857
0.0,-0.25,-176.95119602027987
0.0,-0.25,-166.0711789390284
0.0,-0.25,-162.9649279853026
0.0,-0.25,-122.42494424336414
0.0,-0.25,-190.3911575847544
0.0,-0.25,-161.32079599163526
0.0,-0.25,-188.81209349403383
0.0,-0.25,-177.47553657787608
0.0,-0.25,-138.11767398015112
0.0,-0.25,-159.55681314565342
0.0,-0.25,-187.26284272209693
0.0,-0.25,-165.589723658279
0.0,-0.25,-171.18300780068566
0.0,-0.25,-139.89815764589522
0.0,-0.25,-156.74510709755876
0.0,-0.25,-138.42297060298947
0.0,-0.25,-166.18363847065254
0.0,-0.25,-168.30262055130413
0.0,-0.25,-184.5186409904133
0.0,-0.25,-175.50407755225933
0.0,-0.25,-185.9165047784153
0.0,-0.25,-138.15422661672523
0.0,-0.25,-157.17040488559473
0.0,-0.25,-150.44578654188274
0.0,-0.25,-143.83579342941246
0.0,-0.25,-166.8879583971243
0.0,-0.25,-156.0415714538585
0.0,-0.25,-164.21367759861485
0.0,-0.25,-136.99025059693525
0.0,-0.25,-158.6307509423586
0.0,-0.25,-144.33109761502064
0.0,-0.25,-132.71900580949415
0.0,-0.25,-153.8356783479644
0.0,-0.25,-172.79584464117718
0.0,-0.25,-142.00431623674947
0.0,-0.25,-171.11839326530975
0.0,-0.25,-175.1406966062597
0.0,-0.25,-149.30130697029887
0.0,-0.25,-187.11945739057472
0.0,-0.25,-156.9230378450377
0.0,-0.25,-159.53908361366933
0.0,-0.25,-156.18955918694365
0.0,-0.25,-164.55989246132071
0.0,-0.25,-187.25310512446345
0.0,-0.25,-193.08440575342516
0.0,-0.25,-155.23532151012316
0.0,-0.25,-167.37101775089278
0.0,-0.25,-154.117339062812
0.0,-0.25,-163.0030250487802
0.0,-0.25,-170.02856085119188
0.0,-0.25,-174.42362271377095
0.0,-0.25,-185.22910019038494
0.0,-0.25,-178.59850325126362
0.0,-0.25,-157.12688447653952
0.0,-0.25,-166.73632334837012
0.0,-0.25,-193.64313978526746
0.0,-0.25,-151.45152944135566
0.0,-0.25,-139.87396096764334
0.0,-0.25,-184.44176181589023
0.0,-0.25,-148.35094383314308
0.0,-0.25,-142.0292998986471
0.0,-0.25,-185.8873034462546
0.0,-0.25,-151.42298953300715
0.0,-0.25,-163.41250741938472
0.0,-0.25,-170.3540559716993
0.0,-0.25,-167.98906342959367
0.0,-0.25,-165.84700274224565
0.0,-0.25,-161.9820698962934
0.0,-0.25,-141.24937687004976
0.0,-0.25,-141.74125681256112
0.0,-0.25,-164.7058491212201
0.0,-0.25,-186.86782539136047
0.0,-0.25,-159.71151552149658
0.0,-0.25,-153.94361578021562
0.0,-0.25,-142.70135394204743
0.0,-0.25,-167.82969411351021
0.0,-0.25,-172.93157154611893
0.0,-0.25,-174.57496825873557
0.0,-0.25,-189.27322689730096
0.0,-0.25,-173.74634957884535
0.0,-0.25,-166.0655874803127
0.0,-0.25,-147.0647690269636
0.0,-0.25,-198.14471804153663
0.0,-0.25,-190.83785790195546
0.0,-0.25,-170.5450312116135
0.0,-0.25,-143.81288908604665
0.0,-0.25,-140.89229626339417
0.0,-0.25,-171.99469042362875
0.0,-0.25,-159.12326245308475
0.0,-0.25,-154.7300303703782
0.0,-0.25,-177.47424452906063
0.0,-0.25,-178.63576107595622
0.0,-0.25,-170.7722794463267
0.0,-0.25,-150.86289589069622
0.0,-0.25,-162.362772539874
0.0,-0.25,-171.6236429659054
0.0,-0.25,-154.4011432469283
0.0,-0.25,-162.0711721746292
0.0,-0.25,-156.07836656978128
0.0,-0.25,-186.05381502256742
0.0,-0.25,-191.87746546114795
0.0,-0.25,-159.38333489274552
0.0,-0.25,-165.41509206145068
0.0,-0.25,-180.828428521568
0.0,-0.25,-186.293440952101
0.0,-0.25,-161.94800552873716
0.0,-0.25,-146.4138159605095
0.0,-0.25,-152.71920765795642
0.0,-0.25,-186.66276162233572
0.0,-0.25,-167.5800774626207
0.0,-0.25,-153.7486553689154
0.0,-0.25,-159.5113262781382
0.0,-0.25,-148.67071669671188
0.0,-0.25,-146.06481607394292
0.0,-0.25,-145.96065024550552
0.0,-0.25,-166.68471279813556
0.0,-0.25,-151.50831777564807
0.0,-0.25,-166.19194586069997
0.0,-0.25,-180.4547293602887
0.0,-0.25,-146.64778881976943
0.0,-0.25,-146.18608875346555
0.0,-0.25,-158.66461526196434
0.0,-0.25,-147.8326812954132
0.0,-0.25,-177.16333004656335
0.0,-0.25,-138.23163668363284
0.0,-0.25,-154.79694238443096
0.0,-0.25,-160.83941051606433
0.0,-0.25,-125.48168072282527
0.0,-0.25,-151.82083446076714
0.0,-0.25,-155.39710150712858
0.0,-0.25,-157.92738270146026
0.0,-0.25,-176.19189334133924
0.0,-0.25,-154.19501773020417
0.0,-0.25,-164.68401030293276
0.0,-0.25,-145.8555414402734
0.0,-0.25,-157.76417070966576
0.0,-0.25,-143.58432024427088
0.0,-0.25,-138.9561606946034
0.0,-0.25,-161.60991885512684
0.0,-0.25,-149.88497434091343
0.0,-0.25,-150.60762436161147
0.0,-0.25,-141.46496790701778
0.0,-0.25,-174.4459706257735
0.0,-0.25,-173.91908365049127
0.0,-0.25,-174.2182324622429
0.0,-0.25,-151.83881968592868
0.0,-0.25,-162.9165468063647
0.0,-0.25,-151.21912599517609
0.0,-0.25,-164.29238220948085
0.0,-0.25,-187.96211376420317
0.0,-0.25,-164.54344788118607
0.0,-0.25,-143.15639368091124
0.0,-0.25,-154.01429909977173
0.0,-0.25,-144.60670017300248
0.0,-0.25,-147.53033605667102
0.0,-0.25,-160.1305074922863
0.0,-0.25,-161.05898076355268
0.0,-0.25,-144.7640877630869
0.0,-0.25,-150.9037238684196
0.0,-0.25,-153.1024430744213
0.0,-0.25,-181.54605235313585
0.0,-0.25,-161.29352143098814
0.0,-0.25,-137.2784365317728
0.0,-0.25,-187.97456276347432
0.0,-0.25,-146.1990690891998
0.0,-0.25,-139.54671020105567
0.0,-0.25,-175.32205119392486
0.0,-0.25,-164.5585150172774
0.0,-0.25,-170.63851438212922
0.0,-0.25,-196.75735964690858
0.0,-0.25,-136.36944241893013
0.0,-0.25,-136.98730219322928
0.0,-0.25,-178.73458055552354
0.0,-0.25,-160.8467236158338
0.0,-0.25,-172.29481181935802
0.0,-0.25,-169.5276957908907
0.0,-0.25,-168.8611572021302
0.0,-0.25,-136.4906460139708
0.0,-0.25,-171.2101643613927
0.0,-0.25,-171.89776617795397
0.0,-0.25,-167.86908876317466
0.0,-0.25,-189.99048213310257
0.0,-0.25,-194.76936412254008
0.0,-0.25,-164.50948159246684
0.0,-0.25,-184.20387224234562
0.0,-0.25,-160.63174898127272
0.0,-0.25,-186.0640993183171
0.0,-0.25,-169.32810679612615
0.0,-0.25,-165.30482310446837
0.0,-0.25,-163.32072413860567
0.0,-0.25,-168.47388646359573
0.0,-0.25,-172.02176498401516
0.0,-0.25,-167.83369362046906
0.0,-0.25,-154.69347030997244
0.0,-0.25,-169.48966789356555
0.0,-0.25,-183.24957055456557
0.0,-0.25,-176.66078836564012
0.0,-0.25,-131.93798435818573
0.0,-0.25,-180.21210781168972
0.0,-0.25,-170.1559430402867
0.0,-0.25,-197.88032010479918
0.0,-0.25,-159.33323704913235
0.0,-0.25,-152.59130779614068
0.0,-0.25,-159.59946960641156
0.0,-0.25,-153.56667180572498
0.0,-0.25,-158.90783170468163
0.0,-0.25,-181.00814422137103
0.0,-0.25,-156.88368477657698
0.0,-0.25,-171.89399028376656
0.0,-0.25,-156.81442241164456
0.0,-0.25,-161.37428382897272
0.0,-0.25,-156.29811091804586
0.0,-0.25,-145.6795339999598
0.0,-0.25,-171.4957062570572
0.0,-0.25,-177.58303824963943
0.0,-0.25,-145.24553757725286
0.0,-0.25,-188.54595258574165
0.0,-0.25,-195.0298872073912
0.0,-0.25,-173.12577229055017
0.0,-0.25,-136.155900107905
0.0,-0.25,-136.06217550503567
0.0,-0.25,-162.7535366616054
0.0,-0.25,-144.79489029542725
0.0,-0.25,-164.91343165829062
0.0,-0.25,-162.93825886614513
0.0,-0.25,-151.41350254744705
0.0,-0.25,-147.10249895996
0.0,-0.25,-147.12855299468978
0.0,-0.25,-171.93139223834197
0.0,-0.25,-158.9094041121773
0.0,-0.25,-158.09616923757946
0.0,-0.25,-149.00077630834755
0.0,-0.25,-149.84612808589227
0.0,-0.25,-149.75893458448328
0.0,-0.25,-163.23374803426088
0.0,-0.25,-187.77998656453238
0.0,-0.25,-167.61194182752678
0.0,-0.25,-175.3402519822812
0.0,-0.25,-151.67239649021016
0.0,-0.25,-163.31883590587435
0.0,-0.25,-152.55325635695118
0.0,-0.25,-174.7460974467239
0.0,-0.25,-167.61856719644504
0.0,-0.25,-173.96096571551286
0.0,-0.25,-198.04478328845943
0.0,-0.25,-171.0436049217994
0.0,-0.25,-163.6382097357151
0.0,-0.25,-162.46338815144568
0.0,-0.25,-167.12913117016646
0.0,-0.25,-178.59011182195115
0.0,-0.25,-182.4658172868883
0.0,-0.25,-143.165417650683
0.0,-0.25,-165.8210987182077
0.0,-0.25,-157.22900533487277
0.0,-0.25,-157.56786352223534
0.0,-0.25,-180.11630419998286
0.0,-0.25,-141.48087890151876
0.0,-0.25,-136.74399197781744
0.0,-0.25,-169.95938999163562
0.0,-0.25,-190.47038746742166
0.0,-0.25,-168.3234167262469
0.0,-0.25,-147.28213712590062
0.0,-0.25,-146.96690474480795
0.0,-0.25,-179.28679973941644
0.0,-0.25,-167.68855315459055
0.0,-0.25,-152.33494394636213
0.0,-0.25,-169.32214715028215
0.0,-0.25,-156.3125826472605
0.0,-0.25,-148.40261168875512
0.0,-0.25,-147.54997649196446
0.0,-0.25,-171.7110225325691
0.0,-0.25,-179.16398964959726
0.0,-0.25,-170.07717022372316
0.0,-0.25,-175.6660025696491
0.0,-0.25,-182.11861156898541
0.0,-0.25,-191.64063699160016
0.0,-0.25,-164.86802679252526
0.0,-0.25,-183.43689186722165
0.0,-0.25,-161.3093043667334
0.0,-0.25,-181.1780322401127
0.0,-0.25,-160.00891800447263
0.0,-0.25,-152.44597002590373
0.0,-0.25,-148.11299411225895
0.0,-0.25,-196.60577292361629
0.0,-0.25,-151.98906099798188
0.0,-0.25,-164.89740571117923
0.0,-0.25,-142.70999746696782
0.0,-0.25,-158.52029938576854
0.0,-0.25,-179.092909394057
0.0,-0.25,-170.41597195884552
0.0,-0.25,-145.46022571530946
0.0,-0.25,-168.64520411021144
0.0,-0.25,-182.6319706432073
0.0,-0.25,-166.07612622962043
0.0,-0.25,-132.59019813677264
0.0,-0.25,-168.71318942407416
0.0,-0.25,-147.27860652691828
0.0,-0.25,-181.07992442160105
0.0,-0.25,-163.049310188445
0.0,-0.25,-161.20421873985453
0.0,-0.25,-136.12932299307823
0.0,-0.25,-164.45382145362586
0.0,-0.25,-187.889156380842
0.0,-0.25,-157.75392740317074
0.0,-0.25,-193.76149289645957
0.0,-0.25,-175.46292288829042
0.0,-0.25,-188.0422287032288
0.0,-0.25,-145.68975808527645
0.0,-0.25,-137.67252617701106
0.0,-0.25,-165.24481537032776
0.0,-0.25,-144.93307099965324
0.0,-0.25,-173.56026075243716
0.0,-0.25,-147.26486618901322
0.0,-0.25,-140.17194753999925
0.0,-0.25,-181.22218683104867
0.0,-0.25,-179.23875178270538
0.0,-0.25,-159.0277930932744
0.0,-0.25,-191.79986066662798
0.0,-0.25,-153.67826252882242
0.0,-0.25,-133.80996956888646
0.0,-0.25,-155.92715047990902
0.0,-0.25,-178.53565948207756
0.0,-0.25,-143.38590719630528
0.0,-0.25,-152.96569666167338
0.0,-0.25,-162.10301669537412
0.0,-0.25,-148.5947498383143
0.0,-0.25,-138.30875060068766
0.0,-0.25,-167.1755814967026
0.0,-0.25,-160.98391196725024
0.0,-0.25,-172.6050042062074
0.0,-0.25,-147.79494756009456
0.0,-0.25,-154.15821234242932
0.0,-0.25,-173.7258195974904
0.0,-0.25,-147.56614043620527
0.0,-0.25,-168.89630013902777
0.0,-0.25,-168.9114018395643
0.0,-0.25,-165.34046945729196
0.0,-0.25,-176.079398548554
0.0,-0.25,-163.95146479112196
0.0,-0.25,-142.24365785717907
0.0,-0.25,-136.20008056406274
0.0,-0.25,-187.80988062348305
0.0,-0.25,-163.11861003076186
0.0,-0.25,-150.66364764363473
0.0,-0.25,-153.16221001481122
0.0,-0.25,-192.66872417611498
0.0,-0.25,-152.83972452339603
0.0,-0.25,-164.06736210858148
0.0,-0.25,-153.77883401630675
0.0,-0.25,-172.45158707178484
0.0,-0.25,-149.14527176318688
0.0,-0.25,-167.7471898208261
0.0,-0.25,-146.3302200185601
0.0,-0.25,-142.50451684960686
0.0,-0.25,-154.09471656734556
0.0,-0.25,-192.18054636141682
0.0,-0.25,-154.0968465289407
0.0,-0.25,-150.4264363681382
0.0,-0.25,-164.27814306262894
0.0,-0.25,-158.23783364522103
0.0,-0.25,-184.30751053906198
0.0,-0.25,-160.2125159262072
0.0,-0.25,-162.36022111730824
0.0,-0.25,-162.48953548234672
0.0,-0.25,-170.5145297499291
0.0,-0.25,-153.90834303984258
0.0,-0.25,-187.39520108264867
0.0,-0.25,-160.58173849688416
0.0,-0.25,-165.6370223392589
0.0,-0.25,-139.28508529101103
0.0,-0.25,-152.26938768902596
0.0,-0.25,-186.48497184173988
0.0,-0.25,-163.02124615500722
0.0,-0.25,-159.7487656615959
0.0,-0.25,-178.01728191361514
0.0,-0.25,-156.06789595201553
0.0,-0.25,-155.63359554264983
0.0,-0.25,-149.3559719456256
0.0,-0.25,-183.7389230149075
0.0,-0.25,-162.19209912772345
0.0,-0.25,-157.18398059148018
0.0,-0.25,-160.5022261298871
0.0,-0.25,-155.06958628855526
0.0,-0.25,-143.06396493999787
0.0,-0.25,-136.74071895955865
0.0,-0.25,-188.82314546997745
0.0,-0.25,-142.87103575031384
0.0,-0.25,-187.13662322616835
0.0,-0.25,-167.92186177040287
0.0,-0.25,-141.78281061999016
0.0,-0.25,-166.47263432288938
0.0,-0.25,-189.63290814809818
0.0,-0.25,-152.91662984004196
0.0,-0.25,-177.62220079194498
0.0,-0.25,-163.70149061401506
0.0,-0.25,-157.1054651354241
0.0,-0.25,-164.52383765464532
0.0,-0.25,-164.56947554577113
0.0,-0.25,-161.25460813503233
0.0,-0.25,-165.8726275785139
0.0,-0.25,-154.54792973762466
0.0,-0.25,-167.64267950778813
0.0,-0.25,-153.23527892924713
0.0,-0.25,-178.95464521587039
0.0,-0.25,-168.37618836184748
0.0,-0.25,-138.4889421975096
0.0,-0.25,-168.0023072616713
0.0,-0.25,-181.7870439488844
0.0,-0.25,-185.77178250382198
0.0,-0.25,-172.25993161344377
0.0,-0.25,-150.71502832613766
0.0,-0.25,-184.21540341759157
0.0,-0.25,-161.04493343721947
0.0,-0.25,-154.62960141182003
0.0,-0.25,-163.8523099325802
0.0,-0.25,-189.96635860488206
0.0,-0.25,-178.65758750621478
0.0,-0.25,-161.92401191502748
0.0,-0.25,-143.87585780927333
0.0,-0.25,-172.0421638509818
0.0,-0.25,-152.11872099108868
0.0,-0.25,-165.40687730448164
0.0,-0.25,-191.05171013807737
0.0,-0.25,-166.5258229276351
0.0,-0.25,-168.187922472057
0.0,-0.25,-187.43407723784276
0.0,-0.25,-156.9716078552604
0.0,-0.25,-171.07942744144253
0.0,-0.25,-174.3089535496705
0.0,-0.25,-141.5121461174808
0.0,-0.25,-164.30668331093705
0.0,-0.25,-169.03018703515355
0.0,-0.25,-171.39933721011315
0.0,-0.25,-135.08605634856735
0.0,-0.25,-130.39575954670119
0.0,-0.25,-181.19490910140252
0.0,-0.25,-154.533130296281
0.0,-0.25,-168.7057635904198
0.0,-0.25,-137.22706275202313
0.0,-0.25,-142.98871490210186
0.0,-0.25,-157.61760069274382
0.0,-0.25,-147.8516524314546
0.0,-0.25,-140.85744785892538
0.0,-0.25,-171.2139039625277
0.0,-0.25,-155.2070216173944
0.0,-0.25,-173.26008351890567
0.0,-0.25,-135.3399141737395
0.0,-0.25,-165.9097972383275
0.0,-0.25,-127.69417584512739
0.0,-0.25,-154.2986292426283
0.0,-0.25,-154.65632016545288
0.0,-0.25,-156.86169093450016
0.0,-0.25,-161.37286513914196
0.0,-0.25,-145.99660505662962
0.0,-0.25,-174.802768890289
0.0,-0.25,-175.9152160936585
0.0,-0.25,-179.38763582872224
0.0,-0.25,-189.77468536167092
0.0,-0.25,-180.453940877321
0.0,-0.25,-165.01534013237782
0.0,-0.25,-170.53930429122227
0.0,-0.25,-148.95414471099218
0.0,-0.25,-177.97407164835616
0.0,-0.25,-140.47611521823703
0.0,-0.25,-182.83585830949576
0.0,-0.25,-162.78265268728353
0.0,-0.25,-164.86843161025442
0.0,-0.25,-159.56666267999108
0.0,-0.25,-183.61229297461088
0.0,-0.25,-170.01758957640078
0.0,-0.25,-177.26643247274862
0.0,-0.25,-152.64314587451926
0.0,-0.25,-189.8326251506773
0.0,-0.25,-161.79886867478646
0.0,-0.25,-145.4682887053306
0.0,-0.25,-129.61098191187057
0.0,-0.25,-178.3122735890783
0.0,-0.25,-131.08375074401488
0.0,-0.25,-169.80348659509258
0.0,-0.25,-175.66011584720425
0.0,-0.25,-178.86185890655238
0.0,-0.25,-152.6750356024719
0.0,-0.25,-142.22114921812965
0.0,-0.25,-131.34110322712175
0.0,-0.25,-154.17340532371892
0.0,-0.25,-185.09973804963022
0.0,-0.25,-135.72106304160786
0.0,-0.25,-150.28596349380936
0.0,-0.25,-150.02760650648747
0.0,-0.25,-149.08513419432947
0.0,-0.25,-178.681342313736
0.0,-0.25,-152.03554773859943
0.0,-0.25,-165.56785500078425
0.0,-0.25,-156.29894854775537
0.0,-0.25,-168.41097729797733
0.0,-0.25,-166.93260911172666
0.0,-0.25,-168.68522131735506
0.0,-0.25,-149.50162624339302
0.0,-0.25,-158.52499046379714
0.0,-0.25,-169.74868532055584
0.0,-0.25,-198.16853776490765
0.0,-0.25,-179.58911072276078
0.0,-0.25,-137.23561031956416
0.0,-0.25,-179.5906509197362
0.0,-0.25,-138.01571200354695
0.0,-0.25,-148.68990222861714
0.0,-0.25,-192.76018816916064
0.0,-0.25,-157.31980424626798
0.0,-0.25,-151.84306005817893
0.0,-0.25,-174.41556408060194
0.0,-0.25,-181.09615875926482
0.0,-0.25,-165.16081256919617
0.0,-0.25,-152.6117266717302
0.0,-0.25,-171.51532609788597
0.0,-0.25,-149.91375110122772
0.0,-0.25,-139.82184198205354
0.0,-0.25,-180.58981122730657
0.0,-0.25,-181.69245169922183
0.0,-0.25,-151.53978832807414
0.0,-0.25,-159.71749908231595
0.0,-0.25,-142.226874841042
0.0,-0.25,-169.8996494088966
0.0,-0.25,-162.692603031084
0.0,-0.25,-176.3026029247611
0.0,-0.25,-164.27551033776749
0.0,-0.25,-158.43249461723073
0.0,-0.25,-136.11353571862418
0.0,-0.25,-158.67166768509884
0.0,-0.25,-172.03294040098737
0.0,-0.25,-154.68678719466405
0.0,-0.25,-179.15860682050592
0.0,-0.25,-170.42063435810684
0.0,-0.25,-158.60805991078234
0.0,-0.25,-154.40220283051087
0.0,-0.25,-178.0369523917757
0.0,-0.25,-168.6690821885461
0.0,-0.25,-166.3711176246124
0.0,-0.25,-179.21300625725846
0.0,-0.25,-168.17095948523544
0.0,-0.25,-155.74524643620688
0.0,-0.25,-184.83308400067128
0.0,-0.25,-157.79284206117964
0.0,-0.25,-169.40709092153645
0.0,-0.25,-170.08375654383877
0.0,-0.25,-180.2070629946784
0.0,-0.25,-155.09583651798022
0.0,-0.25,-177.00088847062705
0.0,-0.25,-165.06310322712577
0.0,-0.25,-171.4842873894497
0.0,-0.25,-162.6180380224976
0.0,-0.25,-174.2814010358929
0.0,-0.25,-140.23042294296684
0.0,-0.25,-176.48200496194266
0.0,-0.25,-157.23778831123494
0.0,-0.25,-144.706174062115
0.0,-0.25,-165.43748431627327
0.0,-0.25,-171.10961491545385
0.0,-0.25,-161.22856910903252
0.0,-0.25,-155.14171966196258
0.0,-0.25,-141.87944302793935
0.0,-0.25,-174.41964688108206
0.0,-0.25,-195.81078379489986
0.0,-0.25,-173.71393224340096
0.0,-0.25,-135.8931974703316
0.0,-0.25,-181.51187245069113
0.0,-0.25,-163.32346542416806
0.0,-0.25,-169.5470233007217
0.0,-0.25,-140.28282052373714
0.0,-0.25,-176.3431324036193
0.0,-0.25,-156.16576436300377
0.0,-0.25,-161.63907532992076
0.0,-0.25,-167.73180823052346
0.0,-0.25,-145.61494990933005
0.0,-0.25,-139.37478149025
0.0,-0.25,-166.18591221847848
0.0,-0.25,-144.38642065665914
0.0,-0.25,-159.5916539314877
0.0,-0.25,-163.06168955553014
0.0,-0.25,-138.64727557551342
0.0,-0.25,-175.20996645356718
0.0,-0.25,-185.32394205756745
0.0,-0.25,-139.0238519907305
0.0,-0.25,-185.96746610357812
0.0,-0.25,-160.69732337417364
0.0,-0.25,-177.9550826577796
0.0,-0.25,-190.317034345225
0.0,-0.25,-171.3419533931008
0.0,-0.25,-135.4542423437913
0.0,-0.25,-175.3159160763013
0.0,-0.25,-184.74803349183395
0.0,-0.25,-195.93197159092784
0.0,-0.25,-191.08235666840778
0.0,-0.25,-163.70337954615286
0.0,-0.25,-147.78310597042326
0.0,-0.25,-149.67548787199615
0.0,-0.25,-143.45449100221876
0.0,-0.25,-164.62165144300005
0.0,-0.25,-195.14827923993107
0.0,-0.25,-142.26204208159848
0.0,-0.25,-181.73801732345441
0.0,-0.25,-146.8546187225205
0.0,-0.25,-191.89286050248623
0.0,-0.25,-192.67270622402927
0.0,-0.25,-158.50182128531938
0.0,-0.25,-167.36615489830535
0.0,-0.25,-152.94923434394514
0.0,-0.25,-147.51927448716316
0.0,-0.25,-165.02169150915077
0.0,-0.25,-159.33058581573965
0.0,-0.25,-175.95787521872225
0.0,-0.25,-172.10002639310935
0.0,-0.25,-149.01164412831068
0.0,-0.25,-152.29289170648443
0.0,-0.25,-193.7714431778184
0.0,-0.25,-152.67444162012336
0.0,-0.25,-155.79051643099413
0.0,-0.25,-182.2405671877634
0.0,-0.25,-174.11146543240184
0.0,-0.25,-139.55878357000844
0.0,-0.25,-145.15337424363335
0.0,-0.25,-184.56514153432445
0.0,-0.25,-176.75928468518953
0.0,-0.25,-144.65914863463578
0.0,-0.25,-180.14832642912216
0.0,-0.25,-149.39099593969087
0.0,-0.25,-192.8961186378156
0.0,-0.25,-167.504545670993
0.0,-0.25,-158.7118720114048
0.0,-0.25,-179.9622414841576
0.0,-0.25,-173.34431215434952
0.0,-0.25,-183.42040990952285
0.0,-0.25,-157.06894846045395
0.0,-0.25,-139.9534253858149
0.0,-0.25,-153.84588063219365
0.0,-0.25,-165.05266828294864
0.0,-0.25,-154.3942516623678
0.0,-0.25,-171.18710740749376
0.0,-0.25,-159.56714541032864
0.0,-0.25,-157.1752083151916
0.0,-0.25,-134.72877794968002
0.0,-0.25,-163.440185440987
0.0,-0.25,-182.36006842357438
0.0,-0.25,-178.30544275739723
0.0,-0.25,-146.38221190441595
0.0,-0.25,-168.67055554675957
0.0,-0.25,-181.21351140010586
0.0,-0.25,-168.86021866436352
0.0,-0.25,-195.59083096603828
0.0,-0.25,-148.08816968958422
0.0,-0.25,-140.6515177830066
0.0,-0.25,-168.70388388826922
0.0,-0.25,-184.31768262119934
0.0,-0.25,-186.03828652175
0.0,-0.25,-151.0116325376753
0.0,-0.25,-169.67031392147626
0.0,-0.25,-145.46976131779
0.0,-0.25,-153.86091477486386
0.0,-0.25,-173.74384460550039
0.0,-0.25,-167.36635084796953
0.0,-0.25,-153.59645995614127
0.0,-0.25,-191.03865160927307
0.0,-0.25,-152.2600210554874
0.0,-0.25,-164.985617458473
0.0,-0.25,-156.02621683566667
0.0,-0.25,-146.18241350310498
0.0,-0.25,-171.67977692639525
0.0,-0.25,-166.43421677467447
0.0,-0.25,-162.42701342604607
0.0,-0.25,-152.83709791395793
0.0,-0.25,-159.4011389034101
0.0,-0.25,-157.36809605835893
0.0,-0.25,-147.86650082089818
0.0,-0.25,-156.64553498500874
0.0,-0.25,-163.66028239259452
0.0,-0.25,-167.08816944117845
0.0,-0.25,-145.54347260841163
0.0,-0.25,-145.32149193194888
0.0,-0.25,-170.1204204121455
0.0,-0.25,-185.85900498666106
0.0,-0.25,-144.40670900392888
0.0,-0.25,-159.74368615203886
0.0,-0.25,-175.34687814918314
0.0,-0.25,-136.0761792609291
0.0,-0.25,-179.01271678690213
0.0,-0.25,-183.66695552746992
0.0,-0.25,-153.77323438899103
0.0,-0.25,-185.00901581557181
0.0,-0.25,-158.60974816398792
0.0,-0.25,-168.5881559115852
0.0,-0.25,-142.09534365410178
0.0,-0.25,-189.40895288915274
0.0,-0.25,-170.8366289392905
0.0,-0.25,-174.51264290964806
0.0,-0.25,-146.43267959151484
0.0,-0.25,-173.2160034198582
0.0,-0.25,-156.8384957142025
0.0,-0.25,-169.16946674753376
0.0,-0.25,-174.63640620568637
0.0,-0.25,-175.48364523183776
0.0,-0.25,-180.88921633862478
0.0,-0.25,-157.1876256235148
0.0,-0.25,-187.0138683584614
0.0,-0.25,-135.72589734017245
0.0,-0.25,-160.58836550049213
0.0,-0.25,-154.5157777482974
0.0,-0.25,-142.17214443453898
0.0,-0.25,-154.39437290087204
0.0,-0.25,-135.93548792520554
0.0,-0.25,-132.70135469517948
0.0,-0.25,-177.25550734391126
0.0,-0.25,-163.23695286556966
0.0,-0.25,-187.61980924106433
0.0,-0.25,-162.02973437096497
0.0,-0.25,-174.88093994660653
0.0,-0.25,-149.84007112896225
0.0,-0.25,-180.813378727102
0.0,-0.25,-167.1133257700737
0.0,-0.25,-139.47565493580495
0.0,-0.25,-150.49900087548383
0.0,-0.25,-155.5953067903869
0.0,-0.25,-150.14402313538073
0.0,-0.25,-172.01170699366395
0.0,-0.25,-133.61668875679658
0.0,-0.25,-137.48900311410515
0.0,-0.25,-183.12788431933032
0.0,-0.25,-145.37754706357254
0.0,-0.25,-165.57283965348407
0.0,-0.25,-155.73627855141513
0.0,-0.25,-184.6583917632504
0.0,-0.25,-142.53819695227452
0.0,-0.25,-169.62379060222074
0.0,-0.25,-149.65391705589752
0.0,-0.25,-186.30798186162795
0.0,-0.25,-190.80444353618003
0.0,-0.25,-163.81926355927484
0.0,-0.25,-153.2990891577621
0.0,-0.25,-163.6952116194962
0.0,-0.25,-163.1175467643954
0.0,-0.25,-182.83949084636603
0.0,-0.25,-163.81502603155877
0.0,-0.25,-162.8986956957753
0.0,-0.25,-177.22268729769885
0.0,-0.25,-173.145702741966
0.0,-0.25,-164.43421259070195
0.0,-0.25,-143.23974331072336
0.0,-0.25,-140.53028850820394
0.0,-0.25,-174.81225448626347
0.0,-0.25,-164.7377727997458
0.0,-0.25,-145.88861832754483
0.0,-0.25,-132.98450826096862
0.0,-0.25,-195.78499009581657
0.0,-0.25,-176.39900417940402
0.0,-0.25,-181.32127770105936
0.0,-0.25,-146.69993214259782
0.0,-0.25,-155.84776862752864
0.0,-0.25,-155.40117210637695
0.0,-0.25,-160.28575966141403
0.0,-0.25,-141.8631230082122
0.0,-0.25,-136.18455272600443
0.0,-0.25,-161.39648613740303
0.0,-0.25,-162.88479159828591
0.0,-0.25,-175.7127117704668
0.0,-0.25,-134.71956977900865
0.0,-0.25,-141.15354911714175
0.0,-0.25,-146.2504913449019
0.0,-0.25,-171.03197369835505
0.0,-0.25,-139.7460879661497
0.0,-0.25,-175.7451717405141
0.0,-0.25,-182.85404782285332
0.0,-0.25,-175.68013840782297
0.0,-0.25,-178.17765263401174
0.0,-0.25,-173.9431239947105
0.0,-0.25,-129.09092996896288
0.0,-0.25,-185.09026227802397
0.0,-0.25,-193.04391349861
0.0,-0.25,-145.90123100159926
0.0,-0.25,-191.6447060431452
0.0,-0.25,-172.16538556425687
0.0,-0.25,-140.41343721235557
0.0,-0.25,-164.20011882522985
0.0,-0.25,-171.37512087806516
0.0,-0.25,-157.18899926062093
0.0,-0.25,-163.371096468745
0.0,-0.25,-145.092203455838
0.0,-0.25,-178.00347788381893
0.0,-0.25,-179.32548498777265
0.0,-0.25,-144.14641062028144
0.0,-0.25,-167.04195568517628
0.0,-0.25,-141.40603854175504
0.0,-0.25,-165.8289716902893
0.0,-0.25,-146.8522469602524
0.0,-0.25,-182.51476654391902
0.0,-0.25,-166.9976096804975
0.0,-0.25,-184.51301551074326
0.0,-0.25,-168.14739531283382
0.0,-0.25,-132.47594535775792
0.0,-0.25,-157.0918315349629
0.0,-0.25,-165.62504109132922
0.0,-0.25,-168.68847738352252
0.0,-0.25,-189.88173512105809
0.0,-0.25,-171.87316109276244
0.0,-0.25,-163.44381558172628
0.0,-0.25,-148.8680080979378
0.0,-0.25,-147.36926249568765
0.0,-0.25,-152.17367491283204
0.0,-0.25,-170.80176129122057
0.0,-0.25,-163.8064113490349
0.0,-0.25,-169.58746289356927
0.0,-0.25,-179.87761740844104
0.0,-0.25,-137.6759930489587
0.0,-0.25,-166.19034283521705
0.0,-0.25,-160.25703303878535
0.0,-0.25,-146.29309703441322
0.0,-0.25,-166.19344387763883
0.0,-0.25,-173.7179025527066
0.0,-0.25,-169.36420548670617
0.0,-0.25,-140.41396687352446
0.0,-0.25,-161.56243371481608
0.0,-0.25,-185.15482667405638
0.0,-0.25,-159.67351505320394
0.0,-0.25,-177.27747186972934
0.0,-0.25,-166.8471938988236
0.0,-0.25,-158.4032789755717
0.0,-0.25,-170.66876313523792
0.0,-0.25,-172.87654798616765
0.0,-0.25,-165.80720901823466
0.0,-0.25,-186.66189335658197
0.0,-0.25,-153.42845149483134
0.0,-0.25,-171.6700034140511
0.0,-0.25,-168.71274483903954
0.0,-0.25,-163.93949908321702
0.0,-0.25,-178.19090594897636
0.0,-0.25,-139.5223813515976
0.0,-0.25,-172.16408350902935
0.0,-0.25,-179.0638444686456
0.0,-0.25,-179.10978129834038
0.0,-0.25,-158.3011412814744
0.0,-0.25,-177.6884681387457
0.0,-0.25,-158.81327202261969
0.0,-0.25,-163.90608727305238
0.0,-0.25,-163.3972192607595
0.0,-0.25,-177.01638642377188
0.0,-0.25,-139.6323786187905
0.0,-0.25,-170.8985702174946
0.0,-0.25,-169.70114479443572
0.0,-0.25,-160.74443971800056
0.0,-0.25,-144.1364544989579
0.0,-0.25,-178.86228741619956
0.0,-0.25,-150.3039354718119
0.0,-0.25,-172.8332874820129
0.0,-0.25,-161.58741126210515
0.0,-0.25,-157.11181345603106
0.0,-0.25,-160.55022912034843
0.0,-0.25,-141.35936372762637
0.0,-0.25,-175.32157594780742
0.0,-0.25,-162.8082116730603
0.0,-0.25,-166.8605802578634
0.0,-0.25,-154.0557777906808
0.0,-0.25,-151.62832288573173
0.0,-0.25,-159.81489953343328
0.0,-0.25,-163.78170643067702
0.0,-0.25,-181.75413992705379
0.0,-0.25,-149.10440606577012
0.0,-0.25,-166.70455978142394
0.0,-0.25,-173.3664510676712
0.0,-0.25,-157.44955243821457
0.0,-0.25,-148.86011839324684
0.0,-0.25,-170.6994421669384
0.0,-0.25,-156.96698735868037
0.0,-0.25,-176.86557163456095
0.0,-0.25,-175.7731982225622
0.0,-0.25,-173.02943947378316
0.0,-0.25,-142.21560060419216
0.0,-0.25,-184.18599604924034
0.0,-0.25,-175.60758167393146
0.0,-0.25,-164.99582446664957
0.0,-0.25,-187.22623394769286
0.0,-0.25,-161.53799068559695
0.0,-0.25,-168.5052571258179
0.0,-0.25,-177.79201104405885
0.0,-0.25,-133.35107264104084
0.0,-0.25,-155.40966265543017
0.0,-0.25,-158.7462119549678
0.0,-0.25,-157.28186059567892
0.0,-0.25,-177.0354026825015
0.0,-0.25,-178.28079967257057
0.0,-0.25,-145.45370123330946
0.0,-0.25,-178.48442405538273
0.0,-0.25,-158.07642673580958
0.0,-0.25,-193.5734028163205
0.0,-0.25,-162.65606375217666
0.0,-0.25,-174.45222360442057
0.0,-0.25,-183.55931352452706
0.0,-0.25,-172.58164812544854
0.0,-0.25,-131.7411337685549
0.0,-0.25,-167.72090991646147
0.0,-0.25,-149.55553255535307
0.0,-0.25,-172.83341229082598
0.0,-0.25,-145.1269590478944
0.0,-0.25,-152.00962247983185
0.0,-0.25,-162.68394001155843
0.0,-0.25,-173.85307351881002
0.0,-0.25,-164.0669004013664
0.0,-0.25,-142.69653982149572
0.0,-0.25,-160.07508287270744
0.0,-0.25,-147.79941319011394
0.0,-0.25,-166.1459786062757
0.0,-0.25,-144.6471725554325
0.0,-0.25,-176.65565741407167
0.0,-0.25,-159.79640268810664
0.0,-0.25,-134.91709730859662
0.0,-0.25,-161.27350217080755
0.0,-0.25,-165.21933262628738
0.0,-0.25,-179.59777004706476
0.0,-0.25,-181.9267082398641
0.0,-0.25,-170.70130638404265
0.0,-0.25,-168.31815447880922
0.0,-0.25,-175.90563305818623
0.0,-0.25,-155.30657451595658
0.0,-0.25,-150.48854631661447
0.0,-0.25,-146.11307955182204
0.0,-0.25,-146.96192730184467
0.0,-0.25,-174.99177230421307
0.0,-0.25,-130.50855419770159
0.0,-0.25,-181.5976075847241
0.0,-0.25,-190.05204597149992
0.0,-0.25,-147.4908838849187
0.0,-0.25,-185.3681253721664
0.0,-0.25,-167.54750931991094
0.0,-0.25,-168.1282093737751
0.0,-0.25,-159.7906459906802
0.0,-0.25,-187.76172255659137
0.0,-0.25,-160.49059307317881
0.0,-0.25,-138.62017077214753
0.0,-0.25,-154.72237290407898
0.0,-0.25,-148.83735058736107
0.0,-0.25,-136.36304629114468
0.0,-0.25,-187.49297666498697
0.0,-0.25,-187.57187648992604
0.0,-0.25,-173.8649075085436
0.0,-0.25,-196.05590530731473
0.0,-0.25,-160.22778330371662
0.0,-0.25,-154.46419021089426
0.0,-0.25,-161.5312450561751
0.0,-0.25,-187.86732897386878
0.0,-0.25,-191.53660833443388
0.0,-0.25,-154.90847792925354
0.0,-0.25,-159.47037026050785
0.0,-0.25,-141.92894820435234
0.0,-0.25,-144.82296253676267
0.0,-0.25,-168.54550373062548
0.0,-0.25,-183.33094144124394
0.0,-0.25,-141.99841489618223
0.0,-0.25,-154.67662344883084
0.0,-0.25,-149.6760970594542
0.0,-0.25,-168.10083228156742
0.0,-0.25,-175.2118215386503
0.0,-0.25,-160.83338735022096
0.0,-0.25,-157.46433091919388
0.0,-0.25,-160.52140176811747
0.0,-0.25,-153.18840550804052
0.0,-0.25,-162.27233811970711
0.0,-0.25,-166.96381229351488
0.0,-0.25,-161.68758000017
0.0,-0.25,-173.41295412883343
0.0,-0.25,-152.69173770848025
0.0,-0.25,-168.71599944231153
0.0,-0.25,-184.41426403271157
0.0,-0.25,-162.47314660788388
0.0,-0.25,-185.8871218387065
0.0,-0.25,-187.12768128679286
0.0,-0.25,-179.65606061904205
0.0,-0.25,-183.46550510258672
0.0,-0.25,-168.3233025053478
0.0,-0.25,-153.75627806954066
0.0,-0.25,-163.16674731526686
0.0,-0.25,-134.12106548709303
0.0,-0.25,-166.36544416555188
0.0,-0.25,-145.2358807843605
0.0,-0.25,-162.54066764046675
0.0,-0.25,-150.9686766576595
0.0,-0.25,-169.6787295713523
0.0,-0.25,-159.1607204983744
0.0,-0.25,-132.27590994948554
0.0,-0.25,-173.17426565306027
0.0,-0.25,-147.51708906069862
0.0,-0.25,-135.9338629644594
0.0,-0.25,-171.97862218508524
0.0,-0.25,-149.8882061250941
0.0,-0.25,-166.04344210664024
0.0,-0.25,-160.91719956437643
0.0,-0.25,-144.69432289996735
0.0,-0.25,-158.1301522186257
0.0,-0.25,-179.61792018762137
0.0,-0.25,-158.00882830451064
0.0,-0.25,-171.73926398267565
0.0,-0.25,-169.88238002423836
0.0,-0.25,-137.43051913623933
0.0,-0.25,-187.1010625708776
0.0,-0.25,-151.67798531725086
0.0,-0.25,-185.98267140410172
0.0,-0.25,-163.46447375148003
0.0,-0.25,-179.0297355453165
0.0,-0.25,-163.09740546052228
0.0,-0.25,-184.05308483744096
0.0,-0.25,-169.05088690810595
0.0,-0.25,-158.0289837130476
0.0,-0.25,-151.0011467331536
0.0,-0.25,-154.53809644385933
0.0,-0.25,-150.90926415123036
0.0,-0.25,-153.62123588171966
0.0,-0.25,-191.12994281460522
0.0,-0.25,-158.19014690607275
0.0,-0.25,-160.47589348472212
0.0,-0.25,-152.88886244474787
0.0,-0.25,-143.70948543680154
0.0,-0.25,-169.06945710508495
0.0,-0.25,-186.30868321689223
0.0,-0.25,-168.30803973348822
0.0,-0.25,-156.92847811780064
0.0,-0.25,-142.80809196079665
0.0,-0.25,-180.6140795643111
0.0,-0.25,-152.11282138827198
0.0,-0.25,-158.03962094739964
0.0,-0.25,-141.55219504676643
0.0,-0.25,-172.56588819086073
0.0,-0.25,-171.0605306910886
0.0,-0.25,-181.85138187536
0.0,-0.25,-161.5357623692616
0.0,-0.25,-166.32888566626207
0.0,-0.25,-186.87492328858167
0.0,-0.25,-147.20355540213808
0.0,-0.25,-182.91476916085492
0.0,-0.25,-169.59095925467915
0.0,-0.25,-158.53248384061644
0.0,-0.25,-148.8904011622476
0.0,-0.25,-165.94993021868257
0.0,-0.25,-179.52908143905262
0.0,-0.25,-146.94254611728456
0.0,-0.25,-142.83960755262885
0.0,-0.25,-151.84968549074105
0.0,-0.25,-162.16056769537406
0.0,-0.25,-170.22153272091077
0.0,-0.25,-165.80063855548573
0.0,-0.25,-187.65361002534488
0.0,-0.25,-174.3551487176774
0.0,-0.25,-173.46374133392882
0.0,-0.25,-159.97485540116242
0.0,-0.25,-151.4625454798363
0.0,-0.25,-188.05474662552828
0.0,-0.25,-169.99102068183961
0.0,-0.25,-162.63924471900776
0.0,-0.25,-162.33476056318793
0.0,-0.25,-173.56009594082045
0.0,-0.25,-163.94529630822984
0.0,-0.25,-170.6624358797565
0.0,-0.25,-184.08495903325104
0.0,-0.25,-186.81279462853757
0.0,-0.25,-128.1933757745386
0.0,-0.25,-167.87982761548056
0.0,-0.25,-165.38613356632018
0.0,-0.25,-174.63726589439145
0.0,-0.25,-168.84399315744054
0.0,-0.25,-161.44643775147736
0.0,-0.25,-154.6613131410505
0.0,-0.25,-180.76506329634807
0.0,-0.25,-168.3678130431962
0.0,-0.25,-163.30416985885623
0.0,-0.25,-161.5472089441418
0.0,-0.25,-161.04244921363286
0.0,-0.25,-171.64046496551845
0.0,-0.25,-154.0844656467232
0.0,-0.25,-146.51471972054222
0.0,-0.25,-176.58726703678292
0.0,-0.25,-144.89076530526447
0.0,-0.25,-146.0418519960347
0.0,-0.25,-151.13633995034013
0.0,-0.25,-177.4503636495753
0.0,-0.25,-187.67335720069548
0.0,-0.25,-173.16902230480903
0.0,-0.25,-137.83128235088685
0.0,-0.25,-144.29435715291922
0.0,-0.25,-162.02341009466537
0.0,-0.25,-139.68744267641276
0.0,-0.25,-133.67493944488876
0.0,-0.25,-173.161377552867
0.0,-0.25,-164.38238116903196
0.0,-0.25,-158.39221478018825
0.0,-0.25,-143.3884346101774
0.0,-0.25,-191.92891898981105
0.0,-0.25,-190.13780689152406
0.0,-0.25,-149.0942648598757
0.0,-0.25,-196.2730914328003
0.0,-0.25,-183.41980119109454
0.0,-0.25,-137.31855080384432
0.0,-0.25,-161.1063688099127
0.0,-0.25,-149.34094917995253
0.0,-0.25,-160.3585361653247
0.0,-0.25,-179.69307638157193
0.0,-0.25,-135.86193822095822
0.0,-0.25,-153.23797629165244
0.0,-0.25,-149.59626610994687
0.0,-0.25,-154.28356713054717
0.0,-0.25,-139.96898380231127
0.0,-0.25,-143.53988188946528
0.0,-0.25,-161.35776517086424
0.0,-0.25,-184.41472081282777
0.0,-0.25,-153.38271094560247
0.0,-0.25,-167.66633997312542
0.0,-0.25,-174.4444749141968
0.0,-0.25,-184.19321767929424
0.0,-0.25,-158.32176878330162
0.0,-0.25,-142.65068399145883
0.0,-0.25,-152.56546117525718
0.0,-0.25,-167.51928469879445
0.0,-0.25,-159.55247815081728
0.0,-0.25,-163.56476314053126
0.0,-0.25,-174.7415912309294
0.0,-0.25,-162.5571436811829
0.0,-0.25,-167.44784047371397
0.0,-0.25,-168.45812994642105
0.0,-0.25,-131.96347627167773
0.0,-0.25,-163.01495375113925
0.0,-0.25,-150.93450402600868
0.0,-0.25,-150.6460427213697
0.0,-0.25,-144.25878190412516
0.0,-0.25,-129.7220352009991
0.0,-0.25,-139.92369015843215
0.0,-0.25,-166.52221058886545
0.0,-0.25,-167.45174582785495
0.0,-0.25,-152.08507327436593
0.0,-0.25,-150.79451655087766
0.0,-0.25,-186.2226468468445
0.0,-0.25,-175.033253441194
0.0,-0.25,-180.6295432267703
0.0,-0.25,-168.58425472255274
0.0,-0.25,-133.20454966179366
0.0,-0.25,-130.75613687929484
0.0,-0.25,-163.21143480410947
0.0,-0.25,-193.8592598741812
0.0,-0.25,-172.61183351549758
0.0,-0.25,-167.26260938259813
0.0,-0.25,-155.76886361563695
0.0,-0.25,-162.8515140405296
0.0,-0.25,-192.50526365222396
0.0,-0.25,-142.0850338467503
0.0,-0.25,-163.6514338993541
0.0,-0.25,-198.5173851694265
0.0,-0.25,-135.8901224193152
0.0,-0.25,-155.37281047797885
0.0,-0.25,-167.27256472878827
0.0,-0.25,-164.53548938194896
0.0,-0.25,-172.73715763815605
0.0,-0.25,-180.6771658739301
0.0,-0.25,-193.26886908505583
0.0,-0.25,-162.2821366822625
0.0,-0.25,-172.4391895357045
0.0,-0.25,-180.46276071434866
0.0,-0.25,-157.9322877690431
0.0,-0.25,-147.34119202291978
0.0,-0.25,-163.5939331167769
0.0,-0.25,-171.1896392025346
0.0,-0.25,-147.09926288592905
0.0,-0.25,-148.82148375352446
0.0,-0.25,-136.41922164280408
0.0,-0.25,-186.05693212589995
0.0,-0.25,-169.63025999424403
0.0,-0.25,-164.55226451792146
0.0,-0.25,-171.3576706441569
0.0,-0.25,-163.51076903974945
0.0,-0.25,-147.30333473776182
0.0,-0.25,-141.18750411026352
0.0,-0.25,-146.12971863427518
0.0,-0.25,-171.30467558998433
0.0,-0.25,-161.68095941287464
0.0,-0.25,-137.15618353488955
0.0,-0.25,-183.25592210754954
0.0,-0.25,-168.7448540309249
0.0,-0.25,-134.12752229748594
0.0,-0.25,-138.12592466992655
0.0,-0.25,-165.5535798854959
0.0,-0.25,-149.10569882697223
0.0,-0.25,-174.1435680248277
0.0,-0.25,-190.2472787675434
0.0,-0.25,-168.75194437054816
0.0,-0.25,-159.1614314048521
0.0,-0.25,-162.60138555764547
0.0,-0.25,-179.71898458900364
0.0,-0.25,-183.2046077968757
0.0,-0.25,-183.80738600006654
0.0,-0.25,-153.14400888581974
0.0,-0.25,-169.655970055289
0.0,-0.25,-167.2283040096101
0.0,-0.25,-154.220747189311
0.0,-0.25,-187.91876424652017
0.0,-0.25,-159.67018700866979
0.0,-0.25,-180.00936258932722
0.0,-0.25,-146.9783207537948
0.0,-0.25,-161.81947716301704
0.0,-0.25,-139.96527195616173
0.0,-0.25,-174.66871251874042
0.0,-0.25,-183.49340478586143
0.0,-0.25,-149.68624016416788
0.0,-0.25,-158.7833562594089
0.0,-0.25,-133.40428980925844
0.0,-0.25,-160.3976260590165
0.0,-0.25,-187.64234370807708
0.0,-0.25,-155.6408790457541
0.0,-0.25,-152.1111400165994
0.0,-0.25,-181.9284236791836
0.0,-0.25,-166.1513849008834
0.0,-0.25,-182.4323478265278
0.0,-0.25,-161.1062596905484
0.0,-0.25,-172.2371913289
0.0,-0.25,-175.55323046620884
0.0,-0.25,-146.97998843127186
0.0,-0.25,-137.24299223903523
0.0,-0.25,-182.88785563513434
0.0,-0.25,-146.936462885029
0.0,-0.25,-153.77443284594992
0.0,-0.25,-176.61069263054097
0.0,-0.25,-152.95824130891828
0.0,-0.25,-192.3378380468176
0.0,-0.25,-175.53564500944532
0.0,-0.25,-157.90109082772526
0.0,-0.25,-170.21430612106045
0.0,-0.25,-170.01521657563345
0.0,-0.25,-163.08633007130564
0.0,-0.25,-198.14785724712843
0.0,-0.25,-137.72587207926503
0.0,-0.25,-180.20756088022995
0.0,-0.25,-150.65378467084767
0.0,-0.25,-151.56545213585144
0.0,-0.25,-162.6093685962744
0.0,-0.25,-161.22850773711144
0.0,-0.25,-160.89219853398419
0.0,-0.25,-171.31918335966344
0.0,-0.25,-147.09762056775077
0.0,-0.25,-159.9010002015656
0.0,-0.25,-188.73364326118502
0.0,-0.25,-158.5358766415859
0.0,-0.25,-142.59928429555836
0.0,-0.25,-161.00235512162112
0.0,-0.25,-174.79743766696663
0.0,-0.25,-165.45442253066585
0.0,-0.25,-137.4165893079325
0.0,-0.25,-178.3321652778585
0.0,-0.25,-130.27265851952987
0.0,-0.25,-169.86586604568055
0.0,-0.25,-160.1517658899645
0.0,-0.25,-156.67642889814243
0.0,-0.25,-141.1480173713513
0.0,-0.25,-148.48016067459173
0.0,-0.25,-161.04956801369616
0.0,-0.25,-154.94222389240974
0.0,-0.25,-161.04959647823682
0.0,-0.25,-157.18836181375303
0.0,-0.25,-146.8554299919141
0.0,-0.25,-171.69545223347674
0.0,-0.25,-171.02420084409798
0.0,-0.25,-143.6712821275523
0.0,-0.25,-161.7215020416568
0.0,-0.25,-171.82539209816568
0.0,-0.25,-149.56848665010565
0.0,-0.25,-154.96781596463734
0.0,-0.25,-153.31476247749285
0.0,-0.25,-183.9575411211881
0.0,-0.25,-160.97017476626647
0.0,-0.25,-169.8739167316642
0.0,-0.25,-160.70564411836187
0.0,-0.25,-132.51856975250217
0.0,-0.25,-168.84598823152362
0.0,-0.25,-134.14544554754374
0.0,-0.25,-162.74948447850454
0.0,-0.25,-196.24100695359894
0.0,-0.25,-155.684050458512
0.0,-0.25,-174.94862652351767
0.0,-0.25,-148.3000188079046
0.0,-0.25,-166.82839403051864
0.0,-0.25,-162.76530534866004
0.0,-0.25,-163.52858478416258
0.0,-0.25,-150.10544927407193
0.0,-0.25,-158.93470871293138
0.0,-0.25,-163.89270774494722
0.0,-0.25,-148.53026540090028
0.0,-0.25,-163.68688704724732
0.0,-0.25,-143.31359768698658
0.0,-0.25,-173.24893451680975
0.0,-0.25,-156.30128780836617
0.0,-0.25,-168.54840745473322
0.0,-0.25,-155.22255391880748
0.0,-0.25,-144.3124726431454
0.0,-0.25,-146.5875611172473
0.0,-0.25,-181.79504327013862
0.0,-0.25,-166.88937249608279
0.0,-0.25,-171.72055826361756
0.0,-0.25,-138.50611873855527
0.0,-0.25,-162.8558757138585
0.0,-0.25,-155.5559865464344
0.0,-0.25,-151.05050650046627
0.0,-0.25,-163.98622388756723
0.0,-0.25,-162.06155311393132
0.0,-0.25,-186.84864661398186
0.0,-0.25,-149.74476623601439
0.0,-0.25,-178.1095645605345
0.0,-0.25,-140.23893668371005
0.0,-0.25,-149.43026805588875
0.0,-0.25,-137.92085648188916
0.0,-0.25,-193.58821063912504
0.0,-0.25,-155.66516725727908
0.0,-0.25,-176.43060028456637
0.0,-0.25,-131.66492373448887
0.0,-0.25,-165.9001175209153
0.0,-0.25,-136.60237213446774
0.0,-0.25,-170.41821467375016
0.0,-0.25,-127.6930926121811
0.0,-0.25,-142.27881311407336
0.0,-0.25,-157.2002993195141
0.0,-0.25,-195.50317705383355
0.0,-0.25,-167.2410415594152
0.0,-0.25,-159.26916824362218
0.0,-0.25,-156.93794887878047
0.0,-0.25,-165.08177088957103
0.0,-0.25,-177.17059182484218
0.0,-0.25,-169.26296068370075
0.0,-0.25,-171.39245059421887
0.0,-0.25,-164.54974983851628
0.0,-0.25,-187.33220322808737
0.0,-0.25,-147.63406112695552
0.0,-0.25,-175.8092671965772
0.0,-0.25,-181.0261097180602
0.0,-0.25,-140.79467967111017
0.0,-0.25,-143.89786156981563
0.0,-0.25,-149.38404861796727
0.0,-0.25,-156.69685327220648
0.0,-0.25,-154.24182636221263
0.0,-0.25,-170.2909458550913
0.0,-0.25,-163.7666794646314
0.0,-0.25,-141.26367469949082
0.0,-0.25,-157.09495728924875
0.0,-0.25,-164.29059083173934
0.0,-0.25,-159.1378112828442
0.0,-0.25,-160.89011957930373
0.0,-0.25,-168.10150028882478
0.0,-0.25,-152.34291314236359
0.0,-0.25,-166.6153794065708
0.0,-0.25,-181.11707183139342
0.0,-0.25,-150.89833463729633
0.0,-0.25,-183.70635631986173
0.0,-0.25,-175.55496183958635
0.0,-0.25,-152.43938712818945
0.0,-0.25,-172.4337157272679
0.0,-0.25,-170.7397888501444
0.0,-0.25,-159.72420198416384
0.0,-0.25,-158.42741181105526
0.0,-0.25,-151.08570724484682
0.0,-0.25,-169.43912857015258
0.0,-0.25,-160.2703670057018
0.0,-0.25,-165.50454127000694
0.0,-0.25,-146.10466545927497
0.0,-0.25,-152.31905980559532
0.0,-0.25,-166.80471604555552
0.0,-0.25,-139.95399932528022
0.0,-0.25,-169.8471626042083
0.0,-0.25,-171.51260152416117
0.0,-0.25,-156.50436348074243
0.0,-0.25,-157.73112580729952
0.0,-0.25,-153.691803840892
0.0,-0.25,-161.73595642926298
0.0,-0.25,-160.78812179941218
0.0,-0.25,-144.60215609682936
0.0,-0.25,-133.82094402250027
0.0,-0.25,-188.67691621288319
0.0,-0.25,-157.31413691202692
0.0,-0.25,-184.53944464908085
0.0,-0.25,-156.46964831063573
0.0,-0.25,-187.3787540598383
0.0,-0.25,-188.598677884102
0.0,-0.25,-175.27884430003107
0.0,-0.25,-189.37644308647785
0.0,-0.25,-184.7037913583274
0.0,-0.25,-160.19705885295213
0.0,-0.25,-165.73273108142394
0.0,-0.25,-183.69320167946938
0.0,-0.25,-157.21951092035263
0.0,-0.25,-175.30317272779791
0.0,-0.25,-191.7033670642455
0.0,-0.25,-160.14808779410538
0.0,-0.25,-140.5942603815727
0.0,-0.25,-161.03479082109257
0.0,-0.25,-163.8607380543276
0.0,-0.25,-150.12182737022397
0.0,-0.25,-162.32057879861966
0.0,-0.25,-185.7770609104018
0.0,-0.25,-166.1342784424131
0.0,-0.25,-176.03517856571096
0.0,-0.25,-165.47672801786626
0.0,-0.25,-172.43653346021017
0.0,-0.25,-197.26459486071045
0.0,-0.25,-167.7976249333442
0.0,-0.25,-185.27699758714468
0.0,-0.25,-168.53984424549375
0.0,-0.25,-163.22029430497557
0.0,-0.25,-140.09846392697813
0.0,-0.25,-165.10627577312317
0.0,-0.25,-186.41940377015
0.0,-0.25,-159.23338465536588
0.0,-0.25,-179.72756297334283
0.0,-0.25,-177.12193396109254
0.0,-0.25,-190.47727304166148
0.0,-0.25,-182.90042029102375
0.0,-0.25,-162.78797185785632
0.0,-0.25,-139.6102402107043
0.0,-0.25,-162.22226839511617
0.0,-0.25,-162.94857777550575
0.0,-0.25,-160.50189659404458
0.0,-0.25,-148.42678202042853
0.0,-0.25,-151.49646249478008
0.0,-0.25,-160.3382844186074
0.0,-0.25,-153.33411635001147
0.0,-0.25,-167.11309496627123
0.0,-0.25,-139.03889095471484
0.0,-0.25,-167.76972119341193
0.0,-0.25,-139.08819244840353
0.0,-0.25,-156.09344878329236
0.0,-0.25,-151.8900309760526
0.0,-0.25,-151.59478386397817
0.0,-0.25,-165.7867682660209
0.0,-0.25,-141.6797688820407
0.0,-0.25,-145.4757421824554
0.0,-0.25,-186.61722677237714
0.0,-0.25,-157.02122399453458
0.0,-0.25,-184.9056628671048
0.0,-0.25,-172.65415996201767
0.0,-0.25,-137.4404269545325
0.0,-0.25,-170.47660302514763
0.0,-0.25,-156.5670213875721
0.0,-0.25,-153.0834751796169
0.0,-0.25,-184.0720504519567
0.0,-0.25,-181.47800472949086
0.0,-0.25,-147.5497600109095
0.0,-0.25,-165.34012171198373
0.0,-0.25,-166.9908353862078
0.0,-0.25,-163.6601441250179
0.0,-0.25,-164.15095383335787
0.0,-0.25,-183.40070945299638
0.0,-0.25,-164.45490642626234
0.0,-0.25,-175.0237217247197
0.0,-0.25,-180.22957239143608
0.0,-0.25,-187.98929512992544
0.0,-0.25,-148.4998292777965
0.0,-0.25,-177.75565175909855
0.0,-0.25,-172.12617799326304
0.0,-0.25,-180.1968866353568
0.0,-0.25,-178.95643379573764
0.0,-0.25,-164.5350870885115
0.0,-0.25,-139.0691107853373
0.0,-0.25,-162.28453588212304
0.0,-0.25,-131.93463753715255
0.0,-0.25,-191.3794651200141
0.0,-0.25,-181.7748493456172
0.0,-0.25,-168.6195066073066
0.0,-0.25,-165.06349968433142
0.0,-0.25,-189.65509040795942
0.0,-0.25,-129.83490637371264
0.0,-0.25,-185.74736392289077
0.0,-0.25,-163.14173019974857
0.0,-0.25,-168.7670487732058
0.0,-0.25,-163.1229099733536
0.0,-0.25,-178.58642530852327
0.0,-0.25,-165.89262511450073
0.0,-0.25,-165.6790171111505
0.0,-0.25,-146.46258946085788
0.0,-0.25,-170.67455576156962
0.0,-0.25,-158.7821877379536
0.0,-0.25,-172.26573121828355
0.0,-0.25,-140.3885811479279
0.0,-0.25,-182.81065566438468
0.0,-0.25,-153.7842235016421
0.0,-0.25,-176.98359006871016
0.0,-0.25,-176.46691715110063
0.0,-0.25,-156.9218373800348
0.0,-0.25,-163.85784595064354
0.0,-0.25,-194.64223281766448
0.0,-0.25,-175.02626520627157
0.0,-0.25,-140.48189417531572
0.0,-0.25,-164.26764912350808
0.0,-0.25,-182.2870523228485
0.0,-0.25,-184.9956035381667
0.0,-0.25,-162.38043325257132
0.0,-0.25,-161.32182499061727
0.0,-0.25,-151.27979957525199
0.0,-0.25,-173.78004949328945
0.0,-0.25,-174.14428392313638
0.0,-0.25,-148.30380018768713
0.0,-0.25,-191.07020651313536
0.0,-0.25,-144.52397809715816
0.0,-0.25,-161.40439411421664
0.0,-0.25,-145.1518604726475
0.0,-0.25,-183.21397415729498
0.0,-0.25,-173.28350961189116
0.0,-0.25,-142.5888286473778
0.0,-0.25,-137.74818563922588
0.0,-0.25,-164.24539864076533
0.0,-0.25,-167.2142669337656
0.0,-0.25,-144.8902966648072
0.0,-0.25,-139.3655993567958
0.0,-0.25,-143.429414884379
0.0,-0.25,-174.24688236848667
0.0,-0.25,-165.61438783288074
0.0,-0.25,-157.10335137019004
0.0,-0.25,-169.13106157255223
0.0,-0.25,-180.4789501112243
0.0,-0.25,-168.51412633522486
0.0,-0.25,-166.39824815786815
0.0,-0.25,-142.09942512748088
0.0,-0.25,-147.06656112617765
0.0,-0.25,-163.39642518725623
0.0,-0.25,-181.95354372332014
0.0,-0.25,-168.77800552452138
0.0,-0.25,-165.74024495259158
0.0,-0.25,-181.99976685930667
0.0,-0.25,-148.2627910890151
0.0,-0.25,-167.682582317469
0.0,-0.25,-140.23869697805085
0.0,-0.25,-158.4734992693899
0.0,-0.25,-182.6485233666974
0.0,-0.25,-155.43121757636172
0.0,-0.25,-139.29414158221985
0.0,-0.25,-140.47396892543898
0.0,-0.25,-156.10417762256992
0.0,-0.25,-163.24308823074804
0.0,-0.25,-155.29852095674957
0.0,-0.25,-172.31233415034978
0.0,-0.25,-165.92623407886822
0.0,-0.25,-150.2352469192236
0.0,-0.25,-185.0583128560238
0.0,-0.25,-162.863230028742
0.0,-0.25,-141.880261762081
0.0,-0.25,-188.47068699412614
0.0,-0.25,-190.52388157887876
0.0,-0.25,-185.1807222356685
0.0,-0.25,-167.20405401421326
0.0,-0.25,-158.41646888944513
0.0,-0.25,-123.23062537108429
0.0,-0.25,-184.8365424088297
0.0,-0.25,-177.71577170082836
0.0,-0.25,-167.55080030597165
0.0,-0.25,-144.73392022384485
0.0,-0.25,-144.33463786559633
0.0,-0.25,-167.0527381590821
0.0,-0.25,-172.16426112541612
0.0,-0.25,-182.81544048937783
0.0,-0.25,-146.00440133508855
0.0,-0.25,-157.6692870145584
0.0,-0.25,-182.3617119244817
0.0,-0.25,-163.1161277505893
0.0,-0.25,-171.31749371386758
0.0,-0.25,-176.50672347048868
0.0,-0.25,-164.02142529260286
0.0,-0.25,-167.16078597908532
0.0,-0.25,-150.38693507327278
0.0,-0.25,-166.84290255543112
0.0,-0.25,-145.97152684734496
0.0,-0.25,-168.18252162370325
0.0,-0.25,-173.1748863496221
0.0,-0.25,-150.92229327323963
0.0,-0.25,-181.9491986443213
0.0,-0.25,-172.8531635534517
0.0,-0.25,-149.87641712084348
0.0,-0.25,-149.4943948931593
0.0,-0.25,-193.83834057002446
0.0,-0.25,-142.97405394353018
0.0,-0.25,-182.84715112153452
0.0,-0.25,-164.28124988832573
0.0,-0.25,-177.71649905023136
0.0,-0.25,-159.05384542300234
0.0,-0.25,-186.7199090476839
0.0,-0.25,-168.27819921978895
0.0,-0.25,-176.91303152569125
0.0,-0.25,-155.55767906070702
0.0,-0.25,-159.94311412701225
0.0,-0.25,-155.4887425509695
0.0,-0.25,-159.39788985554105
0.0,-0.25,-151.58594976587682
0.0,-0.25,-147.22359777743858
0.0,-0.25,-166.92079481323805
0.0,-0.25,-176.4874133793161
0.0,-0.25,-143.74822919487676
0.0,-0.25,-176.67030490316625
0.0,-0.25,-162.26958977816992
0.0,-0.25,-152.2440386975301
0.0,-0.25,-178.9726927382047
0.0,-0.25,-150.27481548196118
0.0,-0.25,-177.00906002378792
0.0,-0.25,-184.78998501811284
0.0,-0.25,-153.71175404120464
0.0,-0.25,-181.77987844507473
0.0,-0.25,-157.3707941105712
0.0,-0.25,-158.21666925285382
0.0,-0.25,-168.7267911533103
0.0,-0.25,-154.93607228631654
0.0,-0.25,-189.22857171673044
0.0,-0.25,-164.3493361164299
0.0,-0.25,-166.18525393529046
0.0,-0.25,-148.41699672607882
0.0,-0.25,-165.63501076279098
0.0,-0.25,-135.3062310592794
0.0,-0.25,-148.10133271006998
0.0,-0.25,-156.33960566531917
0.0,-0.25,-169.4460992211287
0.0,-0.25,-151.89832227949032
0.0,-0.25,-130.26340347344967
0.0,-0.25,-178.89345423221494
0.0,-0.25,-175.4081704051311
0.0,-0.25,-153.25673246135477
0.0,-0.25,-164.7929312533449
0.0,-0.25,-171.07528915182445
0.0,-0.25,-177.94430615359633
0.0,-0.25,-184.85569227340557
0.0,-0.25,-176.86994727199175
0.0,-0.25,-165.70884084995114
0.0,-0.25,-185.3043138049543
0.0,-0.25,-168.2567372098198
0.0,-0.25,-131.73039830801997
0.0,-0.25,-157.30012337587107
0.0,-0.25,-195.3750899668774
0.0,-0.25,-181.54247359766896
0.0,-0.25,-157.49663977809186
0.0,-0.25,-146.7408954071256
0.0,-0.25,-155.2316554997573
0.0,-0.25,-162.5687910369552
0.0,-0.25,-152.8344379563522
0.0,-0.25,-157.37364763274286
0.0,-0.25,-180.43526771024514
0.0,-0.25,-158.09824108767566
0.0,-0.25,-152.0179296165392
0.0,-0.25,-159.78399816279747
0.0,-0.25,-172.16507076246097
0.0,-0.25,-196.55184187837745
0.0,-0.25,-147.2316481490251
0.0,-0.25,-154.8036687443906
0.0,-0.25,-170.24184292858396
0.0,-0.25,-179.71093759910016
0.0,-0.25,-151.01563391005473
0.0,-0.25,-154.82792089833086
0.0,-0.25,-176.88114027658585
0.0,-0.25,-171.2567428992895
0.0,-0.25,-170.353765033348
0.0,-0.25,-160.58296741235054
0.0,-0.25,-140.80923465340223
0.0,-0.25,-154.2255669664299
0.0,-0.25,-146.82101540025673
0.0,-0.25,-149.40739387825235
0.0,-0.25,-172.50111721295795
0.0,-0.25,-158.18794192454772
0.0,-0.25,-128.9358286616539
0.0,-0.25,-145.97403060606672
0.0,-0.25,-159.5218511296042
0.0,-0.25,-152.3096357897073
0.0,-0.25,-192.00608228500462
0.0,-0.25,-172.6972328304563
0.0,-0.25,-166.27887084710045
0.0,-0.25,-157.42543358907088
0.0,-0.25,-158.47409613214657
0.0,-0.25,-152.36597754812846
0.0,-0.25,-168.45345991894033
0.0,-0.25,-149.39168597640253
0.0,-0.25,-169.99603163401696
0.0,-0.25,-151.09918938803887
0.0,-0.25,-143.46489943875054
0.0,-0.25,-159.20140355583266
0.0,-0.25,-186.65969282056
0.0,-0.25,-137.96606467228332
0.0,-0.25,-154.75097241290578
0.0,-0.25,-163.15910046771174
0.0,-0.25,-174.5113002805696
0.0,-0.25,-194.17345654689916
0.0,-0.25,-153.15156123394715
0.0,-0.25,-173.14766562343405
0.0,-0.25,-154.45285470520537
0.0,-0.25,-191.7099348578087
0.0,-0.25,-186.34015653667248
0.0,-0.25,-175.35009849269093
0.0,-0.25,-176.48240609503887
0.0,-0.25,-180.75765360519065
0.0,-0.25,-147.90212074953857
0.0,-0.25,-161.68989160844552
0.0,-0.25,-165.95692858696518
0.0,-0.25,-151.7352038094768
0.0,-0.25,-146.08237669761093
0.0,-0.25,-147.62302492424413
0.0,-0.25,-138.26000859454675
0.0,-0.25,-189.2899761101077
0.0,-0.25,-197.53152621968331
0.0,-0.25,-159.24992138605742
0.0,-0.25,-164.32362084015645
0.0,-0.25,-172.9593193657866
0.0,-0.25,-180.08777464897537
0.0,-0.25,-134.04248117263737
0.0,-0.25,-181.35717410041343
0.0,-0.25,-186.48166524221404
0.0,-0.25,-144.82188957599848
0.0,-0.25,-200.45572649597094
0.0,-0.25,-165.16223695664556
0.0,-0.25,-182.22618971822874
0.0,-0.25,-150.3883262084268
0.0,-0.25,-186.18289654067522
0.0,-0.25,-182.8419851497297
0.0,-0.25,-154.18059226410583
0.0,-0.25,-181.25089828282972
0.0,-0.25,-149.33133620076345
0.0,-0.25,-185.3538848168263
0.0,-0.25,-140.85659317488958
0.0,-0.25,-166.7619384209334
0.0,-0.25,-164.45465992917815
0.0,-0.25,-173.5545304379797
0.0,-0.25,-160.4237093693309
0.0,-0.25,-190.38895972410444
0.0,-0.25,-170.81698047336502
0.0,-0.25,-179.68061379801395
0.0,-0.25,-157.91661987091652
0.0,-0.25,-122.38206561137278
0.0,-0.25,-163.52371298958738
0.0,-0.25,-162.06392031177694
0.0,-0.25,-133.00945076125203
0.0,-0.25,-160.4992076436134
0.0,-0.25,-161.34687088373028
0.0,-0.25,-180.31608664600225
0.0,-0.25,-169.3602754247458
0.0,-0.25,-157.0029084305852
0.0,-0.25,-176.48601198202698
0.0,-0.25,-147.53635390874086
0.0,-0.25,-165.05834266543556
0.0,-0.25,-172.5611149907048
0.0,-0.25,-176.8376857941864
0.0,-0.25,-167.09656727676872
0.0,-0.25,-193.30932867808838
0.0,-0.25,-163.68983692129999
0.0,-0.25,-189.96663113706555
0.0,-0.25,-183.14473319547434
0.0,-0.25,-181.73670735592916
0.0,-0.25,-130.3545586199987
0.0,-0.25,-159.73738546481255
0.0,-0.25,-165.60770827145808
0.0,-0.25,-150.64348912479173
0.0,-0.25,-163.9340935510359
0.0,-0.25,-137.2459583061121
0.0,-0.25,-151.17826558025877
0.0,-0.25,-161.36286554288154
0.0,-0.25,-156.521332812347
0.0,-0.25,-151.0270292487011
0.0,-0.25,-167.51235757483803
0.0,-0.25,-170.38415922832178
0.0,-0.25,-145.44359268275613
0.0,-0.25,-141.1696814546223
0.0,-0.25,-145.58280331279767
0.0,-0.25,-165.61371083127355
0.0,-0.25,-153.72741300378283
0.0,-0.25,-174.61227786496664
0.0,-0.25,-165.70191758685445
0.0,-0.25,-187.00809068439548
0.0,-0.25,-130.1829553339834
0.0,-0.25,-170.34470677313257
0.0,-0.25,-178.24362602656188
0.0,-0.25,-156.43889093048787
0.0,-0.25,-146.00614205133704
0.0,-0.25,-164.84667034745308
0.0,-0.25,-167.63055200566802
0.0,-0.25,-163.66550325466804
0.0,-0.25,-148.90672493817974
0.0,-0.25,-152.36599435706864
0.0,-0.25,-172.00619057489436
0.0,-0.25,-160.77551476371588
0.0,-0.25,-139.9621508765634
0.0,-0.25,-155.7333522292707
0.0,-0.25,-185.20813592689717
0.0,-0.25,-186.53556712716693
0.0,-0.25,-136.89053559511595
0.0,-0.25,-149.44056297398922
0.0,-0.25,-182.46755431137504
0.0,-0.25,-153.90966857463232
0.0,-0.25,-176.05511090702154
0.0,-0.25,-156.16430801512897
0.0,-0.25,-175.30987205695882
0.0,-0.25,-178.74504204928724
0.0,-0.25,-176.77706310759586
0.0,-0.25,-164.4735244718777
0.0,-0.25,-161.3746213489277
0.0,-0.25,-180.58016742330193
0.0,-0.25,-178.23623816785116
0.0,-0.25,-167.0660183833419
0.0,-0.25,-192.90747188681843
0.0,-0.25,-187.27570400572452
0.0,-0.25,-175.75331365830297
0.0,-0.25,-172.7001706300961
0.0,-0.25,-191.47243881101892
0.0,-0.25,-151.47546920421556
0.0,-0.25,-135.05969316124595
0.0,-0.25,-137.73689832290654
0.0,-0.25,-162.89261533647445
0.0,-0.25,-166.297792897161
0.0,-0.25,-184.23135798191316
0.0,-0.25,-160.5837249596756
0.0,-0.25,-157.81650531525165
0.0,-0.25,-166.20296703397005
0.0,-0.25,-173.34124169999504
0.0,-0.25,-180.90157764240672
0.0,-0.25,-145.95092550693016
0.0,-0.25,-161.6890010120717
0.0,-0.25,-176.22780691698307
0.0,-0.25,-167.18249635182096
0.0,-0.25,-144.54571265245556
0.0,-0.25,-175.96598541610007
0.0,-0.25,-169.09132287494006
0.0,-0.25,-156.30520288078233
0.0,-0.25,-171.54722960157122
0.0,-0.25,-149.82333703842025
0.0,-0.25,-143.4517938982427
0.0,-0.25,-153.04521186398733
0.0,-0.25,-138.9539069542891
0.0,-0.25,-142.06067686169922
0.0,-0.25,-171.98289419682635
0.0,-0.25,-164.37437732145014
0.0,-0.25,-164.24345998804995
0.0,-0.25,-173.74869203938368
0.0,-0.25,-156.0957186642157
0.0,-0.25,-143.9860285695229
0.0,-0.25,-159.54380421614366
0.0,-0.25,-163.08500042334862
0.0,-0.25,-189.2654202367677
0.0,-0.25,-159.63171076913358
0.0,-0.25,-180.17136955201715
0.0,-0.25,-165.03563077445799
0.0,-0.25,-143.71501750245346
0.0,-0.25,-153.74226916012418
0.0,-0.25,-157.37800868105333
0.0,-0.25,-136.02171071945202
0.0,-0.25,-198.11463046465485
0.0,-0.25,-172.36102753204318
0.0,-0.25,-147.04382284385366
0.0,-0.25,-142.7204966484698
0.0,-0.25,-171.65184379185226
0.0,-0.25,-156.78354799298484
0.0,-0.25,-159.79292239023798
0.0,-0.25,-174.5367242690742
0.0,-0.25,-167.65800222646087
0.0,-0.25,-164.452247025087
0.0,-0.25,-147.91036659549255
0.0,-0.25,-167.9071836443685
0.0,-0.25,-178.45823179568197
0.0,-0.25,-191.47533062064713
0.0,-0.25,-150.91788469952476
0.0,-0.25,-148.53893507680093
0.0,-0.25,-160.39546141151283
0.0,-0.25,-150.17151074264683
0.0,-0.25,-154.2446579440674
0.0,-0.25,-144.09569397628778
0.0,-0.25,-149.97110967194797
0.0,-0.25,-153.7420554564557
0.0,-0.25,-147.32041210666353
0.0,-0.25,-181.78857136957035
0.0,-0.25,-155.43822232233114
0.0,-0.25,-158.65936184760199
0.0,-0.25,-154.4780445638174
0.0,-0.25,-155.95601922566877
0.0,-0.25,-164.62958406172334
0.0,-0.25,-163.3696521492872
0.0,-0.25,-157.3265717788396
0.0,-0.25,-169.49322297780057
0.0,-0.25,-148.80294941655143
0.0,-0.25,-152.43166160138304
0.0,-0.25,-184.07067741246772
0.0,-0.25,-139.48466882741357
0.0,-0.25,-165.30560077225476
0.0,-0.25,-145.9461570102389
0.0,-0.25,-172.3845690968229
0.0,-0.25,-165.42179792072255
0.0,-0.25,-161.24320418646306
0.0,-0.25,-143.55938537167546
0.0,-0.25,-162.30888611285988
0.0,-0.25,-175.85341599840982
0.0,-0.25,-127.3206596572839
0.0,-0.25,-163.72129873385055
0.0,-0.25,-162.85438186343364
0.0,-0.25,-159.39048251257483
0.0,-0.25,-151.50509228752637
0.0,-0.25,-197.2041080772687
0.0,-0.25,-156.83044911959982
0.0,-0.25,-176.25803222994097
0.0,-0.25,-148.18989729061005
0.0,-0.25,-162.10064532782354
0.0,-0.25,-166.63990892794587
0.0,-0.25,-116.19792740670636
0.0,-0.25,-134.95562708593715
0.0,-0.25,-166.38429679631852
0.0,-0.25,-154.35640929707264
0.0,-0.25,-164.53644575677384
0.0,-0.25,-151.42917098225385
0.0,-0.25,-148.94796586409592
0.0,-0.25,-147.7327327905126
0.0,-0.25,-160.15997324607144
0.0,-0.25,-154.86592125469767
0.0,-0.25,-177.9096578882175
0.0,-0.25,-157.18686927766922
0.0,-0.25,-153.85168880476604
0.0,-0.25,-149.86352532938812
0.0,-0.25,-144.4471372266892
0.0,-0.25,-148.38040052840716
0.0,-0.25,-174.70535686475304
0.0,-0.25,-170.2179613523494
0.0,-0.25,-184.7114284893261
0.0,-0.25,-174.83386543306773
0.0,-0.25,-134.480762861439
0.0,-0.25,-154.27716304706553
0.0,-0.25,-160.63436827049807
0.0,-0.25,-158.56484794731583
0.0,-0.25,-161.65054425234712
0.0,-0.25,-148.25462317391325
0.0,-0.25,-147.21635875309974
0.0,-0.25,-164.6315795865901
0.0,-0.25,-151.5965820264821
0.0,-0.25,-173.3318961995855
0.0,-0.25,-180.07856543493835
0.0,-0.25,-188.8472500047639
0.0,-0.25,-169.25569340793234
0.0,-0.25,-142.02846430383622
0.0,-0.25,-150.0932544665809
0.0,-0.25,-149.4528190654969
0.0,-0.25,-157.4987732114568
0.0,-0.25,-186.00721193364822
0.0,-0.25,-163.7696600706957
0.0,-0.25,-175.01292251689904
0.0,-0.25,-183.629463400307
0.0,-0.25,-139.01354385201833
0.0,-0.25,-141.4344141641976
0.0,-0.25,-165.60236834185716
0.0,-0.25,-143.44641206450822
0.0,-0.25,-181.914394894887
0.0,-0.25,-134.34581074708396
0.0,-0.25,-128.4050407952446
0.0,-0.25,-150.49753499566106
0.0,-0.25,-175.0619633298355
0.0,-0.25,-165.48728435248123
0.0,-0.25,-172.54116654688053
0.0,-0.25,-157.29226831154446
0.0,-0.25,-187.70968616124983
0.0,-0.25,-177.84213849604788
0.0,-0.25,-166.83336617558527
0.0,-0.25,-172.61917713287366
0.0,-0.25,-159.46777764399354
0.0,-0.25,-180.07072379739807
0.0,-0.25,-156.3349455233656
0.0,-0.25,-139.48739769465686
0.0,-0.25,-155.84244164291056
0.0,-0.25,-167.37920186757182
0.0,-0.25,-141.4084391011762
0.0,-0.25,-193.6043003406204
0.0,-0.25,-163.47380901910765
0.0,-0.25,-169.29432912527324
0.0,-0.25,-169.6946911574209
0.0,-0.25,-188.3531600823622
0.0,-0.25,-155.3256763738073
0.0,-0.25,-147.50549161784332
0.0,-0.25,-174.81779356340036
0.0,-0.25,-163.66916513892164
0.0,-0.25,-135.60504321149037
0.0,-0.25,-156.18496228846215
0.0,-0.25,-166.98104649632032
0.0,-0.25,-147.8148552241323
0.0,-0.25,-165.2763009290445
0.0,-0.25,-157.94369463679328
0.0,-0.25,-169.0833619342751
0.0,-0.25,-162.83826152730086
0.0,-0.25,-184.63345244693264
0.0,-0.25,-165.46388919617792
0.0,-0.25,-183.6942999953409
0.0,-0.25,-173.05664829509234
0.0,-0.25,-140.51658756731712
0.0,-0.25,-169.26027958808393
0.0,-0.25,-150.96729853791956
0.0,-0.25,-163.0653839031172
0.0,-0.25,-136.3650457784908
0.0,-0.25,-141.93125011019927
0.0,-0.25,-158.84514012048257
0.0,-0.25,-171.80511627774172
0.0,-0.25,-136.8314565335632
0.0,-0.25,-183.31588175782332
0.0,-0.25,-161.22448449237035
0.0,-0.25,-164.8472472390964
0.0,-0.25,-172.62441739626692
0.0,-0.25,-174.97449229650562
0.0,-0.25,-171.4940178897722
0.0,-0.25,-148.95902020183084
0.0,-0.25,-185.35805776871234
0.0,-0.25,-164.15773618147384
0.0,-0.25,-161.707780717719
0.0,-0.25,-148.89564929566754
0.0,-0.25,-134.01109682906943
0.0,-0.25,-168.37441420927956
0.0,-0.25,-153.99378159348376
0.0,-0.25,-185.12833856928586
0.0,-0.25,-158.21936838399532
0.0,-0.25,-155.6709030623028
0.0,-0.25,-149.29813825412856
0.0,-0.25,-156.823101117973
0.0,-0.25,-177.51496169696097
0.0,-0.25,-177.2814997046018
0.0,-0.25,-173.41365385675462
0.0,-0.25,-182.81587249004505
0.0,-0.25,-132.08417881886422
0.0,-0.25,-161.29088996517285
0.0,-0.25,-155.5623396985316
0.0,-0.25,-187.17568988786095
0.0,-0.25,-153.66864536791778
0.0,-0.25,-155.92648096904335
0.0,-0.25,-159.92456224874024
0.0,-0.25,-165.40157887117638
0.0,-0.25,-180.19263947997703
0.0,-0.25,-145.97141169752075
0.0,-0.25,-179.44663262297013
0.0,-0.25,-143.41936031401067
0.0,-0.25,-160.14165920366835
0.0,-0.25,-170.80163564639548
0.0,-0.25,-167.6654714408847
0.0,-0.25,-171.6022862927965
0.0,-0.25,-194.08654760705966
0.0,-0.25,-175.5549424307069
0.0,-0.25,-151.08898531408107
0.0,-0.25,-135.66856927476795
0.0,-0.25,-173.1822603170637
0.0,-0.25,-151.09800920694818
0.0,-0.25,-172.5305348754134
0.0,-0.25,-181.12039976190667
0.0,-0.25,-155.76152778126118
0.0,-0.25,-143.4028575840602
0.0,-0.25,-160.42186211239266
0.0,-0.25,-143.32003867547675
0.0,-0.25,-163.2106561068885
0.0,-0.25,-137.50781462985054
0.0,-0.25,-160.75045277611386
0.0,-0.25,-186.27046536048232
0.0,-0.25,-131.29666698194148
0.0,-0.25,-151.01917479068263
0.0,-0.25,-162.1117760907596
0.0,-0.25,-181.18377171613656
0.0,-0.25,-169.04641918848753
0.0,-0.25,-168.41668404999626
0.0,-0.25,-151.44319867365914
0.0,-0.25,-147.5306521358255
0.0,-0.25,-154.04122741618224
0.0,-0.25,-150.89217422904983
0.0,-0.25,-152.33115804173238
0.0,-0.25,-186.93865534701052
0.0,-0.25,-185.58505687677996
0.0,-0.25,-161.72068334297356
0.0,-0.25,-154.98835529519542
0.0,-0.25,-152.95925751677711
0.0,-0.25,-159.2271734833769
0.0,-0.25,-143.3750158296005
0.0,-0.25,-178.18497193788713
0.0,-0.25,-173.50577332518804
0.0,-0.25,-165.4950764493867
0.0,-0.25,-141.37746792794346
0.0,-0.25,-136.37173827824483
0.0,-0.25,-165.20585618951372
0.0,-0.25,-162.38508181717526
0.0,-0.25,-160.7232237721014
0.0,-0.25,-135.98352646869188
0.0,-0.25,-173.29754018367734
0.0,-0.25,-160.65331703455163
0.0,-0.25,-162.2954088968954
0.0,-0.25,-175.60289915474306
0.0,-0.25,-159.60939323195785
0.0,-0.25,-177.00014032891139
0.0,-0.25,-151.41282255049734
0.0,-0.25,-144.21708281929776
0.0,-0.25,-154.6608979864682
0.0,-0.25,-153.6185456836198
0.0,-0.25,-160.4648026244515
0.0,-0.25,-139.5495096131361
0.0,-0.25,-133.8512933027385
0.0,-0.25,-186.932782135867
0.0,-0.25,-163.3226284013101
0.0,-0.25,-187.8541018309915
0.0,-0.25,-166.53333344169266
0.0,-0.25,-140.4610814410855
0.0,-0.25,-150.92879255129355
0.0,-0.25,-194.73927998415704
0.0,-0.25,-158.29666515215922
0.0,-0.25,-174.26123549523598
0.0,-0.25,-169.68492791159417
0.0,-0.25,-170.955152323951
0.0,-0.25,-154.7785458136777
0.0,-0.25,-180.81957354101598
0.0,-0.25,-178.95194323316875
0.0,-0.25,-147.2177984624302
0.0,-0.25,-187.09666966171042
0.0,-0.25,-155.3377436656102
0.0,-0.25,-165.7224913692988
0.0,-0.25,-177.37025379412484
0.0,-0.25,-161.4457723313562
0.0,-0.25,-151.93026100666867
0.0,-0.25,-140.82125175600655
0.0,-0.25,-186.83891179016211
0.0,-0.25,-183.26443111821834
0.0,-0.25,-192.7003705015719
0.0,-0.25,-155.39916025607877
0.0,-0.25,-171.8534337961884
0.0,-0.25,-155.26629599533314
0.0,-0.25,-144.55321904121917
0.0,-0.25,-182.67236827601633
0.0,-0.25,-131.16734458949543
0.0,-0.25,-162.69460684521894
0.0,-0.25,-159.38734902136449
0.0,-0.25,-154.90175076985167
0.0,-0.25,-138.75018999019434
0.0,-0.25,-183.201434565599
0.0,-0.25,-131.62688803043608
0.0,-0.25,-173.89741724695466
0.0,-0.25,-166.65474855164
0.0,-0.25,-153.79380673463984
0.0,-0.25,-191.28700049354535
0.0,-0.25,-182.7024136657897
0.0,-0.25,-172.759684219797
0.0,-0.25,-142.19424794072975
0.0,-0.25,-175.3384111132807
0.0,-0.25,-145.91848997686384
0.0,-0.25,-192.95273984054447
0.0,-0.25,-158.319649432979
0.0,-0.25,-134.6914577813686
0.0,-0.25,-170.76780340107487
0.0,-0.25,-170.9866721935724
0.0,-0.25,-188.67019354373312
0.0,-0.25,-150.89348286983764
0.0,-0.25,-158.8327993515812
0.0,-0.25,-176.8402659626145
0.0,-0.25,-150.5345878592493
0.0,-0.25,-149.07225121859125
0.0,-0.25,-171.6705262133284
0.0,-0.25,-190.31396662596455
0.0,-0.25,-166.68410181540577
0.0,-0.25,-175.62657355579472
0.0,-0.25,-148.70630233976777
0.0,-0.25,-196.55216983390557
0.0,-0.25,-171.31263114653711
0.0,-0.25,-167.23783578791637
0.0,-0.25,-182.41643889770174
0.0,-0.25,-154.42605023165441
0.0,-0.25,-167.33675364834994
0.0,-0.25,-167.20714520397937
0.0,-0.25,-165.0302517848954
0.0,-0.25,-153.92160834341075
0.0,-0.25,-167.7181718404417
0.0,-0.25,-165.58750928740005
0.0,-0.25,-162.45699332056995
0.0,-0.25,-169.2754439812944
0.0,-0.25,-159.88027936973714
0.0,-0.25,-163.86383382248087
0.0,-0.25,-157.1992463823498
0.0,-0.25,-133.9516776134516
0.0,-0.25,-167.0186741504604
0.0,-0.25,-146.92770649357416
0.0,-0.25,-185.95729517486637
0.0,-0.25,-145.24247861606503
0.0,-0.25,-158.42254792934818
0.0,-0.25,-138.16475988949392
0.0,-0.25,-168.09314864292452
0.0,-0.25,-175.60360460676407
0.0,-0.25,-174.91188819337978
0.0,-0.25,-145.417831325147
0.0,-0.25,-150.922120616105
0.0,-0.25,-177.57498302732935
0.0,-0.25,-189.10335684068718
0.0,-0.25,-170.03895970074825
0.0,-0.25,-145.50040560180256
0.0,-0.25,-182.8133203630601
0.0,-0.25,-165.73713723717938
0.0,-0.25,-176.5425704795697
0.0,-0.25,-168.64263593821943
0.0,-0.25,-155.14600976938354
0.0,-0.25,-158.27353581773986
0.0,-0.25,-160.74803176161527
0.0,-0.25,-165.83191513219765
0.0,-0.25,-153.0322085284597
0.0,-0.25,-149.07015220059685
0.0,-0.25,-189.51180382730195
0.0,-0.25,-162.67245672582018
0.0,-0.25,-172.20254139210735
0.0,-0.25,-168.16652445746965
0.0,-0.25,-153.18890120487765
0.0,-0.25,-167.68683666192004
0.0,-0.25,-171.0576298196854
0.0,-0.25,-158.7368968985513
0.0,-0.25,-166.74386837869687
0.0,-0.25,-147.54207975621006
0.0,-0.25,-182.39405437065193
0.0,-0.25,-179.68144072649244
0.0,-0.25,-156.36810160539454
0.0,-0.25,-172.02276981643746
0.0,-0.25,-130.78568098455077
0.0,-0.25,-168.45454339248363
0.0,-0.25,-181.73313209274136
0.0,-0.25,-144.8542336391167
0.0,-0.25,-164.53966782399888
0.0,-0.25,-187.7961141599636
0.0,-0.25,-174.13999514031383
0.0,-0.25,-177.0887216553823
0.0,-0.25,-192.5735350595558
0.0,-0.25,-143.89972653352913
0.0,-0.25,-142.711743235552
0.0,-0.25,-146.39151123627897
0.0,-0.25,-180.4757532334302
0.0,-0.25,-138.3556110739967
0.0,-0.25,-154.40263000305782
0.0,-0.25,-159.73968917884838
0.0,-0.25,-172.05584491779334
0.0,-0.25,-148.9627753785039
0.0,-0.25,-168.59443722735907
0.0,-0.25,-139.4921227860697
0.0,-0.25,-150.95801529193005
0.0,-0.25,-157.23057505587516
0.0,-0.25,-159.0167565491677
0.0,-0.25,-151.32080708535136
0.0,-0.25,-172.2598676823537
0.0,-0.25,-165.2501889617577
0.0,-0.25,-145.68666553403693
0.0,-0.25,-167.95236192117883
0.0,-0.25,-157.5056389307574
0.0,-0.25,-144.2982674128741
0.0,-0.25,-162.5935531373145
0.0,-0.25,-184.93391796636536
0.0,-0.25,-179.93333310577628
0.0,-0.25,-133.30180584624196
0.0,-0.25,-174.8803258398498
0.0,-0.25,-163.95107436270993
0.0,-0.25,-174.23352430998085
0.0,-0.25,-169.2160944213581
0.0,-0.25,-165.91000804366303
0.0,-0.25,-164.53246882329577
0.0,-0.25,-186.31808870551646
0.0,-0.25,-183.7206133943182
0.0,-0.25,-178.84065001209805
0.0,-0.25,-159.59436201035496
0.0,-0.25,-164.56552433432827
0.0,-0.25,-140.5869731124361
0.0,-0.25,-187.35626563058148
0.0,-0.25,-167.84754082348445
0.0,-0.25,-152.62099523847962
0.0,-0.25,-157.3668166570133
0.0,-0.25,-156.84112175394196
0.0,-0.25,-160.8505914676351
0.0,-0.25,-158.7994752651896
0.0,-0.25,-144.22435618608944
0.0,-0.25,-168.24556104820468
0.0,-0.25,-178.337173879243
0.0,-0.25,-172.17502079515697
0.0,-0.25,-185.60313986751024
0.0,-0.25,-167.0979081118464
0.0,-0.25,-143.36099695190424
0.0,-0.25,-188.01530735462464
0.0,-0.25,-146.2299904987443
0.0,-0.25,-170.60941879755237
0.0,-0.25,-140.66536255161034
0.0,-0.25,-146.80626529919536
0.0,-0.25,-149.46315307238032
0.0,-0.25,-142.69075921189798
0.0,-0.25,-169.9570285239703
0.0,-0.25,-169.7432900779363
0.0,-0.25,-152.00581685253303
0.0,-0.25,-177.27089322649795
0.0,-0.25,-175.7605919568207
0.0,-0.25,-149.82170233649433
0.0,-0.25,-136.90470900156106
0.0,-0.25,-156.05073726182812
0.0,-0.25,-180.34468396922892
0.0,-0.25,-161.59553139736687
0.0,-0.25,-177.46263644141897
0.0,-0.25,-167.72980861866975
0.0,-0.25,-166.7152354894967
0.0,-0.25,-162.35253788124447
0.0,-0.25,-163.1479850374502
0.0,-0.25,-166.55858945993853
0.0,-0.25,-140.03005503921716
0.0,-0.25,-142.76854943448166
0.0,-0.25,-139.20931089046047
0.0,-0.25,-153.8329128011837
0.0,-0.25,-159.41720712337928
0.0,-0.25,-159.6965641296549
0.0,-0.25,-166.50654626397684
0.0,-0.25,-188.6576886548164
0.0,-0.25,-174.79822136026135
0.0,-0.25,-163.3432844922271
0.0,-0.25,-184.55344999760166
0.0,-0.25,-152.51587268058336
0.0,-0.25,-191.15619673805276
0.0,-0.25,-156.12626125212782
0.0,-0.25,-150.06719842800425
0.0,-0.25,-152.400786098766
0.0,-0.25,-193.50188039289432
0.0,-0.25,-179.78126740478766
0.0,-0.25,-162.7389608218506
0.0,-0.25,-181.97165623475976
0.0,-0.25,-183.39336829096698
0.0,-0.25,-199.1254711950574
0.0,-0.25,-156.23574759641025
0.0,-0.25,-193.98261091984605
0.0,-0.25,-168.1031360235979
0.0,-0.25,-151.9764739524192
0.0,-0.25,-165.7380479523032
0.0,-0.25,-192.98053448748504
0.0,-0.25,-178.53104232943974
0.0,-0.25,-179.24566457787375
0.0,-0.25,-174.05301588373788
0.0,-0.25,-133.1189936632553
0.0,-0.25,-175.89843197546665
0.0,-0.25,-160.73154590933476
0.0,-0.25,-133.43667302048289
0.0,-0.25,-189.70088296753212
0.0,-0.25,-137.89172675032395
0.0,-0.25,-166.74943577126027
0.0,-0.25,-160.83824829379293
0.0,-0.25,-170.03175404031035
0.0,-0.25,-158.73873042302492
0.0,-0.25,-144.61056237806582
0.0,-0.25,-152.20251384103534
0.0,-0.25,-155.98432672887157
0.0,-0.25,-185.58293750797554
0.0,-0.25,-153.56241107271572
0.0,-0.25,-146.80634008880628
0.0,-0.25,-143.18772353401542
0.0,-0.25,-140.74699176089896
0.0,-0.25,-166.93988295567613
0.0,-0.25,-172.5150951522589
0.0,-0.25,-171.12363443322167
0.0,-0.25,-168.80751847960073
0.0,-0.25,-173.63987943363034
0.0,-0.25,-157.2056318084421
0.0,-0.25,-161.46484829920698
0.0,-0.25,-169.5287205647331
0.0,-0.25,-165.04210289070866
0.0,-0.25,-145.99648612867963
0.0,-0.25,-168.65856401617404
0.0,-0.25,-156.56336563013994
0.0,-0.25,-145.256356023392
0.0,-0.25,-188.22359792999967
0.0,-0.25,-177.32573023849451
0.0,-0.25,-188.98247805719748
0.0,-0.25,-157.49550543929547
0.0,-0.25,-146.74713542957358
0.0,-0.25,-170.4673428714407
0.0,-0.25,-161.8038062397278
0.0,-0.25,-163.6694020345237
0.0,-0.25,-163.4549056629006
0.0,-0.25,-176.2145237497072
0.0,-0.25,-155.05422615918684
0.0,-0.25,-139.84473547718588
0.0,-0.25,-168.0152781612173
0.0,-0.25,-172.39193687231284
0.0,-0.25,-146.49185916229743
0.0,-0.25,-179.94642931647815
0.0,-0.25,-175.2737261092192
0.0,-0.25,-156.45461151922538
0.0,-0.25,-165.08671081040973
0.0,-0.25,-164.65528666531085
0.0,-0.25,-158.23184727710552
0.0,-0.25,-163.5465460116796
0.0,-0.25,-153.52470382464918
0.0,-0.25,-170.00983228963526
0.0,-0.25,-144.2283003813018
0.0,-0.25,-182.649306634461
0.0,-0.25,-171.5441399388162
0.0,-0.25,-150.5415135065451
0.0,-0.25,-144.55384444562213
0.0,-0.25,-167.4221773159828
0.0,-0.25,-191.56817923090077
0.0,-0.25,-181.32416999907312
0.0,-0.25,-176.3410173190373
0.0,-0.25,-175.06248065860035
0.0,-0.25,-170.90641398536934
0.0,-0.25,-162.66131529861622
0.0,-0.25,-164.44067731123025
0.0,-0.25,-163.61413194384457
0.0,-0.25,-177.91727925061346
0.0,-0.25,-163.1263899119328
0.0,-0.25,-166.50495228670354
0.0,-0.25,-162.7568184951808
0.0,-0.25,-132.0916664411098
0.0,-0.25,-153.49935755619276
0.0,-0.25,-165.15502664519906
0.0,-0.25,-144.69865493175936
0.0,-0.25,-166.2526027829961
0.0,-0.25,-150.35371189411995
0.0,-0.25,-181.69790178368518
0.0,-0.25,-176.0977160447546
0.0,-0.25,-154.78933225604356
0.0,-0.25,-165.77329126979188
0.0,-0.25,-193.05483089409057
0.0,-0.25,-168.15200799601556
0.0,-0.25,-175.9893122020755
0.0,-0.25,-185.12822101744135
0.0,-0.25,-185.24130488043798
0.0,-0.25,-152.6063935672805
0.0,-0.25,-185.25572569669566
0.0,-0.25,-188.0283401990055
0.0,-0.25,-138.23725044592285
0.0,-0.25,-157.2610189333197
0.0,-0.25,-127.45213684521956
0.0,-0.25,-154.60219574752475
0.0,-0.25,-175.6138383127059
0.0,-0.25,-178.58404109778874
0.0,-0.25,-173.94348437006235
0.0,-0.25,-155.33602107204948
0.0,-0.25,-150.86514476880686
0.0,-0.25,-180.03336507134017
0.0,-0.25,-166.37693112820887
0.0,-0.25,-134.98553623363057
0.0,-0.25,-150.539364537533
0.0,-0.25,-190.911325980198
0.0,-0.25,-145.10596117256998
0.0,-0.25,-170.69858506246183
0.0,-0.25,-161.8718323812978
0.0,-0.25,-140.02346066492404
0.0,-0.25,-155.75827229842275
0.0,-0.25,-147.41469005601382
0.0,-0.25,-181.56427802374063
0.0,-0.25,-155.3000919635041
0.0,-0.25,-136.9935262897323
0.0,-0.25,-188.95672497049327
0.0,-0.25,-172.38012003831813
0.0,-0.25,-159.44068623378885
0.0,-0.25,-181.6316352848125
0.0,-0.25,-173.78834603155747
0.0,-0.25,-176.1442964988018
0.0,-0.25,-138.55722557895612
0.0,-0.25,-155.5958715510142
0.0,-0.25,-167.5534383284516
0.0,-0.25,-171.89416705292257
0.0,-0.25,-165.43557407389218
0.0,-0.25,-144.70495217514426
0.0,-0.25,-179.56020849903257
0.0,-0.25,-169.96156874708583
0.0,-0.25,-156.30746521673623
0.0,-0.25,-147.2884870632552
0.0,-0.25,-180.1212137400394
0.0,-0.25,-179.312798396939
0.0,-0.25,-149.69548532569357
0.0,-0.25,-158.89648097930296
0.0,-0.25,-162.07124376831044
0.0,-0.25,-163.1741953053195
0.0,-0.25,-176.06757995016218
0.0,-0.25,-157.9759854078689
0.0,-0.25,-163.73565132900887
0.0,-0.25,-159.00770703437493
0.0,-0.25,-180.96321608656564
0.0,-0.25,-183.45465498232107
0.0,-0.25,-180.74323742929326
0.0,-0.25,-146.23784083469096
0.0,-0.25,-136.09001204139037
0.0,-0.25,-161.01840096700425
0.0,-0.25,-146.8365585648727
0.0,-0.25,-179.05348114166605
0.0,-0.25,-158.2700708473169
0.0,-0.25,-154.69412500139842
0.0,-0.25,-138.4982328931046
0.0,-0.25,-145.04203702918747
0.0,-0.25,-186.80606655542047
0.0,-0.25,-191.1933102521761
0.0,-0.25,-136.70022287615407
0.0,-0.25,-188.66928308316793
0.0,-0.25,-180.0191137392675
0.0,-0.25,-169.25478330386136
0.0,-0.25,-154.07443937396346
0.0,-0.25,-171.03046366195738
0.0,-0.25,-166.46694281153538
0.0,-0.25,-163.53986801445444
0.0,-0.25,-176.23053583282484
0.0,-0.25,-142.04882866860714
0.0,-0.25,-161.17010417618573
0.0,-0.25,-146.50946331005687
0.0,-0.25,-190.66924797285458
0.0,-0.25,-178.44581470459366
0.0,-0.25,-144.31543887186538
0.0,-0.25,-146.6198619853613
0.0,-0.25,-177.83821687823814
0.0,-0.25,-172.22850517096182
0.0,-0.25,-144.58630572941232
0.0,-0.25,-154.58242969982567
0.0,-0.25,-156.5476824385594
0.0,-0.25,-137.4136561475414
0.0,-0.25,-160.74582910987598
0.0,-0.25,-136.8139606060873
0.0,-0.25,-167.86845075083173
0.0,-0.25,-179.9298990116462
0.0,-0.25,-150.81926528650402
0.0,-0.25,-147.18799055885535
0.0,-0.25,-159.34570194103839
0.0,-0.25,-163.209858976529
0.0,-0.25,-157.93035147063597
0.0,-0.25,-160.70837891552503
0.0,-0.25,-153.39834939301008
0.0,-0.25,-150.553442469098
0.0,-0.25,-168.08850301518385
0.0,-0.25,-138.77660930151941
0.0,-0.25,-161.54061824667747
0.0,-0.25,-172.39742875049666
0.0,-0.25,-182.9275121206773
0.0,-0.25,-168.37995294684697
0.0,-0.25,-181.92504325274746
0.0,-0.25,-156.801837126089
0.0,-0.25,-177.69485279821444
0.0,-0.25,-152.1383636007364
0.0,-0.25,-164.90802339745744
0.0,-0.25,-160.41367120162397
0.0,-0.25,-152.80158183754074
0.0,-0.25,-141.46776925533808
0.0,-0.25,-142.5893239486102
0.0,-0.25,-178.4733227605909
0.0,-0.25,-147.07579724731596
0.0,-0.25,-185.91144001718422
0.0,-0.25,-146.05833449488392
0.0,-0.25,-159.48548167689208
0.0,-0.25,-156.25001809272106
0.0,-0.25,-160.60828735407713
0.0,-0.25,-140.6950118062399
0.0,-0.25,-143.6478394889909
0.0,-0.25,-131.68141196450995
0.0,-0.25,-149.0567078216133
0.0,-0.25,-187.47217094936522
0.0,-0.25,-141.45295470153408
0.0,-0.25,-163.97332534316328
0.0,-0.25,-144.84965976129007
0.0,-0.25,-152.7012267410294
0.0,-0.25,-126.43561082083353
0.0,-0.25,-166.96834156080445
0.0,-0.25,-134.34692497678088
0.0,-0.25,-131.69727501336206
0.0,-0.25,-171.51441170321635
0.0,-0.25,-161.4005424728217
0.0,-0.25,-148.76120838612934
0.0,-0.25,-150.4348155818266
0.0,-0.25,-173.39227461871664
0.0,-0.25,-166.39382228063613
0.0,-0.25,-173.47789218226893
0.0,-0.25,-150.7254305611454
0.0,-0.25,-162.87801141149558
0.0,-0.25,-164.5531779471842
0.0,-0.25,-190.5661107998538
0.0,-0.25,-151.5088146014802
0.0,-0.25,-164.91772625776952
0.0,-0.25,-134.1349500485647
0.0,-0.25,-192.3154925374176
0.0,-0.25,-149.45232213485937
0.0,-0.25,-143.34749551205635
0.0,-0.25,-177.16577807938853
0.0,-0.25,-144.8653452513698
0.0,-0.25,-148.64378047441582
0.0,-0.25,-144.56555316420852
0.0,-0.25,-162.49131871520177
0.0,-0.25,-177.52369671424483
0.0,-0.25,-168.003247113176
0.0,-0.25,-187.0453617246324
0.0,-0.25,-159.56414836724628
0.0,-0.25,-137.54181935744558
0.0,-0.25,-174.8657389908836
0.0,-0.25,-154.45346945051168
0.0,-0.25,-177.72473666597406
0.0,-0.25,-169.69648464656444
0.0,-0.25,-135.27055360486168
0.0,-0.25,-150.6862415442552
0.0,-0.25,-168.6878206144384
0.0,-0.25,-144.7094808858672
0.0,-0.25,-132.34685278767674
0.0,-0.25,-191.4178956014262
0.0,-0.25,-166.84976275019113
0.0,-0.25,-172.1769866495036
0.0,-0.25,-198.59839555016754
0.0,-0.25,-174.07736246479988
0.0,-0.25,-177.6974256929448
0.0,-0.25,-153.8840958755407
0.0,-0.25,-170.37139651378675
0.0,-0.25,-165.92784372301637
0.0,-0.25,-195.6139836186726
0.0,-0.25,-163.45909550641633
0.0,-0.25,-151.69691594831656
0.0,-0.25,-180.23483660396326
0.0,-0.25,-174.6954629579926
0.0,-0.25,-145.19370343627023
0.0,-0.25,-136.92762311271815
0.0,-0.25,-155.4659241275689
0.0,-0.25,-134.8201940328293
0.0,-0.25,-176.80415046074688
0.0,-0.25,-171.2533659790423
0.0,-0.25,-163.65264661974038
0.0,-0.25,-184.11035695937554
0.0,-0.25,-157.43555996028618
0.0,-0.25,-147.4031722119663
0.0,-0.25,-139.07953768536126
0.0,-0.25,-173.1589582609797
0.0,-0.25,-159.67566290627298
0.0,-0.25,-143.50322844902203
0.0,-0.25,-152.53876034545252
0.0,-0.25,-182.45199397473846
0.0,-0.25,-177.62574531786566
0.0,-0.25,-193.22236269029042
0.0,-0.25,-181.9465164765999
0.0,-0.25,-186.5392588430916
0.0,-0.25,-187.24644303296625
0.0,-0.25,-173.75695562020175
0.0,-0.25,-156.11812701617413
0.0,-0.25,-163.37546035676343
0.0,-0.25,-151.00196619841535
0.0,-0.25,-148.31505433951304
0.0,-0.25,-188.6450563725533
0.0,-0.25,-162.47640053979774
0.0,-0.25,-163.52616314639715
0.0,-0.25,-159.68071524569322
0.0,-0.25,-188.4011396229924
0.0,-0.25,-150.0646858165604
0.0,-0.25,-138.3881206255197
0.0,-0.25,-156.92064851748492
0.0,-0.25,-162.02254202451556
0.0,-0.25,-186.31856234083168
0.0,-0.25,-178.16944204224484
0.0,-0.25,-181.69050092358367
0.0,-0.25,-136.80557606072446
0.0,-0.25,-171.71615437962
0.0,-0.25,-137.2923278757361
0.0,-0.25,-155.49418401575966
0.0,-0.25,-176.86045032791097
0.0,-0.25,-157.42815263972932
0.0,-0.25,-159.5776501208332
0.0,-0.25,-158.1023511934726
0.0,-0.25,-140.7322138738128
0.0,-0.25,-171.0553740779669
0.0,-0.25,-167.34404676319878
0.0,-0.25,-168.98033065653277
0.0,-0.25,-162.34232343077008
0.0,-0.25,-168.51363662885905
0.0,-0.25,-186.33767747202697
0.0,-0.25,-168.08036938005645
0.0,-0.25,-172.7135259338619
0.0,-0.25,-132.2332943950651
0.0,-0.25,-155.84183810825067
0.0,-0.25,-172.56064503157788
0.0,-0.25,-179.89476717913183
0.0,-0.25,-147.97425784682986
0.0,-0.25,-167.37479329761598
0.0,-0.25,-159.02327054238305
0.0,-0.25,-166.06261570321448
0.0,-0.25,-168.61685066325555
0.0,-0.25,-177.8864233654898
0.0,-0.25,-165.2901752683415
0.0,-0.25,-155.35387130193698
0.0,-0.25,-155.7305504141664
0.0,-0.25,-175.52716648385103
0.0,-0.25,-179.51257959556082
0.0,-0.25,-172.7619733944704
0.0,-0.25,-170.64481870370057
0.0,-0.25,-157.61457167335888
0.0,-0.25,-180.11633902208578
0.0,-0.25,-185.45732497884612
0.0,-0.25,-166.42668869969754
0.0,-0.25,-141.81617786276672
0.0,-0.25,-183.72792328313886
0.0,-0.25,-161.44214060301732
0.0,-0.25,-165.66851726614902
0.0,-0.25,-149.5092048183558
0.0,-0.25,-181.62150031384627
0.0,-0.25,-183.94138523785583
0.0,-0.25,-153.76320538880927
0.0,-0.25,-164.5002702086104
0.0,-0.25,-185.16318740536545
0.0,-0.25,-157.0351232833311
0.0,-0.25,-167.4107448553527
0.0,-0.25,-164.58486884221082
0.0,-0.25,-156.8424559499333
0.0,-0.25,-178.91226652796294
0.0,-0.25,-138.37548879296685
0.0,-0.25,-173.59901421439312
0.0,-0.25,-182.2721870620523
0.0,-0.25,-143.92807429445432
0.0,-0.25,-160.3956256252208
0.0,-0.25,-134.75605769954618
0.0,-0.25,-151.64477096269968
0.0,-0.25,-140.31717283194808
0.0,-0.25,-122.57773657318872
0.0,-0.25,-160.5782502776132
0.0,-0.25,-168.2695621276708
0.0,-0.25,-175.0828411951614
0.0,-0.25,-179.02426217287822
0.0,-0.25,-182.16997777253138
0.0,-0.25,-159.47228629817346
0.0,-0.25,-185.5667326193753
0.0,-0.25,-166.7259644550313
0.0,-0.25,-163.23879256315678
0.0,-0.25,-170.06010822725872
0.0,-0.25,-170.2314458717573
0.0,-0.25,-185.88081612663697
0.0,-0.25,-161.69982722172372
0.0,-0.25,-187.29908150137786
0.0,-0.25,-162.4561737370219
0.0,-0.25,-136.48300924675004
0.0,-0.25,-163.26154945244494
0.0,-0.25,-190.0688789285025
0.0,-0.25,-189.15911030559525
0.0,-0.25,-158.5255480980064
0.0,-0.25,-158.3713130308637
0.0,-0.25,-177.11674709052411
0.0,-0.25,-149.74547844725663
0.0,-0.25,-135.22723706678244
0.0,-0.25,-140.41445210056472
0.0,-0.25,-140.86790128727037
0.0,-0.25,-168.74050327793594
0.0,-0.25,-177.2464953941667
0.0,-0.25,-165.71903555842007
0.0,-0.25,-180.62567214760998
0.0,-0.25,-166.01901811376683
0.0,-0.25,-191.002742304156
0.0,-0.25,-160.4638180220511
0.0,-0.25,-177.9175235586242
0.0,-0.25,-186.6715907157138
0.0,-0.25,-160.4781061181704
0.0,-0.25,-162.0391353091548
0.0,-0.25,-171.56000873059017
0.0,-0.25,-139.75623490513203
0.0,-0.25,-150.80489713374922
0.0,-0.25,-183.92997166516804
0.0,-0.25,-183.75779417838316
0.0,-0.25,-186.45172671698182
0.0,-0.25,-147.35308428137776
0.0,-0.25,-169.17692519413478
0.0,-0.25,-161.57572600270058
0.0,-0.25,-158.38802368761435
0.0,-0.25,-170.65174855415304
0.0,-0.25,-166.9387942493502
0.0,-0.25,-144.12505945396407
0.0,-0.25,-140.14454402468192
0.0,-0.25,-176.23326686200767
0.0,-0.25,-168.98204461710418
0.0,-0.25,-155.2669370082036
0.0,-0.25,-154.17701027780103
0.0,-0.25,-189.93240543426975
0.0,-0.25,-182.77022104807006
0.0,-0.25,-184.97557790978578
0.0,-0.25,-174.10204125327513
0.0,-0.25,-140.87742018334083
0.0,-0.25,-168.61542023643415
0.0,-0.25,-165.2796387035068
0.0,-0.25,-175.10673477555176
0.0,-0.25,-150.4145801114623
0.0,-0.25,-162.7834618530659
0.0,-0.25,-185.07927112238528
0.0,-0.25,-159.78002709406493
0.0,-0.25,-156.6010871627756
0.0,-0.25,-145.8625629656704
0.0,-0.25,-156.5441205454857
0.0,-0.25,-154.86916902962963
0.0,-0.25,-159.34180624753196
0.0,-0.25,-178.84946262593388
0.0,-0.25,-174.3210075251859
0.0,-0.25,-156.89048264896246
0.0,-0.25,-162.72890928386454
0.0,-0.25,-188.9679661915012
0.0,-0.25,-156.78184646723446
0.0,-0.25,-172.50767449910256
0.0,-0.25,-180.2917518750496
0.0,-0.25,-149.2754020994972
0.0,-0.25,-184.99889606603108
0.0,-0.25,-161.962232978279
0.0,-0.25,-164.69892061261822
0.0,-0.25,-147.73713965746234
0.0,-0.25,-168.34914927329663
0.0,-0.25,-181.14344285460166
0.0,-0.25,-188.79372647525074
0.0,-0.25,-151.63497382251748
0.0,-0.25,-155.44695106266084
0.0,-0.25,-162.99508220148684
0.0,-0.25,-176.5454121549395
0.0,-0.25,-148.32980496372517
0.0,-0.25,-183.62339858460996
0.0,-0.25,-141.5205117528749
0.0,-0.25,-143.4652826412614
0.0,-0.25,-176.39146468203722
0.0,-0.25,-166.38664043500162
0.0,-0.25,-127.84118410151503
0.0,-0.25,-170.63312704352094
0.0,-0.25,-144.52762069988626
0.0,-0.25,-190.31632210164486
0.0,-0.25,-139.64890420540806
0.0,-0.25,-191.55078161015163
0.0,-0.25,-153.40159532693548
0.0,-0.25,-166.8325559512094
0.0,-0.25,-169.01808444672287
0.0,-0.25,-141.80304630503323
0.0,-0.25,-165.0059906934762
0.0,-0.25,-159.0281917216201
0.0,-0.25,-158.02843572658733
0.0,-0.25,-167.94523959016624
0.0,-0.25,-180.4974011839667
0.0,-0.25,-168.18608264918367
0.0,-0.25,-162.32883742991905
0.0,-0.25,-165.83064499095795
0.0,-0.25,-155.8402581995722
0.0,-0.25,-144.3650182270813
0.0,-0.25,-154.68977500302904
0.0,-0.25,-133.07935568679426
0.0,-0.25,-144.87009492081447
0.0,-0.25,-174.53658102022635
0.0,-0.25,-143.960605211327
0.0,-0.25,-153.34565250972275
0.0,-0.25,-163.43137127860567
0.0,-0.25,-149.1876041637326
0.0,-0.25,-171.44675614675134
0.0,-0.25,-156.99917224504452
0.0,-0.25,-177.82281855973568
0.0,-0.25,-143.06027756763459
0.0,-0.25,-165.04033699202978
0.0,-0.25,-162.561694599695
0.0,-0.25,-177.15997443077887
0.0,-0.25,-148.21788675266984
0.0,-0.25,-143.7508736879476
0.0,-0.25,-172.1900649487061
0.0,-0.25,-172.75150025506267
0.0,-0.25,-141.07296064526167
0.0,-0.25,-170.39863645161924
0.0,-0.25,-163.2228389571722
0.0,-0.25,-189.4741075210821
0.0,-0.25,-159.74399170620143
0.0,-0.25,-173.58889880565803
0.0,-0.25,-144.6309942038409
0.0,-0.25,-164.40099629586598
0.0,-0.25,-142.63619230165088
0.0,-0.25,-157.93925141946525
0.0,-0.25,-155.3934694694566
0.0,-0.25,-170.07207761590342
0.0,-0.25,-149.63057795540905
0.0,-0.25,-195.46310387623546
0.0,-0.25,-157.37093302944425
0.0,-0.25,-148.956050474933
0.0,-0.25,-159.24118709125162
0.0,-0.25,-158.21739509613911
0.0,-0.25,-185.24758384323965
0.0,-0.25,-142.56003047579313
0.0,-0.25,-156.73532089917214
0.0,-0.25,-156.26263127882697
0.0,-0.25,-135.5164622483896
0.0,-0.25,-187.41011526859705
0.0,-0.25,-147.0447489170174
0.0,-0.25,-168.51067222434267
0.0,-0.25,-171.55185808395714
0.0,-0.25,-132.6445356562026
0.0,-0.25,-174.8158437893371
0.0,-0.25,-191.37322397681172
0.0,-0.25,-152.20739764220414
0.0,-0.25,-173.38167170100434
0.0,-0.25,-149.37076554950508
0.0,-0.25,-145.24291109595825
0.0,-0.25,-152.23060708480367
0.0,-0.25,-188.16476140537827
0.0,-0.25,-132.7066291717602
0.0,-0.25,-161.96063018523193
0.0,-0.25,-166.91806425964265
0.0,-0.25,-155.76816107568482
0.0,-0.25,-145.15359469540272
0.0,-0.25,-176.98720717437814
0.0,-0.25,-160.00001389888507
0.0,-0.25,-166.59346891904295
0.0,-0.25,-176.18316624305632
0.0,-0.25,-167.94294530089317
0.0,-0.25,-187.18716742831577
0.0,-0.25,-173.80670054877592
0.0,-0.25,-145.87233287217933
0.0,-0.25,-175.87656574722357
0.0,-0.25,-162.14402625814353
0.0,-0.25,-170.0572715859309
0.0,-0.25,-154.46359272128294
0.0,-0.25,-158.80908360609322
0.0,-0.25,-177.81583528642963
0.0,-0.25,-153.4861961318225
0.0,-0.25,-173.0270921473513
0.0,-0.25,-173.2230153853438
0.0,-0.25,-179.53555299688128
0.0,-0.25,-178.4151765801287
0.0,-0.25,-146.69424630446449
0.0,-0.25,-137.9673936130223
0.0,-0.25,-195.0543019883828
0.0,-0.25,-149.60358395557708
0.0,-0.25,-139.498716241825
0.0,-0.25,-145.25351106933175
0.0,-0.25,-172.38860001145719
0.0,-0.25,-154.32154405250182
0.0,-0.25,-159.79171114064735
0.0,-0.25,-153.75826237081193
0.0,-0.25,-165.34489167351154
0.0,-0.25,-156.8653982087095
0.0,-0.25,-167.02697483863858
0.0,-0.25,-160.15316647134972
0.0,-0.25,-150.73754794635036
0.0,-0.25,-160.03874381679952
0.0,-0.25,-157.47836508354897
0.0,-0.25,-169.55172067931846
0.0,-0.25,-140.99243357897265
0.0,-0.25,-149.05512984431422
0.0,-0.25,-145.59816237958637
0.0,-0.25,-191.20586457797714
0.0,-0.25,-183.7728349522872
0.0,-0.25,-155.58574934888657
0.0,-0.25,-179.14912475692103
0.0,-0.25,-186.7766485674662
0.0,-0.25,-148.1081554395613
0.0,-0.25,-160.19525326062654
0.0,-0.25,-132.07276014307322
0.0,-0.25,-147.31859439507062
0.0,-0.25,-170.166249270264
0.0,-0.25,-126.99553433954367
0.0,-0.25,-128.01565921133835
0.0,-0.25,-163.79037594145
0.0,-0.25,-191.24385783559183
0.0,-0.25,-147.1446601972779
0.0,-0.25,-155.85668079191126
0.0,-0.25,-152.39871136746308
0.0,-0.25,-145.78254741132193
0.0,-0.25,-145.82745554901194
0.0,-0.25,-180.58988867450373
0.0,-0.25,-174.47385339857408
0.0,-0.25,-179.09003825809737
0.0,-0.25,-179.8715967770667
0.0,-0.25,-186.50469174004627
0.0,-0.25,-163.36509025733162
0.0,-0.25,-178.7052549062825
0.0,-0.25,-139.2080267268902
0.0,-0.25,-169.9221870233964
0.0,-0.25,-143.07616688113688
0.0,-0.25,-142.87367578820792
0.0,-0.25,-174.42597124678227
0.0,-0.25,-149.26788498186437
0.0,-0.25,-144.92093006240017
0.0,-0.25,-153.53325947241976
0.0,-0.25,-154.03651726085923
0.0,-0.25,-143.66901443560684
0.0,-0.25,-153.66750583716856
0.0,-0.25,-158.67067497780815
0.0,-0.25,-136.94129085965614
0.0,-0.25,-170.107165900713
0.0,-0.25,-176.92711346256766
0.0,-0.25,-151.46465215739886
0.0,-0.25,-157.48013007434628
0.0,-0.25,-165.38081907762324
0.0,-0.25,-177.86287473277116
0.0,-0.25,-166.6466543217085
0.0,-0.25,-146.88680149005233
0.0,-0.25,-185.27467680570786
0.0,-0.25,-195.68799895414887
0.0,-0.25,-139.3649831337925
0.0,-0.25,-164.8565448683767
0.0,-0.25,-173.79950154058014
0.0,-0.25,-163.15118743593615
0.0,-0.25,-159.65546821837543
0.0,-0.25,-173.990205422605
0.0,-0.25,-151.07086484271548
0.0,-0.25,-134.60962061083418
0.0,-0.25,-159.32683833430926
0.0,-0.25,-164.88310495412352
0.0,-0.25,-145.95852188840254
0.0,-0.25,-146.64596823048248
0.0,-0.25,-176.30908818266622
0.0,-0.25,-164.17147441884663
0.0,-0.25,-175.6170508930283
0.0,-0.25,-158.73181204564546
0.0,-0.25,-181.6132387795431
0.0,-0.25,-173.67601295197943
0.0,-0.25,-161.97180546464125
0.0,-0.25,-158.1811816176448
0.0,-0.25,-152.8332484485801
0.0,-0.25,-131.98706609786484
0.0,-0.25,-173.49440971130102
0.0,-0.25,-151.8540563185878
0.0,-0.25,-174.72171607245267
0.0,-0.25,-170.67815213013006
0.0,-0.25,-161.315724713295
0.0,-0.25,-143.53537594450262
0.0,-0.25,-171.19839671743185
0.0,-0.25,-191.26205425188874
0.0,-0.25,-169.05240466464815
0.0,-0.25,-149.9061935805557
0.0,-0.25,-169.53910697779423
0.0,-0.25,-174.0777467381748
0.0,-0.25,-142.4033202861684
0.0,-0.25,-186.64188421587468
0.0,-0.25,-131.06822830042927
0.0,-0.25,-145.0345024218557
0.0,-0.25,-174.13782704971615
0.0,-0.25,-167.19869300307607
0.0,-0.25,-149.16779820909912
0.0,-0.25,-169.31815467370896
0.0,-0.25,-148.9941421376955
0.0,-0.25,-152.75522366183017
0.0,-0.25,-138.7054516471928
0.0,-0.25,-177.36737555830206
0.0,-0.25,-137.05013639769226
0.0,-0.25,-153.4624530725616
0.0,-0.25,-166.81697920448173
0.0,-0.25,-175.7652653614863
0.0,-0.25,-168.3933825305466
0.0,-0.25,-184.1361374550591
0.0,-0.25,-154.26209094584178
0.0,-0.25,-167.36120786122356
0.0,-0.25,-160.2563441366916
0.0,-0.25,-178.3261791521811
0.0,-0.25,-136.38870808461854
0.0,-0.25,-140.3582399382663
0.0,-0.25,-161.21358888017824
0.0,-0.25,-163.20877152101002
0.0,-0.25,-177.04281957090487
0.0,-0.25,-171.65838595344
0.0,-0.25,-160.081536944841
0.0,-0.25,-162.08731491905507
0.0,-0.25,-172.82234931160303
0.0,-0.25,-142.49238119990468
0.0,-0.25,-167.1137945015177
0.0,-0.25,-165.7320036978574
0.0,-0.25,-173.33152224208027
0.0,-0.25,-177.5926886301786
0.0,-0.25,-173.79335391817827
0.0,-0.25,-149.64011939570364
0.0,-0.25,-164.14491392396326
0.0,-0.25,-158.21084004811718
0.0,-0.25,-141.31247173487256
0.0,-0.25,-156.87004085191302
0.0,-0.25,-177.36434964975354
0.0,-0.25,-144.93791269014469
0.0,-0.25,-176.27029204880085
0.0,-0.25,-164.12914707633374
0.0,-0.25,-145.75610786532113
0.0,-0.25,-185.0979284791311
0.0,-0.25,-159.20056069024452
0.0,-0.25,-190.17805425281372
0.0,-0.25,-166.50355351750758
0.0,-0.25,-134.44955644442354
0.0,-0.25,-156.08933586218643
0.0,-0.25,-148.1592781160146
0.0,-0.25,-152.94078665635772
0.0,-0.25,-168.26823284404833
0.0,-0.25,-185.07529835240905
0.0,-0.25,-141.16818970490922
0.0,-0.25,-177.84667984746602
0.0,-0.25,-183.10069529483388
0.0,-0.25,-177.61475142650698
0.0,-0.25,-184.91778051230932
0.0,-0.25,-152.51935926789176
0.0,-0.25,-141.57992342380373
0.0,-0.25,-152.32533923836195
0.0,-0.25,-167.31092211875097
0.0,-0.25,-178.15664982576112
0.0,-0.25,-184.04573015383264
0.0,-0.25,-141.36691591326522
0.0,-0.25,-140.18453923694247
0.0,-0.25,-155.28517565247705
0.0,-0.25,-169.9603368227778
0.0,-0.25,-154.07166541855358
0.0,-0.25,-186.72852865892267
0.0,-0.25,-162.63151535532893
0.0,-0.25,-154.48349232678504
0.0,-0.25,-143.06010029858157
0.0,-0.25,-162.8474149374365
0.0,-0.25,-194.0722286333831
0.0,-0.25,-173.8339675566063
0.0,-0.25,-170.97705350153402
0.0,-0.25,-183.43137623210671
0.0,-0.25,-195.2237302696243
0.0,-0.25,-147.26204682647563
0.0,-0.25,-197.94684094370425
0.0,-0.25,-156.59111051360685
0.0,-0.25,-153.87751358433988
0.0,-0.25,-155.243827277344
0.0,-0.25,-175.07625808422384
0.0,-0.25,-190.03473231710657
0.0,-0.25,-161.00664943684725
0.0,-0.25,-157.02041185202538
0.0,-0.25,-143.56420874022703
0.0,-0.25,-159.57578301625915
0.0,-0.25,-156.79380157848573
0.0,-0.25,-167.54387064598703
0.0,-0.25,-175.76583500980638
0.0,-0.25,-192.14712491239422
0.0,-0.25,-179.32154340313292
0.0,-0.25,-173.33282463480384
0.0,-0.25,-157.89019166005457
0.0,-0.25,-161.61172609007102
0.0,-0.25,-174.925847295271
0.0,-0.25,-141.69429584624874
0.0,-0.25,-184.81505649926567
0.0,-0.25,-185.13593646362241
0.0,-0.25,-163.60457809719222
0.0,-0.25,-161.13445131870148
0.0,-0.25,-171.6468541972456
0.0,-0.25,-173.47778866151336
0.0,-0.25,-197.88874598151318
0.0,-0.25,-171.37310287270898
0.0,-0.25,-166.53081121614798
0.0,-0.25,-173.79626568875042
0.0,-0.25,-164.15338482598145
0.0,-0.25,-165.80309636405443
0.0,-0.25,-175.27413018876578
0.0,-0.25,-198.3253278824155
0.0,-0.25,-151.77092264589626
0.0,-0.25,-161.82466879047763
0.0,-0.25,-174.5094106254672
0.0,-0.25,-155.2448222426808
0.0,-0.25,-168.51639848508432
0.0,-0.25,-141.0059046136518
0.0,-0.25,-170.27767341089628
0.0,-0.25,-146.37981312608184
0.0,-0.25,-173.6595227719884
0.0,-0.25,-171.58620164443494
0.0,-0.25,-191.38001295790787
0.0,-0.25,-164.7936245889239
0.0,-0.25,-142.40042414538362
0.0,-0.25,-181.13350754261623
0.0,-0.25,-174.25159945334684
0.0,-0.25,-176.67153601508804
0.0,-0.25,-176.89793559080942
0.0,-0.25,-142.52477610019395
0.0,-0.25,-137.66215241969306
0.0,-0.25,-167.28356463193677
0.0,-0.25,-155.73758652252437
0.0,-0.25,-171.82852734257145
0.0,-0.25,-182.65476472982354
0.0,-0.25,-151.38940472854023
0.0,-0.25,-161.49828708641942
0.0,-0.25,-157.6957947401865
0.0,-0.25,-150.84659215185604
0.0,-0.25,-169.4119593545803
0.0,-0.25,-138.43442294031917
0.0,-0.25,-166.2426277071135
0.0,-0.25,-144.90241876560586
0.0,-0.25,-190.43754973595682
0.0,-0.25,-167.64948139196952
0.0,-0.25,-131.7010764411677
0.0,-0.25,-181.24990320797266
0.0,-0.25,-166.67187530766898
0.0,-0.25,-148.53701242816564
0.0,-0.25,-185.62641268764997
0.0,-0.25,-182.8846917802344
0.0,-0.25,-165.65732356589936
0.0,-0.25,-143.69538290205085
0.0,-0.25,-158.26390150929976
0.0,-0.25,-139.74246573637532
0.0,-0.25,-139.08134201259864
0.0,-0.25,-172.57995960598575
0.0,-0.25,-166.51258512166865
0.0,-0.25,-166.1565481193653
0.0,-0.25,-141.3574564145428
0.0,-0.25,-143.87199507344437
0.0,-0.25,-157.88169935995765
0.0,-0.25,-174.16776861352977
0.0,-0.25,-167.0536022935252
0.0,-0.25,-164.1857140179002
0.0,-0.25,-169.27593858575753
0.0,-0.25,-161.55282976478597
0.0,-0.25,-186.57819233982244
0.0,-0.25,-130.27880797742316
0.0,-0.25,-134.49905712982172
0.0,-0.25,-160.51353599816562
0.0,-0.25,-128.45181321997492
0.0,-0.25,-143.76773300793397
0.0,-0.25,-148.3670484778464
0.0,-0.25,-150.43921482148977
0.0,-0.25,-159.08394043240403
0.0,-0.25,-160.50951467915397
0.0,-0.25,-176.20098176406236
0.0,-0.25,-155.87341802190178
0.0,-0.25,-176.81451170340236
0.0,-0.25,-153.19095074187103
0.0,-0.25,-169.26465620026087
0.0,-0.25,-173.8242693348752
0.0,-0.25,-153.8041815252827
0.0,-0.25,-183.81066711943606
0.0,-0.25,-166.09959105557556
0.0,-0.25,-188.84547045631297
0.0,-0.25,-153.6795744957589
0.0,-0.25,-162.2440727957897
0.0,-0.25,-171.1726505051365
0.0,-0.25,-172.283368829338
0.0,-0.25,-179.3261792390938
0.0,-0.25,-179.83376328935177
0.0,-0.25,-139.24494198918043
0.0,-0.25,-161.37105643330003
0.0,-0.25,-160.80441115840705
0.0,-0.25,-154.70737669811058
0.0,-0.25,-182.00129452339806
0.0,-0.25,-148.57823415195148
0.0,-0.25,-172.56179473903728
0.0,-0.25,-166.58507666308088
0.0,-0.25,-135.41545136709013
0.0,-0.25,-154.5802411383428
0.0,-0.25,-180.86141124474963
0.0,-0.25,-190.89998829702537
0.0,-0.25,-176.8388124945025
0.0,-0.25,-175.90135738268776
0.0,-0.25,-155.99561746464312
0.0,-0.25,-160.90971750001938
0.0,-0.25,-149.51241885084247
0.0,-0.25,-140.33203520671583
0.0,-0.25,-135.24601957684467
0.0,-0.25,-166.7912228595003
0.0,-0.25,-153.6327331473114
0.0,-0.25,-163.461228727844
0.0,-0.25,-173.90541377193344
0.0,-0.25,-197.32159285436774
0.0,-0.25,-164.00858313659737
0.0,-0.25,-156.9481517378887
0.0,-0.25,-185.96282762126165
0.0,-0.25,-178.4664817221552
0.0,-0.25,-151.70829089123427
0.0,-0.25,-181.73352878410628
0.0,-0.25,-158.31433091990505
0.0,-0.25,-189.3097473348568
0.0,-0.25,-138.4772675804094
0.0,-0.25,-188.77246701275803
0.0,-0.25,-180.71333357470795
0.0,-0.25,-154.60874775973306
0.0,-0.25,-137.70121992141478
0.0,-0.25,-167.25334318716799
0.0,-0.25,-160.5471912187646
0.0,-0.25,-166.16163472563227
0.0,-0.25,-152.33153507293673
0.0,-0.25,-158.2965996892647
0.0,-0.25,-176.13102217193588
0.0,-0.25,-170.9369314567187
0.0,-0.25,-164.35488439956922
0.0,-0.25,-151.57347668974109
0.0,-0.25,-158.1461465002727
0.0,-0.25,-140.0004983556941
0.0,-0.25,-172.6255659273804
0.0,-0.25,-138.64611783047172
0.0,-0.25,-146.6218621966495
0.0,-0.25,-183.0175777599895
0.0,-0.25,-193.48693678763732
0.0,-0.25,-129.55639885190558
0.0,-0.25,-156.50998542845608
0.0,-0.25,-150.54217509079146
0.0,-0.25,-153.46325915256267
0.0,-0.25,-161.34806244466708
0.0,-0.25,-193.2936859309498
0.0,-0.25,-173.4370032978448
0.0,-0.25,-159.77089382182402
0.0,-0.25,-147.435884018241
0.0,-0.25,-157.5199713184204
0.0,-0.25,-182.34285860702164
0.0,-0.25,-178.11109081254975
0.0,-0.25,-168.95102789473742
0.0,-0.25,-162.58320768639848
0.0,-0.25,-170.34402545330826
0.0,-0.25,-166.85818693858224
0.0,-0.25,-152.45889053719893
0.0,-0.25,-165.97308212988764
0.0,-0.25,-158.97672031312095
0.0,-0.25,-192.49387088120474
0.0,-0.25,-160.6450750485825
0.0,-0.25,-142.4169083403349
0.0,-0.25,-152.71488222021966
0.0,-0.25,-163.04600620256716
0.0,-0.25,-184.42841987187765
0.0,-0.25,-153.30342820595746
0.0,-0.25,-153.1617227149413
0.0,-0.25,-155.06507762276985
0.0,-0.25,-193.35768707241616
0.0,-0.25,-155.06093123184277
0.0,-0.25,-148.86649355295128
0.0,-0.25,-159.16149862293648
0.0,-0.25,-133.47702462821414
0.0,-0.25,-160.31255767255044
0.0,-0.25,-154.7373737165076
0.0,-0.25,-130.89845352361527
0.0,-0.25,-155.6423057507349
0.0,-0.25,-182.39008607830885
0.0,-0.25,-176.0171184465711
0.0,-0.25,-148.8975748776315
0.0,-0.25,-175.41625984176252
0.0,-0.25,-156.07357310508942
0.0,-0.25,-177.66682125310635
0.0,-0.25,-152.27096348425258
0.0,-0.25,-175.48047497145043
0.0,-0.25,-159.6688018507364
0.0,-0.25,-168.9965674401877
0.0,-0.25,-166.1848821715873
0.0,-0.25,-147.75142232856737
0.0,-0.25,-183.39185680079825
0.0,-0.25,-147.79400804009606
0.0,-0.25,-146.68604839393288
0.0,-0.25,-169.85719005463602
0.0,-0.25,-148.669832506595
0.0,-0.25,-166.7740242648089
0.0,-0.25,-139.17095221241146
0.0,-0.25,-166.6225799785057
0.0,-0.25,-171.68521118666033
0.0,-0.25,-167.80821816999838
0.0,-0.25,-167.61793060856724
0.0,-0.25,-151.1619559625896
0.0,-0.25,-195.28511215989545
0.0,-0.25,-151.9614691341513
0.0,-0.25,-146.50459172551552
0.0,-0.25,-187.8707860022404
0.0,-0.25,-174.25047555938406
0.0,-0.25,-158.89271215849374
0.0,-0.25,-165.95440612391437
0.0,-0.25,-186.75591004725308
0.0,-0.25,-161.26158984680427
0.0,-0.25,-147.18848146738927
0.0,-0.25,-127.37373377782427
0.0,-0.25,-181.1681790666086
0.0,-0.25,-148.74076588557415
0.0,-0.25,-187.74357777884182
0.0,-0.25,-178.2106612518152
0.0,-0.25,-170.13821081349437
0.0,-0.25,-143.69131163755884
0.0,-0.25,-165.5291017625214
0.0,-0.25,-155.2736038408534
0.0,-0.25,-169.69283123626428
0.0,-0.25,-200.79388702546362
0.0,-0.25,-133.6288288973292
0.0,-0.25,-175.29217632975931
0.0,-0.25,-158.2281645429995
0.0,-0.25,-178.78656219119767
0.0,-0.25,-165.26744180615273
0.0,-0.25,-144.52746296410578
0.0,-0.25,-172.42928968676765
0.0,-0.25,-136.86773489444337
0.0,-0.25,-171.84283582415517
0.0,-0.25,-134.3222501764522
0.0,-0.25,-186.35350921889201
0.0,-0.25,-157.6626377037516
0.0,-0.25,-143.5390652267636
0.0,-0.25,-143.7114156971648
0.0,-0.25,-145.8189775505707
0.0,-0.25,-157.08490492280472
0.0,-0.25,-145.21885648118297
0.0,-0.25,-161.25020386529366
0.0,-0.25,-136.43769104655155
0.0,-0.25,-137.12827947369718
0.0,-0.25,-168.7898531022929
0.0,-0.25,-146.88029292930344
0.0,-0.25,-131.52986371645767
0.0,-0.25,-165.45416222809385
0.0,-0.25,-170.8856393266824
0.0,-0.25,-141.97733177166765
0.0,-0.25,-140.20778617020073
0.0,-0.25,-158.12988291128485
0.0,-0.25,-159.39218017823458
0.0,-0.25,-125.49233022954569
0.0,-0.25,-164.90631355203521
0.0,-0.25,-163.8886931710761
0.0,-0.25,-187.61650206796674
0.0,-0.25,-172.92187606957341
0.0,-0.25,-187.80018537370708
0.0,-0.25,-149.2704451812815
0.0,-0.25,-129.0983240965966
0.0,-0.25,-150.30513736832174
0.0,-0.25,-158.6677414772021
0.0,-0.25,-179.20519495624882
0.0,-0.25,-151.92707673364637
0.0,-0.25,-145.38698955514005
0.0,-0.25,-165.8108654941552
0.0,-0.25,-156.83680675850897
0.0,-0.25,-198.85858441698542
0.0,-0.25,-152.37761441254247
0.0,-0.25,-181.2344745539925
0.0,-0.25,-184.01234349464053
0.0,-0.25,-184.09321665587396
0.0,-0.25,-140.77944337929566
0.0,-0.25,-181.49319622940612
0.0,-0.25,-194.54569977304308
0.0,-0.25,-146.3675660356911
0.0,-0.25,-137.8308903369003
0.0,-0.25,-193.02547271847783
0.0,-0.25,-178.6779662628637
0.0,-0.25,-186.8268151644627
0.0,-0.25,-149.12914229434162
0.0,-0.25,-187.14964827833415
0.0,-0.25,-151.94058854380418
0.0,-0.25,-149.61300248503295
0.0,-0.25,-133.3612337645295
0.0,-0.25,-159.67891339257505
0.0,-0.25,-151.36285917848627
0.0,-0.25,-162.1120543075315
0.0,-0.25,-158.30878192482783
0.0,-0.25,-154.5947925878784
0.0,-0.25,-178.78220923873204
0.0,-0.25,-151.68832510347153
0.0,-0.25,-180.57416137055506
0.0,-0.25,-144.95652625189672
0.0,-0.25,-161.19196079691855
0.0,-0.25,-158.08863147924663
0.0,-0.25,-155.1267732036118
0.0,-0.25,-176.52966807771855
0.0,-0.25,-179.39929560353298
0.0,-0.25,-164.08231556007988
0.0,-0.25,-181.2433292793537
0.0,-0.25,-139.10915084816835
0.0,-0.25,-153.2769691940333
0.0,-0.25,-191.73934279850565
0.0,-0.25,-173.01728282340383
0.0,-0.25,-175.51077939281004
0.0,-0.25,-145.5433708786261
0.0,-0.25,-169.01352930424997
0.0,-0.25,-159.9250745112865
0.0,-0.25,-152.12130532069727
0.0,-0.25,-179.93998425144986
0.0,-0.25,-162.03278564831703
0.0,-0.25,-151.44530105051444
0.0,-0.25,-161.88070674600215
0.0,-0.25,-133.9933044623316
0.0,-0.25,-160.9592024324255
0.0,-0.25,-155.90205084776773
0.0,-0.25,-147.46466724855773
0.0,-0.25,-131.6816348274907
0.0,-0.25,-198.40845451797583
0.0,-0.25,-146.44689937939188
0.0,-0.25,-143.0855532561512
0.0,-0.25,-156.47047035422642
0.0,-0.25,-169.19845691546402
0.0,-0.25,-177.69020535951495
0.0,-0.25,-141.75193078906193
0.0,-0.25,-157.52574213219458
0.0,-0.25,-169.7467872449027
0.0,-0.25,-164.15526806568442
0.0,-0.25,-165.0360665627362
0.0,-0.25,-156.40407401171467
0.0,-0.25,-168.59769450181025
0.0,-0.25,-131.59945264911363
0.0,-0.25,-171.1495761097639
0.0,-0.25,-181.74487302239794
0.0,-0.25,-140.20229573040544
0.0,-0.25,-150.22701188660662
0.0,-0.25,-194.0254540411713
0.0,-0.25,-149.76532958468684
0.0,-0.25,-160.1490160533992
0.0,-0.25,-152.6063535490855
0.0,-0.25,-194.2314797265008
0.0,-0.25,-175.3084950664826
0.0,-0.25,-156.96699763245158
0.0,-0.25,-153.08386550309237
0.0,-0.25,-151.00812112198955
0.0,-0.25,-132.4236657255492
0.0,-0.25,-144.2233151578335
0.0,-0.25,-178.14609462931634
0.0,-0.25,-175.54870320388687
0.0,-0.25,-146.55065928367634
0.0,-0.25,-185.26731277984283
0.0,-0.25,-136.60098208947747
0.0,-0.25,-157.15818999901637
0.0,-0.25,-186.53252858908644
0.0,-0.25,-146.00338846706865
0.0,-0.25,-150.7808797573156
0.0,-0.25,-157.95852163700872
0.0,-0.25,-160.24181134861314
0.0,-0.25,-173.6063895862527
0.0,-0.25,-154.70788754827467
0.0,-0.25,-148.68305637435097
0.0,-0.25,-171.9822429643455
0.0,-0.25,-181.5125491449828
0.0,-0.25,-150.9867917649783
0.0,-0.25,-148.8134817515697
0.0,-0.25,-147.81176032534165
0.0,-0.25,-167.36633466128066
0.0,-0.25,-165.18658523741703
0.0,-0.25,-155.37659839094223
0.0,-0.25,-158.5583759940003
0.0,-0.25,-149.61895057088847
0.0,-0.25,-154.39225544404462
0.0,-0.25,-155.588856349074
0.0,-0.25,-168.23176043868642
0.0,-0.25,-181.82815239847065
0.0,-0.25,-171.40132688999992
0.0,-0.25,-174.6883099460658
0.0,-0.25,-172.90248043298305
0.0,-0.25,-145.6102107858084
0.0,-0.25,-158.55262505070644
0.0,-0.25,-147.78027088011
0.0,-0.25,-146.15136369130173
0.0,-0.25,-163.52437171268758
0.0,-0.25,-143.59099155406219
0.0,-0.25,-161.56757679495044
0.0,-0.25,-186.50972415931267
0.0,-0.25,-184.99152130941656
0.0,-0.25,-156.68599129099056
0.0,-0.25,-167.78831462184905
0.0,-0.25,-164.3097414872229
0.0,-0.25,-165.80976301225783
0.0,-0.25,-161.79927203138516
0.0,-0.25,-142.25737081368302
0.0,-0.25,-158.69946821244474
0.0,-0.25,-170.7634972783403
0.0,-0.25,-166.83805266422047
0.0,-0.25,-189.82385131890555
0.0,-0.25,-149.0801682101227
0.0,-0.25,-187.2139310017527
0.0,-0.25,-143.1660035704004
0.0,-0.25,-140.61418611354142
0.0,-0.25,-136.934128200843
0.0,-0.25,-169.32842819935308
0.0,-0.25,-171.07344819445143
0.0,-0.25,-160.879970152947
0.0,-0.25,-154.23729651869397
0.0,-0.25,-143.3933820704446
0.0,-0.25,-165.62714690291008
0.0,-0.25,-140.29077268400283
0.0,-0.25,-173.0910813433793
0.0,-0.25,-163.79566053874126
0.0,-0.25,-173.7685036309542
0.0,-0.25,-175.0042524532813
0.0,-0.25,-142.6019244645005
0.0,-0.25,-151.5867106314969
0.0,-0.25,-177.5854440829275
0.0,-0.25,-163.1642637308512
0.0,-0.25,-148.3597663097663
0.0,-0.25,-181.2190483183246
0.0,-0.25,-153.83229682617326
0.0,-0.25,-153.12039263617817
0.0,-0.25,-172.18880751838313
0.0,-0.25,-155.90747294150182
0.0,-0.25,-157.92389327794098
0.0,-0.25,-156.97797191013336
0.0,-0.25,-171.48267260671818
0.0,-0.25,-171.83946841516038
0.0,-0.25,-137.19227136075656
0.0,-0.25,-142.45778396956197
0.0,-0.25,-178.37297710073943
0.0,-0.25,-153.88362677373718
0.0,-0.25,-164.4011480314645
0.0,-0.25,-166.55019942263178
0.0,-0.25,-175.11548217282478
0.0,-0.25,-153.154730397118
0.0,-0.25,-186.7457034968215
0.0,-0.25,-176.4983482958787
0.0,-0.25,-156.8044169365763
0.0,-0.25,-172.8278937561949
0.0,-0.25,-162.6937679431182
0.0,-0.25,-184.7194330239868
0.0,-0.25,-145.77213130923988
0.0,-0.25,-168.29858266283833
0.0,-0.25,-154.98609654998026
0.0,-0.25,-156.19097611512365
0.0,-0.25,-145.7910906120171
0.0,-0.25,-164.27413264611207
0.0,-0.25,-159.6134858547823
0.0,-0.25,-156.52810515027852
0.0,-0.25,-185.5861661191825
0.0,-0.25,-165.02315590863026
0.0,-0.25,-153.6044479541434
0.0,-0.25,-175.95204975303852
0.0,-0.25,-147.40193799166593
0.0,-0.25,-186.22690405177264
0.0,-0.25,-156.44019777748775
0.0,-0.25,-155.0431014002939
0.0,-0.25,-143.24753707463466
0.0,-0.25,-142.4590814513236
0.0,-0.25,-185.3538544476876
0.0,-0.25,-147.58038421679416
0.0,-0.25,-158.02868903745176
0.0,-0.25,-180.74640071313843
0.0,-0.25,-139.35318063204014
0.0,-0.25,-173.04067435979144
0.0,-0.25,-147.49511153674598
0.0,-0.25,-164.35781860504107
0.0,-0.25,-156.98629489548298
0.0,-0.25,-152.16926247716876
0.0,-0.25,-136.70506779754422
0.0,-0.25,-171.49915799354554
0.0,-0.25,-151.91220208156912
0.0,-0.25,-155.2343345520381
0.0,-0.25,-159.36893686073861
0.0,-0.25,-163.97189049616787
0.0,-0.25,-138.03547967775282
0.0,-0.25,-145.01383179381057
0.0,-0.25,-182.1980844677282
0.0,-0.25,-166.10919282303144
0.0,-0.25,-172.53642116974945
0.0,-0.25,-149.9084816246635
0.0,-0.25,-185.73469659010107
0.0,-0.25,-169.34333925798984
0.0,-0.25,-181.43040484469034
0.0,-0.25,-132.18257320596075
0.0,-0.25,-171.01146920340918
0.0,-0.25,-188.56056393221922
0.0,-0.25,-189.1561413735264
0.0,-0.25,-166.95370368335531
0.0,-0.25,-151.64161131102227
0.0,-0.25,-167.38311673556163
0.0,-0.25,-169.2467377373404
0.0,-0.25,-142.70428137639914
0.0,-0.25,-190.4227966918807
0.0,-0.25,-149.14092732147975
0.0,-0.25,-145.62378744934003
0.0,-0.25,-155.58155001927378
0.0,-0.25,-143.41492039622568
0.0,-0.25,-161.46279391844624
0.0,-0.25,-150.10053335460626
0.0,-0.25,-173.93967812361277
0.0,-0.25,-162.02929382921195
0.0,-0.25,-157.37715411313474
0.0,-0.25,-131.18432773974692
0.0,-0.25,-160.92824104033133
0.0,-0.25,-186.9306525366157
0.0,-0.25,-145.72755167844545
0.0,-0.25,-127.63192971379269
0.0,-0.25,-164.41222363559308
0.0,-0.25,-160.69696967361415
0.0,-0.25,-170.87812454961346
0.0,-0.25,-154.5037530927988
0.0,-0.25,-138.0430679017077
0.0,-0.25,-166.26132898216437
0.0,-0.25,-157.480804871079
0.0,-0.25,-158.00508122032923
0.0,-0.25,-159.79445397386797
0.0,-0.25,-166.36769507837104
0.0,-0.25,-151.687673791794
0.0,-0.25,-158.89444265593275
0.0,-0.25,-171.19461569635715
0.0,-0.25,-181.99256060032755
0.0,-0.25,-141.3721530711104
0.0,-0.25,-170.83475596644956
0.0,-0.25,-162.98896572275987
0.0,-0.25,-160.67500582729164
0.0,-0.25,-148.5535892102387
0.0,-0.25,-175.29380408572214
0.0,-0.25,-146.65861164072172
0.0,-0.25,-144.9389769063428
0.0,-0.25,-173.30436298164489
0.0,-0.25,-150.06033253896283
0.0,-0.25,-177.6399313359713
0.0,-0.25,-153.39650344590632
0.0,-0.25,-174.61577884676035
0.0,-0.25,-141.63385527290285
0.0,-0.25,-180.5754007332814
0.0,-0.25,-150.0896625959521
0.0,-0.25,-163.17930016467128
0.0,-0.25,-159.98961774184752
0.0,-0.25,-148.45484102190966
0.0,-0.25,-128.8176542442652
0.0,-0.25,-166.07254461441684
0.0,-0.25,-176.70456752679715
0.0,-0.25,-170.0674865425293
0.0,-0.25,-168.53306292151473
0.0,-0.25,-175.4975715254689
0.0,-0.25,-142.2702122342979
0.0,-0.25,-164.91633565648945
0.0,-0.25,-154.57919064931792
0.0,-0.25,-170.7346978821585
0.0,-0.25,-155.1085707672754
0.0,-0.25,-160.47421312015697
0.0,-0.25,-170.31875414113077
0.0,-0.25,-171.46653009619249
0.0,-0.25,-143.14929100675815
0.0,-0.25,-159.89608242410097
0.0,-0.25,-148.16136544548286
0.0,-0.25,-172.78695649187418
0.0,-0.25,-167.63145398455637
0.0,-0.25,-159.39948469598875
0.0,-0.25,-143.85502889112541
0.0,-0.25,-174.15848255467512
0.0,-0.25,-165.519652872946
0.0,-0.25,-134.96677656497678
0.0,-0.25,-136.0559204789776
0.0,-0.25,-149.05092357298494
0.0,-0.25,-174.22723569095405
0.0,-0.25,-136.90011828073003
0.0,-0.25,-165.63685797380091
0.0,-0.25,-184.10843830692983
0.0,-0.25,-138.33160808661142
0.0,-0.25,-170.52373503157102
0.0,-0.25,-143.65806473538325
0.0,-0.25,-176.4983206015159
0.0,-0.25,-140.54311916054135
0.0,-0.25,-155.9113603434245
0.0,-0.25,-189.46858839452884
0.0,-0.25,-158.2053846896591
0.0,-0.25,-180.29328506826167
0.0,-0.25,-146.22100286650763
0.0,-0.25,-175.0799598433598
0.0,-0.25,-168.2959852528108
0.0,-0.25,-182.97230347105236
0.0,-0.25,-172.4895245042101
0.0,-0.25,-160.4436576507217
0.0,-0.25,-161.0288802665916
0.0,-0.25,-164.08346952512636
0.0,-0.25,-161.50092880170175
0.0,-0.25,-162.5650306082969
0.0,-0.25,-166.9520410191922
0.0,-0.25,-160.29698833004852
0.0,-0.25,-142.75822723519627
0.0,-0.25,-157.43407003606322
0.0,-0.25,-146.22035277390196
0.0,-0.25,-172.16274161369338
0.0,-0.25,-171.35726930520056
0.0,-0.25,-175.01166142078065
0.0,-0.25,-177.6944912601475
0.0,-0.25,-166.48797026747243
0.0,-0.25,-174.34084635115087
0.0,-0.25,-177.15334788437292
0.0,-0.25,-151.40048585974844
0.0,-0.25,-162.24766385237282
0.0,-0.25,-171.83310463177176
0.0,-0.25,-179.84352103110257
0.0,-0.25,-145.67863140064975
0.0,-0.25,-174.7262431269353
0.0,-0.25,-160.32067003965366
0.0,-0.25,-143.10115186998115
0.0,-0.25,-160.851147052191
0.0,-0.25,-166.85386604342474
0.0,-0.25,-164.2603368393511
0.0,-0.25,-158.5927573870089
0.0,-0.25,-143.48341543740779
0.0,-0.25,-186.80206326988414
0.0,-0.25,-166.22251230976195
0.0,-0.25,-162.13764772699864
0.0,-0.25,-196.71192446953614
0.0,-0.25,-161.24795175732595
0.0,-0.25,-163.81469267748645
0.0,-0.25,-166.68041264541424
0.0,-0.25,-150.58491826836547
0.0,-0.25,-162.22401625078464
0.0,-0.25,-156.85367629896
0.0,-0.25,-148.22064571860875
0.0,-0.25,-164.91392076777615
0.0,-0.25,-152.41026459609267
0.0,-0.25,-145.76018525722262
0.0,-0.25,-160.83194188776247
0.0,-0.25,-143.8893477584985
0.0,-0.25,-175.2445552328584
0.0,-0.25,-185.79490244980016
0.0,-0.25,-172.46100990760988
0.0,-0.25,-173.7707051382554
0.0,-0.25,-167.40640584842413
0.0,-0.25,-155.9909788532579
0.0,-0.25,-181.9520192635657
0.0,-0.25,-159.63192885292017
0.0,-0.25,-164.58130801436823
0.0,-0.25,-175.69496819309626
0.0,-0.25,-138.16087311361332
0.0,-0.25,-142.6463126436493
0.0,-0.25,-164.82102585213633
0.0,-0.25,-168.08839107986654
0.0,-0.25,-177.1044421371343
0.0,-0.25,-159.18638688079199
0.0,-0.25,-193.92203847751887
0.0,-0.25,-164.52849337817352
0.0,-0.25,-139.48828261460474
0.0,-0.25,-154.39781335059095
0.0,-0.25,-150.71171055667827
0.0,-0.25,-148.93984188537792
0.0,-0.25,-172.8623856735899
0.0,-0.25,-146.593969456793
0.0,-0.25,-164.12212315000522
0.0,-0.25,-185.0828208470889
0.0,-0.25,-145.87573095937242
0.0,-0.25,-174.7237126227811
0.0,-0.25,-143.01436497803272
0.0,-0.25,-147.27329596299435
0.0,-0.25,-167.38160334296515
0.0,-0.25,-151.21095565734092
0.0,-0.25,-168.25875237225827
0.0,-0.25,-175.68081747630706
0.0,-0.25,-135.69895184035386
0.0,-0.25,-174.45302623705754
0.0,-0.25,-165.3000755226565
0.0,-0.25,-164.27609733678864
0.0,-0.25,-193.45447922293815
0.0,-0.25,-197.2931998329889
0.0,-0.25,-163.95252896325013
0.0,-0.25,-186.47701071328626
0.0,-0.25,-149.08118043663478
0.0,-0.25,-140.53352155900967
0.0,-0.25,-149.72892934070774
0.0,-0.25,-152.40828131878123
0.0,-0.25,-143.05426137428233
0.0,-0.25,-162.93707710804998
0.0,-0.25,-149.0966581510566
0.0,-0.25,-130.76000157478308
0.0,-0.25,-167.54299905367802
0.0,-0.25,-163.34217519382696
0.0,-0.25,-168.32440937683992
0.0,-0.25,-178.1432431760102
0.0,-0.25,-185.09934206245484
0.0,-0.25,-148.7028475448573
0.0,-0.25,-181.660697790091
0.0,-0.25,-144.46544782955615
0.0,-0.25,-153.432415952738
0.0,-0.25,-138.38438400392383
0.0,-0.25,-169.10429612880048
0.0,-0.25,-146.79960934513312
0.0,-0.25,-177.90137486390353
0.0,-0.25,-168.25355970473908
0.0,-0.25,-176.48167819785542
0.0,-0.25,-182.85230306735775
0.0,-0.25,-163.05580943476517
0.0,-0.25,-192.97936300627057
0.0,-0.25,-177.8310522088293
0.0,-0.25,-187.10183574881648
0.0,-0.25,-151.3141031446311
0.0,-0.25,-154.44636284570595
0.0,-0.25,-169.78461525244683
0.0,-0.25,-164.45917691110537
0.0,-0.25,-136.47373669478182
0.0,-0.25,-133.33015834815546
0.0,-0.25,-166.74698200965503
0.0,-0.25,-160.62868200267084
0.0,-0.25,-136.6554209621863
0.0,-0.25,-161.18516521925102
0.0,-0.25,-186.21999945351743
0.0,-0.25,-149.33218737850416
0.0,-0.25,-169.57359196729684
0.0,-0.25,-145.743129954828
0.0,-0.25,-171.32056969945498
0.0,-0.25,-183.9610146242138
0.0,-0.25,-198.4420032051022
0.0,-0.25,-140.97220005446698
0.0,-0.25,-177.42766500031132
0.0,-0.25,-170.8099859102123
0.0,-0.25,-160.48510006350452
0.0,-0.25,-183.17824836803004
0.0,-0.25,-162.3062245935316
0.0,-0.25,-134.55371183156768
0.0,-0.25,-150.1640047961847
0.0,-0.25,-159.69229623184503
0.0,-0.25,-152.34200328048598
0.0,-0.25,-136.52294043380368
0.0,-0.25,-175.44460847165013
0.0,-0.25,-139.2516042507161
0.0,-0.25,-181.63475792080743
0.0,-0.25,-165.65333105485882
0.0,-0.25,-179.79272568813263
0.0,-0.25,-160.81802969568403
0.0,-0.25,-175.7405545122697
0.0,-0.25,-159.9484231952261
0.0,-0.25,-164.80977757773215
0.0,-0.25,-185.07983254222623
0.0,-0.25,-144.43046699460444
0.0,-0.25,-143.24261490332123
0.0,-0.25,-164.0113058118921
0.0,-0.25,-170.66902044506057
0.0,-0.25,-163.03294405138172
0.0,-0.25,-166.38119370800783
0.0,-0.25,-156.21571350799874
0.0,-0.25,-144.53744355791235
0.0,-0.25,-174.97779216832913
0.0,-0.25,-144.1821013775239
0.0,-0.25,-158.30665354555018
0.0,-0.25,-164.94515998741394
0.0,-0.25,-143.17835116709435
0.0,-0.25,-137.6871606313801
0.0,-0.25,-170.7785992977242
0.0,-0.25,-189.92119191639324
0.0,-0.25,-146.18054873571666
0.0,-0.25,-154.45921539966508
0.0,-0.25,-178.69050575020003
0.0,-0.25,-177.56443073359293
0.0,-0.25,-152.19864829064227
0.0,-0.25,-157.6571808035285
0.0,-0.25,-138.7575561298663
0.0,-0.25,-140.98424960835223
0.0,-0.25,-187.3813034959156
0.0,-0.25,-134.44830796734914
0.0,-0.25,-181.13747801575184
0.0,-0.25,-179.966086238047
0.0,-0.25,-166.91032819016775
0.0,-0.25,-182.7225623594828
0.0,-0.25,-166.72713293068975
0.0,-0.25,-165.00555707237788
0.0,-0.25,-188.69916133229364
0.0,-0.25,-135.09621290811276
0.0,-0.25,-184.7290821086728
0.0,-0.25,-180.27401326514766
0.0,-0.25,-141.18684031669514
0.0,-0.25,-140.04686231448838
0.0,-0.25,-149.58111313083947
0.0,-0.25,-182.31341505311178
0.0,-0.25,-180.60982850836407
0.0,-0.25,-185.6570100276627
0.0,-0.25,-139.41360136362627
0.0,-0.25,-148.51145291300273
0.0,-0.25,-153.96841683220603
0.0,-0.25,-175.06849671847806
0.0,-0.25,-135.9206059961421
0.0,-0.25,-147.38440427058865
0.0,-0.25,-134.63395223041505
0.0,-0.25,-162.09880653012925
0.0,-0.25,-127.05134206228287
0.0,-0.25,-155.50548273087196
0.0,-0.25,-174.40887073197308
0.0,-0.25,-163.7608380373377
0.0,-0.25,-169.88321657492355
0.0,-0.25,-146.2440083369116
0.0,-0.25,-161.96542929673214
0.0,-0.25,-185.07577218284328
0.0,-0.25,-166.42319254248852
0.0,-0.25,-178.44667600269037
0.0,-0.25,-169.03274415245508
0.0,-0.25,-156.15028790642384
0.0,-0.25,-148.0557275094105
0.0,-0.25,-182.50496909903026
0.0,-0.25,-164.6259386053251
0.0,-0.25,-155.63368440007295
0.0,-0.25,-166.01396828075218
0.0,-0.25,-152.74574153420193
0.0,-0.25,-136.88836245346204
0.0,-0.25,-195.4238675554475
0.0,-0.25,-172.94694826143302
0.0,-0.25,-171.40785347585455
0.0,-0.25,-197.00131119317243
0.0,-0.25,-156.68261561370443
0.0,-0.25,-159.37354952234256
0.0,-0.25,-173.23450921808166
0.0,-0.25,-182.06498149839857
0.0,-0.25,-155.6218648421805
0.0,-0.25,-180.54414929780833
0.0,-0.25,-182.17975379522395
0.0,-0.25,-140.42841783001543
0.0,-0.25,-176.2135008447709
0.0,-0.25,-145.87652908723126
0.0,-0.25,-148.81671557100043
0.0,-0.25,-156.28134675810827
0.0,-0.25,-159.31167639893508
0.0,-0.25,-170.0428736961284
0.0,-0.25,-162.4140427004487
0.0,-0.25,-148.0599158785293
0.0,-0.25,-169.12974654773936
0.0,-0.25,-172.06062921529255
0.0,-0.25,-184.13854325255122
0.0,-0.25,-149.1804989531427
0.0,-0.25,-149.311747345395
0.0,-0.25,-150.05856385158611
0.0,-0.25,-170.42697585885395
0.0,-0.25,-155.61422467645122
0.0,-0.25,-151.78623848405377
0.0,-0.25,-162.6479786801357
0.0,-0.25,-182.62849250845304
0.0,-0.25,-174.29968582752593
0.0,-0.25,-198.65792073582531
0.0,-0.25,-156.60143149213206
0.0,-0.25,-157.2572952760629
0.0,-0.25,-146.3437373507166
0.0,-0.25,-176.93932365234912
0.0,-0.25,-167.07264990163304
0.0,-0.25,-173.76284598845098
0.0,-0.25,-191.96545080307772
0.0,-0.25,-168.86571997863845
0.0,-0.25,-182.96411959336996
0.0,-0.25,-150.24645417329555
0.0,-0.25,-172.41306150622967
0.0,-0.25,-167.0521924913675
0.0,-0.25,-156.04494664845848
0.0,-0.25,-174.14567630891648
0.0,-0.25,-174.61186664432552
0.0,-0.25,-139.91614327894078
0.0,-0.25,-176.71741001382802
0.0,-0.25,-137.2844870566099
0.0,-0.25,-167.68664952600113
0.0,-0.25,-167.49583700667588
0.0,-0.25,-164.8111708099302
0.0,-0.25,-139.35212149504594
0.0,-0.25,-138.6233483548308
0.0,-0.25,-164.3200131769164
0.0,-0.25,-174.5944688099646
0.0,-0.25,-156.56264011415286
0.0,-0.25,-164.0358224936624
0.0,-0.25,-188.34882091127778
0.0,-0.25,-154.3696235889715
0.0,-0.25,-154.39283964270408
0.0,-0.25,-158.83260318430908
0.0,-0.25,-126.963166291704
0.0,-0.25,-148.1780331063385
0.0,-0.25,-170.99282358799098
0.0,-0.25,-150.43712658018018
0.0,-0.25,-159.6558346671845
0.0,-0.25,-170.48570961080912
0.0,-0.25,-162.5214161850362
0.0,-0.25,-162.3266026585275
0.0,-0.25,-151.8732764209996
0.0,-0.25,-180.86770306777527
0.0,-0.25,-177.01447379018362
0.0,-0.25,-156.12082936165953
0.0,-0.25,-175.46547921908666
0.0,-0.25,-161.3047868095855
0.0,-0.25,-181.55854849821077
0.0,-0.25,-156.94580931182196
0.0,-0.25,-167.55794535056668
0.0,-0.25,-139.40846824395712
0.0,-0.25,-184.60479196162288
0.0,-0.25,-166.15411107141725
0.0,-0.25,-152.4258823555367
0.0,-0.25,-182.5172929199383
0.0,-0.25,-186.74209009421895
0.0,-0.25,-175.7160848262864
0.0,-0.25,-147.9911588172772
0.0,-0.25,-173.42692451509413
0.0,-0.25,-144.17916003325823
0.0,-0.25,-161.41418373969543
0.0,-0.25,-157.23695346187327
0.0,-0.25,-176.65333125714176
0.0,-0.25,-168.35689261880353
0.0,-0.25,-152.38991700499932
0.0,-0.25,-191.44074974737114
0.0,-0.25,-157.90145111566363
0.0,-0.25,-176.4213215145617
0.0,-0.25,-139.03659321565974
0.0,-0.25,-140.3983802240175
0.0,-0.25,-161.40058369524516
0.0,-0.25,-155.26058386669905
0.0,-0.25,-143.9170529401955
0.0,-0.25,-124.65155787508779
0.0,-0.25,-180.22469712910302
0.0,-0.25,-149.7151857220422
0.0,-0.25,-144.14611293752245
0.0,-0.25,-172.5973905857681
0.0,-0.25,-176.97748233460467
0.0,-0.25,-154.19329545842268
0.0,-0.25,-180.47228172714117
0.0,-0.25,-161.42176026110675
0.0,-0.25,-161.06646489601917
0.0,-0.25,-176.37948481283905
0.0,-0.25,-170.32031992079823
0.0,-0.25,-146.97261690538963
0.0,-0.25,-153.87916015873847
0.0,-0.25,-177.16538513894037
0.0,-0.25,-161.02261970857603
0.0,-0.25,-177.97398060229145
0.0,-0.25,-169.31423028969562
0.0,-0.25,-150.54744295029738
0.0,-0.25,-191.9142972407237
0.0,-0.25,-165.50584605569298
0.0,-0.25,-181.4624727636538
0.0,-0.25,-165.46481288427424
0.0,-0.25,-136.81377214088988
0.0,-0.25,-194.4040601983941
0.0,-0.25,-174.545810674604
0.0,-0.25,-163.82952480204938
0.0,-0.25,-164.37401031301866
0.0,-0.25,-164.67630645015305
0.0,-0.25,-141.68064560716212
0.0,-0.25,-178.41218998656169
0.0,-0.25,-157.80855037163897
0.0,-0.25,-149.5654873895576
0.0,-0.25,-173.4176196494205
0.0,-0.25,-167.50576283976966
0.0,-0.25,-132.87608386950996
0.0,-0.25,-157.78384389798634
0.0,-0.25,-188.64703417287134
0.0,-0.25,-179.74919030177708
0.0,-0.25,-144.3595771255016
0.0,-0.25,-170.05988076150302
0.0,-0.25,-163.06619499113805
0.0,-0.25,-166.4423508120803
0.0,-0.25,-157.7998080424494
0.0,-0.25,-186.37744202243277
0.0,-0.25,-173.60918050593898
0.0,-0.25,-157.50291713170685
0.0,-0.25,-166.6600006217939
0.0,-0.25,-155.13477418430554
0.0,-0.25,-177.37107026226505
0.0,-0.25,-137.76649219089674
0.0,-0.25,-175.62711002909043
0.0,-0.25,-145.17537229508685
0.0,-0.25,-142.27953863012533
0.0,-0.25,-170.85646725752784
0.0,-0.25,-148.48761102906377
0.0,-0.25,-189.1038980713826
0.0,-0.25,-177.76452901820235
0.0,-0.25,-165.6105778057974
0.0,-0.25,-155.35180131509586
0.0,-0.25,-188.64760612321376
0.0,-0.25,-184.2507903869513
0.0,-0.25,-175.1632023967972
0.0,-0.25,-166.99438392993721
0.0,-0.25,-168.6224415099809
0.0,-0.25,-130.38793955803123
0.0,-0.25,-170.34332750792754
0.0,-0.25,-148.40819876444112
0.0,-0.25,-142.21361457635456
0.0,-0.25,-185.6759193978073
0.0,-0.25,-162.9144703561917
0.0,-0.25,-174.0515664593542
0.0,-0.25,-145.76082026168157
0.0,-0.25,-171.03275695560305
0.0,-0.25,-187.2984816975657
0.0,-0.25,-158.2982835766621
0.0,-0.25,-162.65865960733663
0.0,-0.25,-181.22334945221093
0.0,-0.25,-190.26754325534878
0.0,-0.25,-185.97596889841242
0.0,-0.25,-144.0181928047769
0.0,-0.25,-136.05732102616597
0.0,-0.25,-147.20100016254077
0.0,-0.25,-179.64929556003733
0.0,-0.25,-171.59851527326174
0.0,-0.25,-173.31507682311292
0.0,-0.25,-155.45954962586407
0.0,-0.25,-158.19591864967362
0.0,-0.25,-161.24890081658728
0.0,-0.25,-133.84383343235788
0.0,-0.25,-158.85153868155967
0.0,-0.25,-177.0050109235528
0.0,-0.25,-185.4796138282737
0.0,-0.25,-172.9439893591178
0.0,-0.25,-161.24925767556627
0.0,-0.25,-150.0658798973986
0.0,-0.25,-134.0238650041334
0.0,-0.25,-159.72511579025414
0.0,-0.25,-155.60021982294873
0.0,-0.25,-166.7160346781725
0.0,-0.25,-165.18815464381464
0.0,-0.25,-135.42393336731766
0.0,-0.25,-166.65419540658604
0.0,-0.25,-176.46966616161066
0.0,-0.25,-175.75527627937197
0.0,-0.25,-180.09976735755433
0.0,-0.25,-158.96833610170412
0.0,-0.25,-172.7014142246045
0.0,-0.25,-137.2486644750186
0.0,-0.25,-163.04092198423746
0.0,-0.25,-150.03884586427628
0.0,-0.25,-157.24128455078042
0.0,-0.25,-140.25380379463252
0.0,-0.25,-170.4440336401417
0.0,-0.25,-139.60048001156244
0.0,-0.25,-169.5227242785177
0.0,-0.25,-182.62910723960889
0.0,-0.25,-151.2615964457309
0.0,-0.25,-149.47653560841354
0.0,-0.25,-134.06364326631981
0.0,-0.25,-159.4791314352052
0.0,-0.25,-158.98353201706718
0.0,-0.25,-166.91709214744708
0.0,-0.25,-135.2982887404303
0.0,-0.25,-177.45885497379044
0.0,-0.25,-174.0524818118716
0.0,-0.25,-169.11824630020317
0.0,-0.25,-191.4338573483995
0.0,-0.25,-169.13323373235468
0.0,-0.25,-155.96854712394622
0.0,-0.25,-142.44098253771824
0.0,-0.25,-167.02250090965066
0.0,-0.25,-151.57107306527035
0.0,-0.25,-156.99113167370297
0.0,-0.25,-132.4884990404779
0.0,-0.25,-162.6385728548229
0.0,-0.25,-171.62354504761203
0.0,-0.25,-162.03821544759677
0.0,-0.25,-144.52390169474512
0.0,-0.25,-166.78039853446296
0.0,-0.25,-149.66091077760646
0.0,-0.25,-160.23722365170354
0.0,-0.25,-177.87151388191984
0.0,-0.25,-161.67459528821465
0.0,-0.25,-167.1255601749715
0.0,-0.25,-178.9580958632841
0.0,-0.25,-144.46865091632642
0.0,-0.25,-159.2401660374424
0.0,-0.25,-163.70882106561453
0.0,-0.25,-142.66341769872884
0.0,-0.25,-169.8846155597173
0.0,-0.25,-193.26119625296252
0.0,-0.25,-180.82647431175724
0.0,-0.25,-155.41324757603775
0.0,-0.25,-162.02598117292166
0.0,-0.25,-149.41869779195576
0.0,-0.25,-169.14906380366614
0.0,-0.25,-142.27589306541026
0.0,-0.25,-155.03507881487107
0.0,-0.25,-178.20907071636637
0.0,-0.25,-152.78491678207243
0.0,-0.25,-148.18170351494135
0.0,-0.25,-146.7858471209101
0.0,-0.25,-185.36907287148662
0.0,-0.25,-160.54667692137883
0.0,-0.25,-164.51857247558846
0.0,-0.25,-132.7415278061235
0.0,-0.25,-156.35523646223646
0.0,-0.25,-163.6040295829598
0.0,-0.25,-181.59845662006126
0.0,-0.25,-181.18954769835563
0.0,-0.25,-169.0626531492182
0.0,-0.25,-159.13024595242416
0.0,-0.25,-127.74595970347599
0.0,-0.25,-163.73130307988703
0.0,-0.25,-158.50331147774907
0.0,-0.25,-147.8547589616241
0.0,-0.25,-157.22192834276152
0.0,-0.25,-191.81041111130946
0.0,-0.25,-176.10393179190226
0.0,-0.25,-167.4244404118881
0.0,-0.25,-162.84895771711476
0.0,-0.25,-176.85443167081908
0.0,-0.25,-165.07134481663584
0.0,-0.25,-141.89480642443894
0.0,-0.25,-148.0355765471519
0.0,-0.25,-155.24171393852905
0.0,-0.25,-168.54209876866366
0.0,-0.25,-167.75403520080206
0.0,-0.25,-152.46810753857255
0.0,-0.25,-136.7076983224653
0.0,-0.25,-176.5744093232086
0.0,-0.25,-187.59982986845526
0.0,-0.25,-139.64195180528944
0.0,-0.25,-155.7191773921566
0.0,-0.25,-130.75145679184416
0.0,-0.25,-148.0973720561084
0.0,-0.25,-172.47392391982052
0.0,-0.25,-166.60418874392047
0.0,-0.25,-149.83367069120197
0.0,-0.25,-138.74347012059042
0.0,-0.25,-182.63662080064205
0.0,-0.25,-190.6465728020929
0.0,-0.25,-170.56480796992824
0.0,-0.25,-134.30868875221574
0.0,-0.25,-141.66158687271792
0.0,-0.25,-169.11104494997622
0.0,-0.25,-170.53371993399097
0.0,-0.25,-138.08876247423237
0.0,-0.25,-152.5540944031129
0.0,-0.25,-163.80308431694377
0.0,-0.25,-177.73242674250767
0.0,-0.25,-169.95432873163514
0.0,-0.25,-143.98488222320097
0.0,-0.25,-179.06272903508093
0.0,-0.25,-168.1088507123734
0.0,-0.25,-170.43263364691703
0.0,-0.25,-176.8038734252606
0.0,-0.25,-161.5221627382271
0.0,-0.25,-157.19177970330787
0.0,-0.25,-175.7067851734442
0.0,-0.25,-143.10663609518897
0.0,-0.25,-154.52941612324085
0.0,-0.25,-161.25733241943774
0.0,-0.25,-166.72606058190337
0.0,-0.25,-176.82243110803805
0.0,-0.25,-175.54327120054862
0.0,-0.25,-165.06343609908646
0.0,-0.25,-168.13135704522222
0.0,-0.25,-151.39218405885936
0.0,-0.25,-136.3568712405572
0.0,-0.25,-157.055359518017
0.0,-0.25,-159.38186133970152
0.0,-0.25,-161.96853307196108
0.0,-0.25,-186.62424135404046
0.0,-0.25,-189.5915468408244
0.0,-0.25,-176.14908685058512
0.0,-0.25,-157.55062028703398
0.0,-0.25,-193.78998908883833
0.0,-0.25,-160.0851080007064
0.0,-0.25,-164.72435810016378
0.0,-0.25,-189.20836293803353
0.0,-0.25,-133.1429533690121
0.0,-0.25,-171.62798237031618
0.0,-0.25,-192.34436450126015
0.0,-0.25,-159.53579700770206
0.0,-0.25,-173.18430524309267
0.0,-0.25,-157.2931103876186
0.0,-0.25,-158.65145174112837
0.0,-0.25,-167.29370218960202
0.0,-0.25,-153.82589042342337
0.0,-0.25,-173.2636567598032
0.0,-0.25,-130.30874559704512
0.0,-0.25,-177.14458291244742
0.0,-0.25,-160.96255353857492
0.0,-0.25,-146.21931465392916
0.0,-0.25,-171.27383228575266
0.0,-0.25,-165.90425516127917
0.0,-0.25,-176.34817182616138
0.0,-0.25,-128.32726789725945
0.0,-0.25,-191.65755647324983
0.0,-0.25,-156.6876360660981
0.0,-0.25,-168.75049192797184
0.0,-0.25,-149.06475153608773
0.0,-0.25,-142.29813867925992
0.0,-0.25,-154.9761327390952
0.0,-0.25,-188.72953282013256
0.0,-0.25,-151.28461001849448
0.0,-0.25,-166.02538343018293
0.0,-0.25,-164.30472511633567
0.0,-0.25,-178.40362841280339
0.0,-0.25,-161.43686683770204
0.0,-0.25,-164.65717946570922
0.0,-0.25,-186.7044077385148
0.0,-0.25,-163.09559245781682
0.0,-0.25,-133.0478265409027
0.0,-0.25,-162.44971388154676
0.0,-0.25,-176.97023082163975
0.0,-0.25,-140.1485581130174
0.0,-0.25,-168.20874103982214
0.0,-0.25,-153.0733054909699
0.0,-0.25,-136.2209982389954
0.0,-0.25,-159.60326532422573
0.0,-0.25,-146.8274140939587
0.0,-0.25,-158.94722182639515
0.0,-0.25,-163.2434031909081
0.0,-0.25,-175.67787183180073
0.0,-0.25,-188.2645471759566
0.0,-0.25,-167.5763927449983
0.0,-0.25,-146.04770285368178
0.0,-0.25,-176.4456211046965
0.0,-0.25,-151.72794919776655
0.0,-0.25,-156.29066092425762
0.0,-0.25,-165.021171810769
0.0,-0.25,-159.4158861693371
0.0,-0.25,-128.147287577583
0.0,-0.25,-139.99778452763192
0.0,-0.25,-155.2023389840196
0.0,-0.25,-177.26409204739252
0.0,-0.25,-161.92951609074552
0.0,-0.25,-188.6967368753369
0.0,-0.25,-174.1411635781538
0.0,-0.25,-172.9879570178616
0.0,-0.25,-167.8176262105196
0.0,-0.25,-157.13711476361513
0.0,-0.25,-152.1465951792489
0.0,-0.25,-141.42614234756124
0.0,-0.25,-163.34245113209036
0.0,-0.25,-186.95124470961736
0.0,-0.25,-155.9887344210375
0.0,-0.25,-172.38611055350495
0.0,-0.25,-177.63097072365775
0.0,-0.25,-164.7101025649925
0.0,-0.25,-138.3112106935308
0.0,-0.25,-174.02846704752608
0.0,-0.25,-161.45629787184743
0.0,-0.25,-159.47215867855343
0.0,-0.25,-177.0137851339166
0.0,-0.25,-132.57293703448045
0.0,-0.25,-167.60442532610278
0.0,-0.25,-176.694217977608
0.0,-0.25,-161.04036395521464
0.0,-0.25,-152.3496079847418
0.0,-0.25,-183.28074247360797
0.0,-0.25,-155.21571194321652
0.0,-0.25,-140.90814022616095
0.0,-0.25,-146.27519177974037
0.0,-0.25,-170.240763636081
0.0,-0.25,-154.58250200314345
0.0,-0.25,-146.79139008764
0.0,-0.25,-182.28195031426606
0.0,-0.25,-147.40131124255413
0.0,-0.25,-164.74725071362886
0.0,-0.25,-166.9956881459276
0.0,-0.25,-192.34312563293153
0.0,-0.25,-156.35141381250244
0.0,-0.25,-153.66362401804716
0.0,-0.25,-143.49485182440807
0.0,-0.25,-153.89939267333742
0.0,-0.25,-176.05516063424125
0.0,-0.25,-134.97151586269246
0.0,-0.25,-187.84894387732234
0.0,-0.25,-182.71195790461172
0.0,-0.25,-141.02108323441587
0.0,-0.25,-143.98187986782528
0.0,-0.25,-173.7126898856527
0.0,-0.25,-186.97967833854057
0.0,-0.25,-152.69900655764943
0.0,-0.25,-149.90425434740408
0.0,-0.25,-170.28758022381587
0.0,-0.25,-153.39295261777986
0.0,-0.25,-188.60764389210536
0.0,-0.25,-161.44059757963834
0.0,-0.25,-174.84869180378
0.0,-0.25,-158.41841590393523
0.0,-0.25,-153.92128289964361
0.0,-0.25,-164.07423077615456
0.0,-0.25,-153.85911907860853
0.0,-0.25,-169.91349369072583
0.0,-0.25,-161.34988342876565
0.0,-0.25,-194.81416503884353
0.0,-0.25,-195.96422366777566
0.0,-0.25,-191.76708865943496
0.0,-0.25,-163.30640162503104
0.0,-0.25,-193.84239958065533
0.0,-0.25,-140.5728540089993
0.0,-0.25,-170.364900161954
0.0,-0.25,-175.11827925443077
0.0,-0.25,-149.54151456596102
0.0,-0.25,-189.73844011738723
0.0,-0.25,-168.5816491957239
0.0,-0.25,-166.80694951033593
0.0,-0.25,-148.2030752040899
0.0,-0.25,-153.56326616827326
0.0,-0.25,-155.82424483211835
0.0,-0.25,-164.46236755054744
0.0,-0.25,-158.16583647321497
0.0,-0.25,-178.74120718042022
0.0,-0.25,-158.54193267801622
0.0,-0.25,-151.87129592868948
0.0,-0.25,-141.57035996902957
0.0,-0.25,-189.397911239757
0.0,-0.25,-184.2262198101162
0.0,-0.25,-149.81784567463546
0.0,-0.25,-169.32410722572757
0.0,-0.25,-169.24535724417942
0.0,-0.25,-139.34868922856649
0.0,-0.25,-175.88592066040553
0.0,-0.25,-166.02905646754618
0.0,-0.25,-168.37153094295243
0.0,-0.25,-143.50108730915196
0.0,-0.25,-174.10043776107293
0.0,-0.25,-185.7335568088523
0.0,-0.25,-171.05665421546547
0.0,-0.25,-170.07522176245575
0.0,-0.25,-152.59327972544074
0.0,-0.25,-152.20754739771604
0.0,-0.25,-191.49211941971362
0.0,-0.25,-165.51506127747683
0.0,-0.25,-151.73716827327564
0.0,-0.25,-160.07241169729625
0.0,-0.25,-153.5084422734817
0.0,-0.25,-166.33159005185857
0.0,-0.25,-144.78499774384574
0.0,-0.25,-160.88295399622245
0.0,-0.25,-190.34829764204244
0.0,-0.25,-170.95748342332033
0.0,-0.25,-169.2393220891298
0.0,-0.25,-187.7587856610203
0.0,-0.25,-143.55077705427183
0.0,-0.25,-148.37384514016605
0.0,-0.25,-178.48451770028643
0.0,-0.25,-156.01774037593898
0.0,-0.25,-186.5140494106196
0.0,-0.25,-143.28315575415021
0.0,-0.25,-159.04194629006702
0.0,-0.25,-173.40127381721226
0.0,-0.25,-157.01502746974964
0.0,-0.25,-175.23280400978905
0.0,-0.25,-174.83913028964403
0.0,-0.25,-184.43100776741426
0.0,-0.25,-164.35853476463527
0.0,-0.25,-145.95801490585274
0.0,-0.25,-163.0394250774922
0.0,-0.25,-154.80729614054715
0.0,-0.25,-181.1824854799414
0.0,-0.25,-135.77843847476856
0.0,-0.25,-135.3957399012037
0.0,-0.25,-191.56820976547792
0.0,-0.25,-197.29088152951448
0.0,-0.25,-190.46225503176078
0.0,-0.25,-176.09865083287096
0.0,-0.25,-172.40517454440703
0.0,-0.25,-175.34389094529004
0.0,-0.25,-172.11312682666008
0.0,-0.25,-157.29327778712118
0.0,-0.25,-155.89464500393044
0.0,-0.25,-155.695468565791
0.0,-0.25,-170.8919088344457
0.0,-0.25,-145.06234632284813
0.0,-0.25,-154.2667550826231
0.0,-0.25,-194.84680935547618
0.0,-0.25,-132.677576090665
0.0,-0.25,-173.96133542259935
0.0,-0.25,-172.71983902581405
0.0,-0.25,-171.26692269837704
0.0,-0.25,-176.8797259214146
0.0,-0.25,-170.26850195726266
0.0,-0.25,-146.15921520275188
0.0,-0.25,-149.9229473999343
0.0,-0.25,-182.83906684322764
0.0,-0.25,-185.66927681989674
0.0,-0.25,-184.62477883126653
0.0,-0.25,-170.2366867318273
0.0,-0.25,-178.51188641940638
0.0,-0.25,-167.76623765633497
0.0,-0.25,-163.3527700912262
0.0,-0.25,-150.82126123268654
0.0,-0.25,-162.44512073856296
0.0,-0.25,-183.59826138327165
0.0,-0.25,-151.6567264573183
0.0,-0.25,-177.99295447473776
0.0,-0.25,-171.40460603458243
0.0,-0.25,-190.22413632505962
0.0,-0.25,-168.8665086168942
0.0,-0.25,-164.92473588114441
0.0,-0.25,-129.22244041906328
0.0,-0.25,-163.92115952276077
0.0,-0.25,-186.8975907179213
0.0,-0.25,-152.11571827223207
0.0,-0.25,-153.63072574232606
0.0,-0.25,-178.66133675410413
0.0,-0.25,-166.46868079350332
0.0,-0.25,-163.88834442804844
0.0,-0.25,-159.2016033242898
0.0,-0.25,-157.46482552435418
0.0,-0.25,-164.51927061673643
0.0,-0.25,-140.42841988125176
0.0,-0.25,-155.43835539080922
0.0,-0.25,-154.08959313923228
0.0,-0.25,-159.8956996755462
0.0,-0.25,-148.55698363433484
0.0,-0.25,-178.84446786781805
0.0,-0.25,-168.8985627709836
0.0,-0.25,-155.50064469884794
0.0,-0.25,-135.4501377399959
0.0,-0.25,-150.44290791308973
0.0,-0.25,-143.67278645209248
0.0,-0.25,-143.8182229383974
0.0,-0.25,-142.98024269273813
0.0,-0.25,-170.1307609417691
0.0,-0.25,-169.1915015358143
0.0,-0.25,-176.79987790500178
0.0,-0.25,-148.2763197360384
0.0,-0.25,-176.64512361529748
0.0,-0.25,-172.01509346532436
0.0,-0.25,-180.05935389494812
0.0,-0.25,-153.2850088717743
0.0,-0.25,-186.7008307313969
0.0,-0.25,-134.3955531658164
0.0,-0.25,-169.5580571252623
0.0,-0.25,-169.21498332729055
0.0,-0.25,-191.56278733769597
0.0,-0.25,-184.56588631044974
0.0,-0.25,-164.50695028476252
0.0,-0.25,-172.96953897522272
0.0,-0.25,-133.09170334268697
0.0,-0.25,-166.12751289992056
0.0,-0.25,-170.9813378866326
0.0,-0.25,-142.39256313063376
0.0,-0.25,-144.18028895316536
0.0,-0.25,-174.54830388785896
0.0,-0.25,-150.31279668025812
0.0,-0.25,-141.88039833428414
0.0,-0.25,-174.74950825994597
0.0,-0.25,-157.64474376219744
0.0,-0.25,-133.2414139932473
0.0,-0.25,-148.2995168950141
0.0,-0.25,-179.13375980068912
0.0,-0.25,-168.5430494272639
0.0,-0.25,-170.61961310440665
0.0,-0.25,-195.758208145968
0.0,-0.25,-168.79217918698282
0.0,-0.25,-163.61654442649896
0.0,-0.25,-136.21283955609286
0.0,-0.25,-197.31912377031608
0.0,-0.25,-151.4735241377664
0.0,-0.25,-173.0593638016463
0.0,-0.25,-188.0439963708809
0.0,-0.25,-160.54619288851674
0.0,-0.25,-186.9288418664796
0.0,-0.25,-147.80629886242556
0.0,-0.25,-148.15633932368755
0.0,-0.25,-155.2821832638754
0.0,-0.25,-162.7498676523887
0.0,-0.25,-175.08510892145628
0.0,-0.25,-186.2765245421715
0.0,-0.25,-153.60263608508825
0.0,-0.25,-164.344119769443
0.0,-0.25,-176.39883941985696
0.0,-0.25,-160.63787557245627
0.0,-0.25,-164.94213259810925
0.0,-0.25,-158.77959373416957
0.0,-0.25,-159.98172995314133
0.0,-0.25,-138.33573140676572
0.0,-0.25,-148.96461634296026
0.0,-0.25,-199.2437112598507
0.0,-0.25,-149.89043102600908
0.0,-0.25,-166.65393502431115
0.0,-0.25,-170.78191526229682
0.0,-0.25,-170.81877110927923
0.0,-0.25,-154.5816888793085
0.0,-0.25,-165.23003762844024
0.0,-0.25,-153.6258907364187
0.0,-0.25,-154.5891186266042
0.0,-0.25,-163.98999282734147
0.0,-0.25,-163.84418124064058
0.0,-0.25,-164.7286445149393
0.0,-0.25,-137.08543929942215
0.0,-0.25,-174.86718055627847
0.0,-0.25,-158.87061962222592
0.0,-0.25,-171.54824890996767
0.0,-0.25,-199.3107345563734
0.0,-0.25,-180.2499445983936
0.0,-0.25,-165.67551766204915
0.0,-0.25,-147.12700722266558
0.0,-0.25,-131.79618644309681
0.0,-0.25,-161.15216648872024
0.0,-0.25,-151.67924799496151
0.0,-0.25,-158.11505805077752
0.0,-0.25,-178.38990063101116
0.0,-0.25,-157.33464253037184
0.0,-0.25,-147.84640304205354
0.0,-0.25,-196.25087740714545
0.0,-0.25,-166.8955175610078
0.0,-0.25,-152.91916402580645
0.0,-0.25,-162.74270345951462
0.0,-0.25,-155.97952757746637
0.0,-0.25,-176.73064072744947
0.0,-0.25,-180.27354158663354
0.0,-0.25,-157.02530801902222
0.0,-0.25,-158.78986762649367
0.0,-0.25,-141.38506254284687
0.0,-0.25,-152.4025899883043
0.0,-0.25,-162.2882002668795
0.0,-0.25,-133.35284198380407
0.0,-0.25,-162.66758166329768
0.0,-0.25,-147.36958946771523
0.0,-0.25,-162.86755992931379
0.0,-0.25,-190.36241000275854
0.0,-0.25,-157.94446973029943
0.0,-0.25,-179.11273634179236
0.0,-0.25,-133.7713165736078
0.0,-0.25,-186.9829203540223
0.0,-0.25,-170.5206069630408
0.0,-0.25,-171.0018137637983
0.0,-0.25,-129.0177971523619
0.0,-0.25,-136.65408877970484
0.0,-0.25,-150.40422361141694
0.0,-0.25,-164.95991062087876
0.0,-0.25,-143.34290844737086
0.0,-0.25,-169.02170637432528
0.0,-0.25,-172.56188752712205
0.0,-0.25,-144.0187256502245
0.0,-0.25,-190.12036522162705
0.0,-0.25,-154.57346843119103
0.0,-0.25,-146.22866401470222
0.0,-0.25,-157.42374303181225
0.0,-0.25,-151.34004224268193
0.0,-0.25,-164.73253283000506
0.0,-0.25,-193.09056345249783
0.0,-0.25,-176.18953225221918
0.0,-0.25,-158.81750827655083
0.0,-0.25,-166.7736140447709
0.0,-0.25,-166.39578813282458
0.0,-0.25,-178.62352626980726
0.0,-0.25,-153.1112323418475
0.0,-0.25,-157.8133289429966
0.0,-0.25,-169.11333053634908
0.0,-0.25,-165.74558686869688
0.0,-0.25,-160.4451060117484
0.0,-0.25,-190.6350812426809
0.0,-0.25,-176.47180527416336
0.0,-0.25,-179.66646707589507
0.0,-0.25,-157.33039590718116
0.0,-0.25,-142.4185533424175
0.0,-0.25,-161.76983471798977
0.0,-0.25,-154.14443786341482
0.0,-0.25,-147.9437637348949
0.0,-0.25,-154.8348807648952
0.0,-0.25,-176.7541320721088
0.0,-0.25,-154.2550808246059
0.0,-0.25,-175.53899696720472
0.0,-0.25,-143.0394630246799
0.0,-0.25,-142.97140934465338
0.0,-0.25,-172.29901358382128
0.0,-0.25,-173.39761932362714
0.0,-0.25,-176.56328522398243
0.0,-0.25,-167.23411696435446
0.0,-0.25,-189.92765921358261
0.0,-0.25,-144.90344364978395
0.0,-0.25,-157.33316604965734
0.0,-0.25,-188.32764414206605
0.0,-0.25,-180.0148834598401
0.0,-0.25,-179.2371062352254
0.0,-0.25,-164.88400451794817
0.0,-0.25,-177.02419564915652
0.0,-0.25,-158.57135095819166
0.0,-0.25,-179.86937146204374
0.0,-0.25,-157.06811001676178
0.0,-0.25,-168.69911877707867
0.0,-0.25,-160.25659563158035
0.0,-0.25,-153.57993089579415
0.0,-0.25,-134.4715443589507
0.0,-0.25,-161.70554080274474
0.0,-0.25,-163.63679834002124
0.0,-0.25,-169.38880494077995
0.0,-0.25,-165.05889116068127
0.0,-0.25,-173.6657625434463
0.0,-0.25,-174.48214907035435
0.0,-0.25,-169.23158378930046
0.0,-0.25,-175.58024206071778
0.0,-0.25,-158.15136619465034
0.0,-0.25,-155.92576020568896
0.0,-0.25,-182.13237671890147
0.0,-0.25,-149.1876992522883
0.0,-0.25,-175.79945089505685
0.0,-0.25,-195.72112036671209
0.0,-0.25,-173.75351818498444
0.0,-0.25,-169.60540871563228
0.0,-0.25,-144.23038721406104
0.0,-0.25,-160.53573607823145
0.0,-0.25,-128.63772328727828
0.0,-0.25,-183.71417688944072
0.0,-0.25,-182.84645845626358
0.0,-0.25,-166.0100093398706
0.0,-0.25,-151.96402197536835
0.0,-0.25,-168.9458408040369
0.0,-0.25,-158.36980763042482
0.0,-0.25,-167.19278646292904
0.0,-0.25,-177.83781538973415
0.0,-0.25,-169.4403467775003
0.0,-0.25,-184.3713788000382
0.0,-0.25,-188.36009201166118
0.0,-0.25,-131.86236705070564
0.0,-0.25,-154.78605588541322
0.0,-0.25,-157.01343439898034
0.0,-0.25,-164.96010972501008
0.0,-0.25,-159.71560437019758
0.0,-0.25,-160.78030249018602
0.0,-0.25,-183.6923362928139
0.0,-0.25,-172.88268706788256
0.0,-0.25,-177.44089339202762
0.0,-0.25,-166.2327475785574
0.0,-0.25,-164.04427821158512
0.0,-0.25,-151.3144100820806
0.0,-0.25,-187.08760905459303
0.0,-0.25,-152.19669391118066
0.0,-0.25,-155.50404851167914
0.0,-0.25,-186.52221403945782
0.0,-0.25,-134.60016254465694
0.0,-0.25,-158.8035155737228
0.0,-0.25,-129.58282152261066
0.0,-0.25,-177.23864456571675
0.0,-0.25,-175.49221236810595
0.0,-0.25,-157.17915251494452
0.0,-0.25,-156.2652485450348
0.0,-0.25,-156.05569103442545
0.0,-0.25,-173.18702766781644
0.0,-0.25,-171.44470634981442
0.0,-0.25,-146.84138048097591
0.0,-0.25,-145.95415873880629
0.0,-0.25,-167.40904872829586
0.0,-0.25,-189.4194485556154
0.0,-0.25,-174.82115266267496
0.0,-0.25,-187.06002229971648
0.0,-0.25,-162.44849752755167
0.0,-0.25,-191.68614219576796
0.0,-0.25,-165.55856165934543
0.0,-0.25,-155.56186425075265
0.0,-0.25,-176.69562334845992
0.0,-0.25,-157.39285036069566
0.0,-0.25,-162.7938647871591
0.0,-0.25,-177.2727881842489
0.0,-0.25,-167.1220331186411
0.0,-0.25,-185.9482826998049
0.0,-0.25,-148.4207655167262
0.0,-0.25,-140.5969126019752
0.0,-0.25,-179.9022677467249
0.0,-0.25,-146.9922475264395
0.0,-0.25,-192.66366804632557
0.0,-0.25,-141.35349270145423
0.0,-0.25,-133.63804006798597
0.0,-0.25,-173.77143798429944
0.0,-0.25,-175.9514247298019
0.0,-0.25,-138.75137732248984
0.0,-0.25,-166.30293952038872
0.0,-0.25,-150.01456401338194
0.0,-0.25,-159.1209232878851
0.0,-0.25,-159.4329215916485
0.0,-0.25,-178.0446686976286
0.0,-0.25,-140.65135112298995
0.0,-0.25,-149.36232476171207
0.0,-0.25,-152.58403567290014
0.0,-0.25,-154.39745851792162
0.0,-0.25,-179.7182111751817
0.0,-0.25,-170.56618088833426
0.0,-0.25,-160.31019859567306
0.0,-0.25,-157.12032901098746
0.0,-0.25,-190.404471871262
0.0,-0.25,-149.3157046790648
0.0,-0.25,-173.24527880567985
0.0,-0.25,-164.71518550808915
0.0,-0.25,-146.65669265696195
0.0,-0.25,-145.00388506410275
0.0,-0.25,-150.2158375057065
0.0,-0.25,-154.5913025448843
0.0,-0.25,-168.4565602592631
0.0,-0.25,-150.2210542128428
0.0,-0.25,-174.0294067999651
0.0,-0.25,-165.9994571264828
0.0,-0.25,-162.6130893790252
0.0,-0.25,-172.32269511171623
0.0,-0.25,-159.65766563466275
0.0,-0.25,-165.61534159091903
0.0,-0.25,-150.42396522045792
0.0,-0.25,-140.39844725885303
0.0,-0.25,-163.02794939443817
0.0,-0.25,-153.55342931293436
0.0,-0.25,-136.01751157654837
0.0,-0.25,-139.56763568400763
0.0,-0.25,-184.6094069048449
0.0,-0.25,-166.24147594982426
0.0,-0.25,-180.07205462742607
0.0,-0.25,-173.96423754322976
0.0,-0.25,-157.72434823904013
0.0,-0.25,-167.08696870550006
0.0,-0.25,-145.85392533907142
0.0,-0.25,-181.0500724278611
0.0,-0.25,-166.82634971369828
0.0,-0.25,-171.60488747429372
0.0,-0.25,-173.6748052718736
0.0,-0.25,-140.22915506892357
0.0,-0.25,-191.7843403449773
0.0,-0.25,-186.88141594294754
0.0,-0.25,-158.10104951516047
0.0,-0.25,-161.9394181338922
0.0,-0.25,-181.8703297586775
0.0,-0.25,-145.7137235290679
0.0,-0.25,-196.65088320047775
0.0,-0.25,-177.15636655441608
0.0,-0.25,-150.9011792019516
0.0,-0.25,-163.02506633873497
0.0,-0.25,-151.89503932340617
0.0,-0.25,-158.60084943666442
0.0,-0.25,-176.88912499516726
0.0,-0.25,-170.74585118995964
0.0,-0.25,-157.33718548387046
0.0,-0.25,-187.93556859759389
0.0,-0.25,-179.87460211253992
0.0,-0.25,-145.74268102632158
0.0,-0.25,-163.01357874682478
0.0,-0.25,-156.187244856164
0.0,-0.25,-165.4735122134541
0.0,-0.25,-184.31454996121067
0.0,-0.25,-159.42745535227516
0.0,-0.25,-181.2247031750292
0.0,-0.25,-162.3830947345328
0.0,-0.25,-182.3942104815978
0.0,-0.25,-166.79016661489038
0.0,-0.25,-161.24162731218803
0.0,-0.25,-162.5986995636958
0.0,-0.25,-135.61698990785828
0.0,-0.25,-188.87371274763146
0.0,-0.25,-186.23567326204113
0.0,-0.25,-155.89635251385562
0.0,-0.25,-140.27249305630707
0.0,-0.25,-152.4371538882194
0.0,-0.25,-167.54915098692086
0.0,-0.25,-140.44093082504503
0.0,-0.25,-154.68063362637673
0.0,-0.25,-162.41309190473473
0.0,-0.25,-187.55115071371551
0.0,-0.25,-186.21029313393288
0.0,-0.25,-183.65430830838739
0.0,-0.25,-173.60618115896668
0.0,-0.25,-181.39166135559262
0.0,-0.25,-147.3024728352552
0.0,-0.25,-162.4847754257121
0.0,-0.25,-177.04510115205767
0.0,-0.25,-156.44073346375373
0.0,-0.25,-161.94871340690963
0.0,-0.25,-148.8520109645025
0.0,-0.25,-157.7624715046007
0.0,-0.25,-133.144042364835
0.0,-0.25,-150.12433778638814
0.0,-0.25,-156.09536581593093
0.0,-0.25,-145.54097602887165
0.0,-0.25,-160.46333752109183
0.0,-0.25,-187.13465480278657
0.0,-0.25,-158.93845397270533
0.0,-0.25,-192.4493948447962
0.0,-0.25,-150.11204930988552
0.0,-0.25,-144.9528984878952
0.0,-0.25,-140.99057052849722
0.0,-0.25,-161.34227154312455
0.0,-0.25,-152.4824581831388
0.0,-0.25,-153.49673600728488
0.0,-0.25,-157.7637441422636
0.0,-0.25,-180.17320304710282
0.0,-0.25,-165.73140429610532
0.0,-0.25,-158.01521729515494
0.0,-0.25,-162.59415702528582
0.0,-0.25,-187.39079363385602
0.0,-0.25,-152.292011988496
0.0,-0.25,-148.04779632682292
0.0,-0.25,-158.81715125059424
0.0,-0.25,-148.77891444319894
0.0,-0.25,-169.62776099739997
0.0,-0.25,-165.99461399212845
0.0,-0.25,-160.13773787567857
0.0,-0.25,-173.14118165923952
0.0,-0.25,-150.8820354047488
0.0,-0.25,-152.34790247507055
0.0,-0.25,-169.7339633678154
0.0,-0.25,-163.6246534275688
0.0,-0.25,-171.42911930475415
0.0,-0.25,-162.6831354860964
0.0,-0.25,-169.2271495369296
0.0,-0.25,-166.3086635083474
0.0,-0.25,-195.4374227863783
0.0,-0.25,-174.6637489803661
0.0,-0.25,-178.6167392997971
0.0,-0.25,-157.99107131344843
0.0,-0.25,-180.8124189386126
0.0,-0.25,-186.64255337531318
0.0,-0.25,-131.69087172730508
0.0,-0.25,-170.15526396777403
0.0,-0.25,-143.12798828254228
0.0,-0.25,-182.8608644007971
0.0,-0.25,-163.4337901855476
0.0,-0.25,-141.49897797120454
0.0,-0.25,-174.75554648260785
0.0,-0.25,-167.3478890206871
0.0,-0.25,-170.9992481257734
0.0,-0.25,-161.0147728689257
0.0,-0.25,-148.58176831384574
0.0,-0.25,-169.6699264435838
0.0,-0.25,-191.5437221846732
0.0,-0.25,-156.009784624133
0.0,-0.25,-142.97408420263054
0.0,-0.25,-154.7181366900481
0.0,-0.25,-175.48266061646243
0.0,-0.25,-161.701729940291
0.0,-0.25,-177.67106913539
0.0,-0.25,-149.85284098132004
0.0,-0.25,-184.03199941454767
0.0,-0.25,-137.22115849382777
0.0,-0.25,-147.02692994999478
0.0,-0.25,-174.71305057685774
0.0,-0.25,-145.49920378030203
0.0,-0.25,-172.93482292509202
0.0,-0.25,-164.80002748532632
0.0,-0.25,-153.531145449845
0.0,-0.25,-145.7783738841251
0.0,-0.25,-181.67955267812212
0.0,-0.25,-139.9459042326129
0.0,-0.25,-173.60982847041282
0.0,-0.25,-137.7903112507101
0.0,-0.25,-192.1038807492917
0.0,-0.25,-181.13749632336007
0.0,-0.25,-166.3345959801481
0.0,-0.25,-155.30767743958978
0.0,-0.25,-159.19063684333457
0.0,-0.25,-168.63393235038922
0.0,-0.25,-139.83841695185123
0.0,-0.25,-158.8181189854293
0.0,-0.25,-169.42900146782324
0.0,-0.25,-158.2857342673572
0.0,-0.25,-148.17789771592464
0.0,-0.25,-150.85312681435147
0.0,-0.25,-185.737687634655
0.0,-0.25,-148.65720120582188
0.0,-0.25,-163.89390249123792
0.0,-0.25,-157.05816661906613
0.0,-0.25,-158.65084761874903
0.0,-0.25,-175.157612812733
0.0,-0.25,-169.43900509931578
0.0,-0.25,-182.097908391575
0.0,-0.25,-151.63815015112158
0.0,-0.25,-179.29344130407128
0.0,-0.25,-155.1048987204314
0.0,-0.25,-162.20468846271055
0.0,-0.25,-147.91635881390872
0.0,-0.25,-144.70664787512786
0.0,-0.25,-136.16823217279202
0.0,-0.25,-179.3023559502892
0.0,-0.25,-144.79116219819463
0.0,-0.25,-192.81910571905647
0.0,-0.25,-180.45864173659828
0.0,-0.25,-194.14084368817913
0.0,-0.25,-185.93031595477055
0.0,-0.25,-167.05115217373836
0.0,-0.25,-175.9242334721946
0.0,-0.25,-158.15147215394234
0.0,-0.25,-138.89571472087496
0.0,-0.25,-176.05433175163975
0.0,-0.25,-176.50915601500952
0.0,-0.25,-179.69865398218812
0.0,-0.25,-160.34039975847855
0.0,-0.25,-167.79564879298977
0.0,-0.25,-165.07928398530117
0.0,-0.25,-167.2037389156936
0.0,-0.25,-155.70798794216356
0.0,-0.25,-149.51634850374546
0.0,-0.25,-164.4977183620704
0.0,-0.25,-151.4408094447079
0.0,-0.25,-183.5913744898636
0.0,-0.25,-160.41612344970886
0.0,-0.25,-153.55074604636116
0.0,-0.25,-189.57963000723007
0.0,-0.25,-169.0094820502058
0.0,-0.25,-147.99432190330742
0.0,-0.25,-153.20290228602244
0.0,-0.25,-171.82014965875848
0.0,-0.25,-177.81730626937923
0.0,-0.25,-159.58112048950673
0.0,-0.25,-175.9701417029965
0.0,-0.25,-177.2456655256709
0.0,-0.25,-168.8443965648798
0.0,-0.25,-163.1843590100494
0.0,-0.25,-133.54151118575126
0.0,-0.25,-172.85330042479333
0.0,-0.25,-163.3637689739088
0.0,-0.25,-150.89669426481612
0.0,-0.25,-141.50867866829608
0.0,-0.25,-170.9275557556983
0.0,-0.25,-151.08259253637473
0.0,-0.25,-182.53783024697407
0.0,-0.25,-156.73714209109414
0.0,-0.25,-156.4728278383887
0.0,-0.25,-176.14768517226327
0.0,-0.25,-165.0219543710013
0.0,-0.25,-182.90150452684333
0.0,-0.25,-163.34316401230268
0.0,-0.25,-164.24087913191815
0.0,-0.25,-170.8556833121625
0.0,-0.25,-172.3670631780334
0.0,-0.25,-152.9376516467053
0.0,-0.25,-152.26245321410872
0.0,-0.25,-150.0385986870856
0.0,-0.25,-163.3800814537312
0.0,-0.25,-155.4108649630275
0.0,-0.25,-155.7767315195699
0.0,-0.25,-139.24037230544323
0.0,-0.25,-192.18087432545067
0.0,-0.25,-176.38362031278612
0.0,-0.25,-176.41212880123965
0.0,-0.25,-136.62397732570363
0.0,-0.25,-148.902319399511
0.0,-0.25,-142.26482052770874
0.0,-0.25,-139.71302806839847
0.0,-0.25,-160.8028847122772
0.0,-0.25,-149.82543496715329
0.0,-0.25,-186.70818152464983
0.0,-0.25,-147.49572564551016
0.0,-0.25,-173.19347582059515
0.0,-0.25,-168.45181113396666
0.0,-0.25,-183.8311087209965
0.0,-0.25,-136.09969847435622
0.0,-0.25,-140.6262724001808
0.0,-0.25,-146.2494335312814
0.0,-0.25,-169.05337605179645
0.0,-0.25,-163.65895982886792
0.0,-0.25,-162.85650280413137
0.0,-0.25,-143.48957686925098
0.0,-0.25,-158.7688183326148
0.0,-0.25,-189.71963254958484
0.0,-0.25,-142.47354984707334
0.0,-0.25,-156.07783604453974
0.0,-0.25,-183.2272135787605
0.0,-0.25,-186.44568899919926
0.0,-0.25,-167.38548833225025
0.0,-0.25,-161.06831667384847
0.0,-0.25,-158.45587739582132
0.0,-0.25,-151.52688060787838
0.0,-0.25,-182.95001094206165
0.0,-0.25,-189.94126506190534
0.0,-0.25,-151.03223192793757
0.0,-0.25,-151.98043043367753
0.0,-0.25,-161.74286378175495
0.0,-0.25,-164.19812632330257
0.0,-0.25,-167.48383126665576
0.0,-0.25,-162.29509884154817
0.0,-0.25,-153.99170213459217
0.0,-0.25,-162.95139716614673
0.0,-0.25,-164.88081817704708
0.0,-0.25,-143.60397102127538
0.0,-0.25,-131.72528205669158
0.0,-0.25,-148.22160172693194
0.0,-0.25,-147.6983198914714
0.0,-0.25,-176.32735958637593
0.0,-0.25,-171.72564385894984
0.0,-0.25,-136.43991421973976
0.0,-0.25,-148.28642134149152
0.0,-0.25,-170.49245880426017
0.0,-0.25,-140.76333767028754
0.0,-0.25,-186.5902215717718
0.0,-0.25,-189.73186712307546
0.0,-0.25,-193.23278691963586
0.0,-0.25,-159.7025612776785
0.0,-0.25,-172.55246703197648
0.0,-0.25,-157.3017157235534
0.0,-0.25,-174.07934961337284
0.0,-0.25,-146.9134806070812
0.0,-0.25,-175.055789499064
0.0,-0.25,-152.58343602687538
0.0,-0.25,-160.82343674326992
0.0,-0.25,-145.1199866722403
0.0,-0.25,-160.99278133074395
0.0,-0.25,-162.6789916681838
0.0,-0.25,-148.76186859528795
0.0,-0.25,-153.54224117037688
0.0,-0.25,-160.25036712935443
0.0,-0.25,-163.11138156859153
0.0,-0.25,-166.6504488497255
0.0,-0.25,-164.31691428728212
0.0,-0.25,-175.84892482908506
0.0,-0.25,-170.64740631745477
0.0,-0.25,-196.82502657084214
0.0,-0.25,-127.24368811823011
0.0,-0.25,-179.1095038250574
0.0,-0.25,-182.30841096282313
0.0,-0.25,-195.13884595225787
0.0,-0.25,-183.99637161038424
0.0,-0.25,-156.05633747880634
0.0,-0.25,-160.73538523012874
0.0,-0.25,-156.46956722239656
0.0,-0.25,-136.57791042296168
0.0,-0.25,-188.52133983489168
0.0,-0.25,-174.1701099616261
0.0,-0.25,-171.2618399737635
0.0,-0.25,-169.20088392283725
0.0,-0.25,-164.97019880888155
0.0,-0.25,-165.51603802338366
0.0,-0.25,-152.38489848285514
0.0,-0.25,-179.7394642100851
0.0,-0.25,-158.6856088407013
0.0,-0.25,-196.05408824890318
0.0,-0.25,-187.21809584730002
0.0,-0.25,-171.1232846486889
0.0,-0.25,-141.86623408706834
0.0,-0.25,-140.8530449817629
0.0,-0.25,-177.16368573920357
0.0,-0.25,-158.86856462131252
0.0,-0.25,-149.8444910457331
0.0,-0.25,-173.86722081428593
0.0,-0.25,-157.36202712584188
0.0,-0.25,-185.2604505794287
0.0,-0.25,-167.09792669741321
0.0,-0.25,-158.29730487809368
0.0,-0.25,-179.42533782157645
0.0,-0.25,-164.29830383497455
0.0,-0.25,-157.47073292385036
0.0,-0.25,-141.40901307129124
0.0,-0.25,-150.6131208316499
0.0,-0.25,-155.3726536517294
0.0,-0.25,-173.8609387589806
0.0,-0.25,-170.4708732036348
0.0,-0.25,-138.27303443860458
0.0,-0.25,-151.98071003870962
0.0,-0.25,-179.65700602457753
0.0,-0.25,-178.71516777164868
0.0,-0.25,-151.02215532366114
0.0,-0.25,-164.04608976911894
0.0,-0.25,-154.23860465439006
0.0,-0.25,-185.2900547739742
0.0,-0.25,-161.56538209888308
0.0,-0.25,-168.77168091633445
0.0,-0.25,-170.6997712036988
0.0,-0.25,-174.66889666391742
0.0,-0.25,-184.92746248973197
0.0,-0.25,-144.84230132965573
0.0,-0.25,-158.84339796968024
0.0,-0.25,-145.7378753422437
0.0,-0.25,-173.48494261951487
0.0,-0.25,-178.64991535786965
0.0,-0.25,-184.83307182529634
0.0,-0.25,-155.9746963180977
0.0,-0.25,-177.94614746095405
0.0,-0.25,-168.66710895122472
0.0,-0.25,-176.5196084203066
0.0,-0.25,-153.9349803603221
0.0,-0.25,-166.96919005851834
0.0,-0.25,-169.69344782686684
0.0,-0.25,-171.8965438549641
0.0,-0.25,-165.38272075554895
0.0,-0.25,-142.68057501206232
0.0,-0.25,-147.54538291889202
0.0,-0.25,-158.53518543794792
0.0,-0.25,-161.23395107171382
0.0,-0.25,-175.52385058726585
0.0,-0.25,-164.1819103381376
0.0,-0.25,-178.70700220662562
0.0,-0.25,-145.65683226934456
0.0,-0.25,-146.8354125200539
0.0,-0.25,-182.83847117002256
0.0,-0.25,-151.06931154476305
0.0,-0.25,-147.31428441207237
0.0,-0.25,-152.82959545669462
0.0,-0.25,-160.11720883503818
0.0,-0.25,-145.21831997177023
0.0,-0.25,-166.42529952505254
0.0,-0.25,-186.9934454635787
0.0,-0.25,-174.73736336099898
0.0,-0.25,-173.68649059164585
0.0,-0.25,-181.0182980910628
0.0,-0.25,-189.35776455291227
0.0,-0.25,-141.585170037678
0.0,-0.25,-146.58055910243195
0.0,-0.25,-156.8938468624354
0.0,-0.25,-159.35397143681425
0.0,-0.25,-155.13980370671842
0.0,-0.25,-153.04105984261244
0.0,-0.25,-176.75761172599417
0.0,-0.25,-158.0876603203907
0.0,-0.25,-149.1600689915167
0.0,-0.25,-167.08133970620358
0.0,-0.25,-160.31290212534938
0.0,-0.25,-150.34223456349562
0.0,-0.25,-145.83962796906692
0.0,-0.25,-134.2655906393452
0.0,-0.25,-171.11050946413266
0.0,-0.25,-155.33671103395923
0.0,-0.25,-164.0939380297217
0.0,-0.25,-172.6883331798637
0.0,-0.25,-197.25333607559196
0.0,-0.25,-144.56346947621174
0.0,-0.25,-160.0215153893092
0.0,-0.25,-156.6527080125539
0.0,-0.25,-158.92280374499518
0.0,-0.25,-169.8019729135896
0.0,-0.25,-174.46018856950045
0.0,-0.25,-140.89483988857157
0.0,-0.25,-128.81115046021282
0.0,-0.25,-198.0240066394811
0.0,-0.25,-161.7965451619863
0.0,-0.25,-182.9768959550013
0.0,-0.25,-149.88390284797003
0.0,-0.25,-154.31961242510667
0.0,-0.25,-171.01552142159957
0.0,-0.25,-161.08448022554154
0.0,-0.25,-156.0005314556777
0.0,-0.25,-183.34953779644775
0.0,-0.25,-167.73745368308698
0.0,-0.25,-162.3949599907979
0.0,-0.25,-164.5726870671332
0.0,-0.25,-174.29299527792168
0.0,-0.25,-153.56756297167087
0.0,-0.25,-151.13506149531796
0.0,-0.25,-157.55481391807484
0.0,-0.25,-177.72337927816335
0.0,-0.25,-175.61184469640216
0.0,-0.25,-179.42026732253484
0.0,-0.25,-186.37323399612106
0.0,-0.25,-169.41742791330904
0.0,-0.25,-151.66380533129686
0.0,-0.25,-144.34612162961278
0.0,-0.25,-173.5799707631337
0.0,-0.25,-166.06786653783135
0.0,-0.25,-175.13306122706192
0.0,-0.25,-155.04430149403788
0.0,-0.25,-164.26957657581116
0.0,-0.25,-152.65267806842823
0.0,-0.25,-149.20712294426588
0.0,-0.25,-162.00364444927206
0.0,-0.25,-182.33361692451476
0.0,-0.25,-177.45816009173677
0.0,-0.25,-156.6303590687032
0.0,-0.25,-137.95374326991362
0.0,-0.25,-166.6930850809787
0.0,-0.25,-166.60486509219135
0.0,-0.25,-147.08794932944548
0.0,-0.25,-149.1918822984803
0.0,-0.25,-189.61023784882894
0.0,-0.25,-157.14517919825002
0.0,-0.25,-155.15432391324262
0.0,-0.25,-162.52113561102604
0.0,-0.25,-163.79860318941206
0.0,-0.25,-185.98813544107531
0.0,-0.25,-173.08747317189793
0.0,-0.25,-155.78370322757408
0.0,-0.25,-165.45263802166707
0.0,-0.25,-151.45643871433552
0.0,-0.25,-167.49180238545546
0.0,-0.25,-169.63351096279544
0.0,-0.25,-180.58935703714766
0.0,-0.25,-168.94850792018843
0.0,-0.25,-159.85184371412677
0.0,-0.25,-179.2623650846725
0.0,-0.25,-146.6077109016424
0.0,-0.25,-151.47007126941475
0.0,-0.25,-170.73124472349383
0.0,-0.25,-173.60074430487032
0.0,-0.25,-144.9369813361537
0.0,-0.25,-182.61403818546287
0.0,-0.25,-178.5010493577711
0.0,-0.25,-157.8540974213627
0.0,-0.25,-145.013034881672
0.0,-0.25,-149.88679119460275
0.0,-0.25,-170.26935624996125
0.0,-0.25,-158.77716874515642
0.0,-0.25,-171.3679617509791
0.0,-0.25,-152.0720467111609
0.0,-0.25,-169.31816355603655
0.0,-0.25,-162.66456450099588
0.0,-0.25,-143.2786518206425
0.0,-0.25,-180.01297917908528
0.0,-0.25,-145.64579700484651
0.0,-0.25,-186.57727431213763
0.0,-0.25,-179.36722975587034
0.0,-0.25,-142.80701679626566
0.0,-0.25,-142.28244459929155
0.0,-0.25,-195.10273501383114
0.0,-0.25,-183.93592917747364
0.0,-0.25,-147.4354229268914
0.0,-0.25,-153.1174784496771
0.0,-0.25,-184.81254294999096
0.0,-0.25,-180.47353243291798
0.0,-0.25,-172.56982162171093
0.0,-0.25,-166.5705876624361
0.0,-0.25,-166.18109590145434
0.0,-0.25,-141.66832202106212
0.0,-0.25,-183.59355640771162
0.0,-0.25,-181.15032613231736
0.0,-0.25,-159.9903882846029
0.0,-0.25,-149.21326241641896
0.0,-0.25,-140.97352952713982
0.0,-0.25,-159.87831005829594
0.0,-0.25,-162.75774244815474
0.0,-0.25,-183.12657359354887
0.0,-0.25,-159.61554020029374
0.0,-0.25,-188.95815490197145
0.0,-0.25,-183.0150977948752
0.0,-0.25,-163.31363519241282
0.0,-0.25,-146.40061968880798
0.0,-0.25,-163.69118608380433
0.0,-0.25,-162.41415846782687
0.0,-0.25,-183.5362234237557
0.0,-0.25,-167.7151883351444
0.0,-0.25,-186.6031484869866
0.0,-0.25,-138.14244482678066
0.0,-0.25,-162.47406093315263
0.0,-0.25,-150.02564236800916
0.0,-0.25,-154.37220763235769
0.0,-0.25,-194.91254683133477
0.0,-0.25,-157.9599438169033
0.0,-0.25,-144.43045033604022
0.0,-0.25,-157.37688303536092
0.0,-0.25,-146.60701305319543
0.0,-0.25,-172.74212264709425
0.0,-0.25,-167.1713383234572
0.0,-0.25,-177.13357485521095
0.0,-0.25,-147.91770742490712
0.0,-0.25,-147.4648838048952
0.0,-0.25,-152.4976281351227
0.0,-0.25,-163.09513117302455
0.0,-0.25,-163.41092802761312
0.0,-0.25,-134.1211499653731
0.0,-0.25,-136.152594281314
0.0,-0.25,-160.0578583986174
0.0,-0.25,-184.11606509102742
0.0,-0.25,-172.14774476485178
0.0,-0.25,-187.8471476536649
0.0,-0.25,-155.9555638027785
0.0,-0.25,-183.3158167693718
0.0,-0.25,-191.0394143400943
0.0,-0.25,-155.0852082170478
0.0,-0.25,-158.76293011213426
0.0,-0.25,-157.18298167182633
0.0,-0.25,-184.29575126478488
0.0,-0.25,-146.46058810616034
0.0,-0.25,-154.77505107486576
0.0,-0.25,-152.69506478897736
0.0,-0.25,-183.36268623692854
0.0,-0.25,-165.97244919860967
0.0,-0.25,-167.5911427101329
0.0,-0.25,-150.3840481173022
0.0,-0.25,-173.3069434996626
0.0,-0.25,-146.82824333433882
0.0,-0.25,-178.71242395164103
0.0,-0.25,-160.5834341213876
0.0,-0.25,-138.0402556602157
0.0,-0.25,-146.11098089313535
0.0,-0.25,-157.69868086365148
0.0,-0.25,-157.21699244286836
0.0,-0.25,-178.24260330327493
0.0,-0.25,-159.40839256422402
0.0,-0.25,-166.32216179666685
0.0,-0.25,-163.0301143615328
0.0,-0.25,-169.28838883238154
0.0,-0.25,-172.27787328978658
0.0,-0.25,-148.95092683212926
0.0,-0.25,-139.95919511168293
0.0,-0.25,-169.62432887370613
0.0,-0.25,-156.29924923594916
0.0,-0.25,-163.384817619917
0.0,-0.25,-183.32768206708474
0.0,-0.25,-163.19339667819742
0.0,-0.25,-157.08934715199567
0.0,-0.25,-142.39497738093144
0.0,-0.25,-175.54909684599127
0.0,-0.25,-171.4375060138914
0.0,-0.25,-156.4320934757541
0.0,-0.25,-149.3045165122365
0.0,-0.25,-144.13596978324804
0.0,-0.25,-165.08917307632709
0.0,-0.25,-149.7496203787473
0.0,-0.25,-148.13242079674015
0.0,-0.25,-162.52902815399568
0.0,-0.25,-164.2000937794325
0.0,-0.25,-159.46527243125422
0.0,-0.25,-148.51642278828697
0.0,-0.25,-188.10260819537615
0.0,-0.25,-158.61259197333365
0.0,-0.25,-153.6628786512802
0.0,-0.25,-181.9329508043304
0.0,-0.25,-157.07572964656248
0.0,-0.25,-165.58522921163387
0.0,-0.25,-179.4536275347633
0.0,-0.25,-182.48735963221645
0.0,-0.25,-134.47728178746337
0.0,-0.25,-180.8750110619502
0.0,-0.25,-159.43746347429504
0.0,-0.25,-171.68997912949425
0.0,-0.25,-136.53498013610246
0.0,-0.25,-161.96275530432877
0.0,-0.25,-167.54177488462682
0.0,-0.25,-134.7600982183924
0.0,-0.25,-187.4519421327606
0.0,-0.25,-161.21927816740705
0.0,-0.25,-161.51205632667325
0.0,-0.25,-183.43516158502237
0.0,-0.25,-162.64658127848693
0.0,-0.25,-145.77439834579224
0.0,-0.25,-179.04890969799408
0.0,-0.25,-159.1533427856071
0.0,-0.25,-165.49150349087253
0.0,-0.25,-191.7360106445395
0.0,-0.25,-158.61843354517688
0.0,-0.25,-157.21201360340143
0.0,-0.25,-155.98879812437545
0.0,-0.25,-140.5231197633332
0.0,-0.25,-141.94740993101914
0.0,-0.25,-176.90974211039514
0.0,-0.25,-182.61549024954792
0.0,-0.25,-136.18293376978238
0.0,-0.25,-163.29921802735905
0.0,-0.25,-168.79146364713708
0.0,-0.25,-134.1791891015216
0.0,-0.25,-151.24376665951945
0.0,-0.25,-153.4119809628821
0.0,-0.25,-187.59118716440605
0.0,-0.25,-163.69223603149453
0.0,-0.25,-174.9923241473127
0.0,-0.25,-172.93021419104144
0.0,-0.25,-158.22900956540974
0.0,-0.25,-186.7934781533575
0.0,-0.25,-144.62885165524045
0.0,-0.25,-152.25476739011515
0.0,-0.25,-174.53921908020305
0.0,-0.25,-162.1795472619633
0.0,-0.25,-161.96304400089107
0.0,-0.25,-154.79855537183414
0.0,-0.25,-144.78612628925816
0.0,-0.25,-182.71439460021176
0.0,-0.25,-172.29375805815377
0.0,-0.25,-150.3732677857523
0.0,-0.25,-162.4732012747476
0.0,-0.25,-186.43917534070997
0.0,-0.25,-173.56977282913803
0.0,-0.25,-143.02696501455253
0.0,-0.25,-167.8874976187302
0.0,-0.25,-147.70996880328764
0.0,-0.25,-188.01805677508315
0.0,-0.25,-192.07534973800264
0.0,-0.25,-191.0334379880807
0.0,-0.25,-145.76022488619532
0.0,-0.25,-172.7455629986473
0.0,-0.25,-151.3311290096141
0.0,-0.25,-177.2382871092412
0.0,-0.25,-143.67052576706033
0.0,-0.25,-157.2637603855109
0.0,-0.25,-178.5596124294735
0.0,-0.25,-144.84399782052841
0.0,-0.25,-155.8642743954529
0.0,-0.25,-169.25803911075235
0.0,-0.25,-141.55237432890604
0.0,-0.25,-164.06647489348455
0.0,-0.25,-166.91542663020226
0.0,-0.25,-140.90944292005568
0.0,-0.25,-181.70597653713378
0.0,-0.25,-129.28298501625844
0.0,-0.25,-151.68392431823813
0.0,-0.25,-144.51307664306847
0.0,-0.25,-131.8304923417137
0.0,-0.25,-144.20032836012447
0.0,-0.25,-165.9726701487783
0.0,-0.25,-178.72639257642615
0.0,-0.25,-146.50116426325718
0.0,-0.25,-170.15464812795733
0.0,-0.25,-146.20903880585834
0.0,-0.25,-175.3787394359074
0.0,-0.25,-164.48888038545726
0.0,-0.25,-175.13302644737823
0.0,-0.25,-188.0976729186437
0.0,-0.25,-143.59388746734143
0.0,-0.25,-160.3317608654704
0.0,-0.25,-150.4794009261488
0.0,-0.25,-160.37237138997517
0.0,-0.25,-135.41823601900592
0.0,-0.25,-175.51195808209806
0.0,-0.25,-172.81637955323376
0.0,-0.25,-168.93013231130007
0.0,-0.25,-146.108076898501
0.0,-0.25,-176.41338773024003
0.0,-0.25,-162.18789551038694
0.0,-0.25,-168.14964614477753
0.0,-0.25,-133.4438212934247
0.0,-0.25,-164.62953551335596
0.0,-0.25,-178.80587985751788
0.0,-0.25,-154.12482958096044
0.0,-0.25,-173.1124545198786
0.0,-0.25,-178.77191929687393
0.0,-0.25,-150.21297680793975
0.0,-0.25,-136.68067231344043
0.0,-0.25,-159.44053884702666
0.0,-0.25,-190.96437132490118
0.0,-0.25,-184.68152427088577
0.0,-0.25,-161.0649663106144
0.0,-0.25,-147.28676006729
0.0,-0.25,-184.75348448228618
0.0,-0.25,-170.35279608457256
0.0,-0.25,-196.22970562462757
0.0,-0.25,-144.50908225042446
0.0,-0.25,-152.3049075450768
0.0,-0.25,-167.04326396888095
0.0,-0.25,-199.08771450240442
0.0,-0.25,-171.0348183543881
0.0,-0.25,-150.99213355408665
0.0,-0.25,-147.9963991182041
0.0,-0.25,-183.57509418148086
0.0,-0.25,-187.21640533088294
0.0,-0.25,-175.26433720263088
0.0,-0.25,-162.15267991179826
0.0,-0.25,-172.4848757644784
0.0,-0.25,-155.1218147860978
0.0,-0.25,-180.7719268430599
0.0,-0.25,-158.8504137378334
0.0,-0.25,-167.31066680887452
0.0,-0.25,-153.91507853156233
0.0,-0.25,-148.08202743339868
0.0,-0.25,-142.4911832626522
0.0,-0.25,-194.96236789842663
0.0,-0.25,-168.59211309161196
0.0,-0.25,-166.81613611893187
0.0,-0.25,-162.65624829473992
0.0,-0.25,-165.32478910370267
0.0,-0.25,-151.38605517944436
0.0,-0.25,-165.0505025782912
0.0,-0.25,-165.6527100371385
0.0,-0.25,-127.07650985153508
0.0,-0.25,-175.75036019058896
0.0,-0.25,-162.68899776437237
0.0,-0.25,-143.66491743237444
0.0,-0.25,-139.4922213918391
0.0,-0.25,-183.62823587411035
0.0,-0.25,-156.33402733088093
0.0,-0.25,-157.95939120710858
0.0,-0.25,-188.4686714723695
0.0,-0.25,-138.6637278734709
0.0,-0.25,-142.98107661682877
0.0,-0.25,-175.6718440304797
0.0,-0.25,-150.3534935998346
0.0,-0.25,-133.97290654556843
0.0,-0.25,-185.92639836961675
0.0,-0.25,-155.1107532558833
0.0,-0.25,-161.9099064373612
0.0,-0.25,-169.9555412028982
0.0,-0.25,-160.78188066980127
0.0,-0.25,-189.4085296126922
0.0,-0.25,-169.8709168398161
0.0,-0.25,-163.00105008813946
0.0,-0.25,-143.82350244186551
0.0,-0.25,-137.31490288928111
0.0,-0.25,-194.3636542464648
0.0,-0.25,-178.70231276698047
0.0,-0.25,-194.3828903725861
0.0,-0.25,-185.20413865819725
0.0,-0.25,-173.17258206928648
0.0,-0.25,-178.98469215764774
0.0,-0.25,-154.54080828413876
0.0,-0.25,-164.21951899863677
0.0,-0.25,-155.24093788456435
0.0,-0.25,-152.17683038534426
0.0,-0.25,-147.57701263098772
0.0,-0.25,-180.54742052929322
0.0,-0.25,-166.36887676298247
0.0,-0.25,-180.74463523524156
0.0,-0.25,-154.66668639952084
0.0,-0.25,-179.0754793727561
0.0,-0.25,-180.26663749923847
0.0,-0.25,-175.39027647192026
0.0,-0.25,-158.42914624913047
0.0,-0.25,-142.4329065734886
0.0,-0.25,-159.7606160004853
0.0,-0.25,-175.77525748714766
0.0,-0.25,-164.1240807346124
0.0,-0.25,-152.584937401137
0.0,-0.25,-175.3582771437074
0.0,-0.25,-145.96081519703915
0.0,-0.25,-163.09347511002957
0.0,-0.25,-137.23942327093144
0.0,-0.25,-185.10346871169082
0.0,-0.25,-162.84272900993273
0.0,-0.25,-158.25264757372432
0.0,-0.25,-160.15371911341535
0.0,-0.25,-139.5199048235091
0.0,-0.25,-151.22488006968408
0.0,-0.25,-162.95187672121494
0.0,-0.25,-164.75874560437805
0.0,-0.25,-159.8946077194018
0.0,-0.25,-137.5633641554341
0.0,-0.25,-180.11064545013684
0.0,-0.25,-144.07621562805005
0.0,-0.25,-177.8533961420966
0.0,-0.25,-139.78256043039258
0.0,-0.25,-140.0420064009164
0.0,-0.25,-167.0082952642857
0.0,-0.25,-175.4788060706312
0.0,-0.25,-154.04532814385075
0.0,-0.25,-186.4792824838008
0.0,-0.25,-179.86178229390555
0.0,-0.25,-171.16553970944457
0.0,-0.25,-170.97937515715094
0.0,-0.25,-158.2497746095475
0.0,-0.25,-155.65717541982175
0.0,-0.25,-161.49118987048968
0.0,-0.25,-186.6920057769593
0.0,-0.25,-141.44725726980144
0.0,-0.25,-147.27034123901953
0.0,-0.25,-146.46531546062502
0.0,-0.25,-146.31621363101453
0.0,-0.25,-158.08745664266746
0.0,-0.25,-169.67327595747946
0.0,-0.25,-159.48029046204167
0.0,-0.25,-158.31633882989902
0.0,-0.25,-171.99829075233924
0.0,-0.25,-157.2440498908561
0.0,-0.25,-158.7050794937716
0.0,-0.25,-166.08507549001533
0.0,-0.25,-168.8825555068637
0.0,-0.25,-144.8672719462233
0.0,-0.25,-156.21941480072311
0.0,-0.25,-169.8422161605223
0.0,-0.25,-158.69663729565255
0.0,-0.25,-163.74383777363232
0.0,-0.25,-146.1105320090072
0.0,-0.25,-196.92165994953208
0.0,-0.25,-176.73138410246472
0.0,-0.25,-145.78498967465504
0.0,-0.25,-165.1253836044622
0.0,-0.25,-147.20866284979334
0.0,-0.25,-160.3462213077138
0.0,-0.25,-187.07498209365042
0.0,-0.25,-186.52013928506105
0.0,-0.25,-171.84692734368483
0.0,-0.25,-154.88320055979187
0.0,-0.25,-177.90366686095965
0.0,-0.25,-155.6413124151923
0.0,-0.25,-147.9596166313152
0.0,-0.25,-158.65543268601974
0.0,-0.25,-189.38411274980237
0.0,-0.25,-194.52932011681096
0.0,-0.25,-134.05929903728315
0.0,-0.25,-137.83237539874892
0.0,-0.25,-157.3949283588856
0.0,-0.25,-159.15931533234237
0.0,-0.25,-158.60067729297185
0.0,-0.25,-165.3938367978173
0.0,-0.25,-153.93844640831435
0.0,-0.25,-160.68592397800586
0.0,-0.25,-192.67049246502813
0.0,-0.25,-150.8837344273562
0.0,-0.25,-135.22592379163643
0.0,-0.25,-144.70548568629258
0.0,-0.25,-152.83738881418583
0.0,-0.25,-191.86146808911198
0.0,-0.25,-160.60186809091073
0.0,-0.25,-171.6336225332333
0.0,-0.25,-163.47648563025467
0.0,-0.25,-138.41898248482508
0.0,-0.25,-145.97238789582616
0.0,-0.25,-164.5808643795223
0.0,-0.25,-187.31660204866773
0.0,-0.25,-172.7679075791734
0.0,-0.25,-187.50583859446928
0.0,-0.25,-175.00302487273152
0.0,-0.25,-179.62200223590145
0.0,-0.25,-180.2045543135097
0.0,-0.25,-167.76737019067667
0.0,-0.25,-147.44359170222725
0.0,-0.25,-156.53343705872686
0.0,-0.25,-139.5988686022906
0.0,-0.25,-153.89804204384478
0.0,-0.25,-189.80110564621782
0.0,-0.25,-168.666590621465
0.0,-0.25,-145.54869174398553
0.0,-0.25,-149.95531718762248
0.0,-0.25,-163.6742710256476
0.0,-0.25,-143.4646368682612
0.0,-0.25,-182.80777644868135
0.0,-0.25,-152.09321010953207
0.0,-0.25,-182.15268017591993
0.0,-0.25,-153.11684789600906
0.0,-0.25,-140.90401256602885
0.0,-0.25,-154.32973026044905
0.0,-0.25,-163.71014181480078
0.0,-0.25,-148.96349391258502
0.0,-0.25,-181.11180614342183
0.0,-0.25,-162.98231448881606
0.0,-0.25,-165.86452630794003
0.0,-0.25,-150.58994527877894
0.0,-0.25,-169.7671152817386
0.0,-0.25,-176.0210153415632
0.0,-0.25,-148.13959156103533
0.0,-0.25,-158.97611641857114
0.0,-0.25,-156.1380633708403
0.0,-0.25,-138.50885264285353
0.0,-0.25,-182.15127985573196
0.0,-0.25,-157.2481648284354
0.0,-0.25,-157.33786947918506
0.0,-0.25,-165.9824075856753
0.0,-0.25,-169.02968635073367
0.0,-0.25,-166.93530170498008
0.0,-0.25,-157.71257677479113
0.0,-0.25,-169.72489788561455
0.0,-0.25,-176.59767603190454
0.0,-0.25,-169.55159218235136
0.0,-0.25,-160.22071356246258
0.0,-0.25,-141.63104566144875
0.0,-0.25,-145.82959014454653
0.0,-0.25,-175.9701866643388
0.0,-0.25,-194.54559048701762
0.0,-0.25,-171.1497263302951
0.0,-0.25,-164.6668714530545
0.0,-0.25,-149.49458281173952
0.0,-0.25,-195.84024957715724
0.0,-0.25,-158.06485802404077
0.0,-0.25,-196.85731674819988
0.0,-0.25,-198.48477669747223
0.0,-0.25,-165.00132160153603
0.0,-0.25,-167.06518651072622
0.0,-0.25,-192.59425414620966
0.0,-0.25,-150.63729641306537
0.0,-0.25,-176.95540082246546
0.0,-0.25,-178.34350299465436
0.0,-0.25,-180.6406941556433
0.0,-0.25,-177.65935955496656
0.0,-0.25,-143.0745074397459
0.0,-0.25,-165.5708988195784
0.0,-0.25,-165.60211155461135
0.0,-0.25,-133.17732296229693
0.0,-0.25,-184.33159922353323
0.0,-0.25,-144.9589577494151
0.0,-0.25,-179.44937650251737
0.0,-0.25,-161.19542834976428
0.0,-0.25,-156.63511444967585
0.0,-0.25,-143.11376206887908
0.0,-0.25,-177.03602326954774
0.0,-0.25,-129.12852597317362
0.0,-0.25,-161.47458111171954
0.0,-0.25,-124.30543450981655
0.0,-0.25,-147.8633494571894
0.0,-0.25,-159.4516506168215
0.0,-0.25,-162.54156061312986
0.0,-0.25,-176.07323098207144
0.0,-0.25,-161.3806378752674
0.0,-0.25,-162.14213620101484
0.0,-0.25,-160.60473993801125
0.0,-0.25,-127.41231342537189
0.0,-0.25,-174.74649871861058
0.0,-0.25,-142.79028314632492
0.0,-0.25,-156.52793376392177
0.0,-0.25,-149.0008466330268
0.0,-0.25,-153.81778963282505
0.0,-0.25,-118.08590606921152
0.0,-0.25,-143.4983119860024
0.0,-0.25,-149.14617293782734
0.0,-0.25,-139.76962210245048
0.0,-0.25,-144.10949149364927
0.0,-0.25,-174.28112319398406
0.0,-0.25,-188.58162295872134
0.0,-0.25,-187.4714283977592
0.0,-0.25,-172.10910891462282
0.0,-0.25,-145.90396566592239
0.0,-0.25,-158.0758294910728
0.0,-0.25,-149.22978489899415
0.0,-0.25,-143.60589804180862
0.0,-0.25,-166.71053239671403
0.0,-0.25,-138.31835814160794
0.0,-0.25,-165.8670993670569
0.0,-0.25,-138.05165150442997
0.0,-0.25,-166.60946537591886
0.0,-0.25,-169.7333839889516
0.0,-0.25,-158.03011655592562
0.0,-0.25,-187.9103834287552
0.0,-0.25,-150.18751555661163
0.0,-0.25,-145.9917664411182
0.0,-0.25,-158.49630351795025
0.0,-0.25,-173.2700577522907
0.0,-0.25,-187.24547513808415
0.0,-0.25,-162.95876867231274
0.0,-0.25,-142.83395343354834
0.0,-0.25,-158.6500392880418
0.0,-0.25,-171.588339663511
0.0,-0.25,-148.1393778243779
0.0,-0.25,-170.91809471744548
0.0,-0.25,-174.98175702084092
0.0,-0.25,-161.50762755881718
0.0,-0.25,-157.36727426980406
0.0,-0.25,-145.1829735859248
0.0,-0.25,-168.36253480170103
0.0,-0.25,-169.60687984736109
0.0,-0.25,-163.91395153460434
0.0,-0.25,-133.28865465729717
0.0,-0.25,-144.1545126128854
0.0,-0.25,-175.3565049297453
0.0,-0.25,-155.04452658149896
0.0,-0.25,-174.9352825285623
0.0,-0.25,-146.42399212699982
0.0,-0.25,-183.20218068529178
0.0,-0.25,-185.6813119712959
0.0,-0.25,-186.60541356465723
0.0,-0.25,-167.53998317176794
0.0,-0.25,-162.98207587096854
0.0,-0.25,-159.45865203885577
0.0,-0.25,-130.11716624544528
0.0,-0.25,-188.3187735698627
0.0,-0.25,-166.99041058610356
0.0,-0.25,-143.46352405080856
0.0,-0.25,-159.02913897891153
0.0,-0.25,-140.50385869095643
0.0,-0.25,-139.18321507767442
0.0,-0.25,-175.19031893170418
0.0,-0.25,-160.95690500112266
0.0,-0.25,-174.27326827123306
0.0,-0.25,-134.69534662299162
0.0,-0.25,-191.577086407594
0.0,-0.25,-181.9586896589793
0.0,-0.25,-154.18212875494183
0.0,-0.25,-154.48335342892116
0.0,-0.25,-166.68207807493653
0.0,-0.25,-155.1299660166028
0.0,-0.25,-179.84568137879808
0.0,-0.25,-137.39899700398914
0.0,-0.25,-164.92372258693058
0.0,-0.25,-145.8405491941061
0.0,-0.25,-173.41307455806154
0.0,-0.25,-133.08401410968216
0.0,-0.25,-155.87384720872606
0.0,-0.25,-167.24661005065326
0.0,-0.25,-159.88621494076426
0.0,-0.25,-159.57432151783678
0.0,-0.25,-147.88187805914563
0.0,-0.25,-163.05343319517422
0.0,-0.25,-178.05198649624762
0.0,-0.25,-148.3048416299813
0.0,-0.25,-138.3479587622035
0.0,-0.25,-151.8116279009052
0.0,-0.25,-151.17952152045174
0.0,-0.25,-173.434141601586
0.0,-0.25,-145.32178746492633
0.0,-0.25,-160.60819141294823
0.0,-0.25,-173.59693053444508
0.0,-0.25,-151.69688731798482
0.0,-0.25,-181.6083647936589
0.0,-0.25,-165.100984361289
0.0,-0.25,-132.75936637015872
0.0,-0.25,-136.65629582138152
0.0,-0.25,-149.50839951116495
0.0,-0.25,-136.5858776109592
0.0,-0.25,-166.00366332151498
0.0,-0.25,-129.74249229392802
0.0,-0.25,-152.62787449476875
0.0,-0.25,-138.27606198819618
0.0,-0.25,-168.4128357576719
0.0,-0.25,-164.82036894476224
0.0,-0.25,-189.44284837147055
0.0,-0.25,-171.28404460891696
0.0,-0.25,-166.73189795035802
0.0,-0.25,-171.4983250214649
0.0,-0.25,-166.87566609056532
0.0,-0.25,-171.02034291897897
0.0,-0.25,-153.3298970500599
0.0,-0.25,-160.39242989679255
0.0,-0.25,-197.16130586546672
0.0,-0.25,-153.25770537613005
0.0,-0.25,-140.56171221712586
0.0,-0.25,-154.27701960436627
0.0,-0.25,-187.88784066690437
0.0,-0.25,-188.00550975399793
0.0,-0.25,-174.4826371728097
0.0,-0.25,-145.82723607573257
0.0,-0.25,-163.53577185082779
0.0,-0.25,-182.71259815537113
0.0,-0.25,-150.4271073932473
0.0,-0.25,-153.80252290298233
0.0,-0.25,-149.61890215606238
0.0,-0.25,-181.42115095079288
0.0,-0.25,-168.64236723597602
0.0,-0.25,-155.2730709744051
0.0,-0.25,-173.24978800991286
0.0,-0.25,-163.27730531273133
0.0,-0.25,-171.1360469037644
0.0,-0.25,-175.14528306274195
0.0,-0.25,-168.41895993506398
0.0,-0.25,-164.1226142244318
0.0,-0.25,-157.67132176776468
0.0,-0.25,-162.30358556155124
0.0,-0.25,-150.466532389293
0.0,-0.25,-159.52894385299095
0.0,-0.25,-140.76090573844047
0.0,-0.25,-157.1825048018229
0.0,-0.25,-190.87989921230798
0.0,-0.25,-180.79237609928347
0.0,-0.25,-169.37086372233136
0.0,-0.25,-149.31490415391542
0.0,-0.25,-173.55331677496312
0.0,-0.25,-161.96425864907553
0.0,-0.25,-136.6910014720775
0.0,-0.25,-169.0862585785848
0.0,-0.25,-167.65513922116557
0.0,-0.25,-152.9642856264804
0.0,-0.25,-150.15501356401495
0.0,-0.25,-154.04912850350428
0.0,-0.25,-156.41788520230813
0.0,-0.25,-136.58101708869756
0.0,-0.25,-131.35547134734273
0.0,-0.25,-184.81850795621583
0.0,-0.25,-155.38034698734822
0.0,-0.25,-195.70180256498514
0.0,-0.25,-159.28423774226582
0.0,-0.25,-154.8551820597303
0.0,-0.25,-132.23475112744995
0.0,-0.25,-168.87496570979573
0.0,-0.25,-147.8341217055424
0.0,-0.25,-172.02364631523741
0.0,-0.25,-163.07334212923396
0.0,-0.25,-176.52911979491986
0.0,-0.25,-166.1768414515079
0.0,-0.25,-166.0041877880478
0.0,-0.25,-191.31487059662598
0.0,-0.25,-167.80243632306
0.0,-0.25,-142.09811223997926
0.0,-0.25,-178.59354385483235
0.0,-0.25,-168.6132355127991
0.0,-0.25,-166.78337612985322
0.0,-0.25,-178.95230818801804
0.0,-0.25,-157.79348847151314
0.0,-0.25,-186.9105996908249
0.0,-0.25,-142.73514856495015
0.0,-0.25,-172.19358052900662
0.0,-0.25,-149.72581186379958
0.0,-0.25,-138.79725886396452
0.0,-0.25,-147.17338829432063
0.0,-0.25,-143.3002899967612
0.0,-0.25,-166.96112579584468
0.0,-0.25,-164.45689344974468
0.0,-0.25,-181.43230636327635
0.0,-0.25,-187.94308904726708
0.0,-0.25,-139.20509898541587
0.0,-0.25,-169.97273598255836
0.0,-0.25,-136.93499965877345
0.0,-0.25,-146.5395458012581
0.0,-0.25,-175.8193396880729
0.0,-0.25,-178.0376566648106
0.0,-0.25,-178.08795040836984
0.0,-0.25,-191.66053549983755
0.0,-0.25,-156.50492967580382
0.0,-0.25,-156.20418497015433
0.0,-0.25,-158.20385830724055
0.0,-0.25,-170.6413410654104
0.0,-0.25,-129.30680038074047
0.0,-0.25,-186.20517287417866
0.0,-0.25,-168.78044705780206
0.0,-0.25,-151.98012525363515
0.0,-0.25,-150.44180750439952
0.0,-0.25,-146.98725707571734
0.0,-0.25,-142.14669870482803
0.0,-0.25,-146.1662564903474
0.0,-0.25,-154.71891182503467
0.0,-0.25,-161.59500470340578
0.0,-0.25,-144.62387309357774
0.0,-0.25,-161.60217950668692
0.0,-0.25,-188.63280355111064
0.0,-0.25,-140.32159820139898
0.0,-0.25,-186.04449537867518
0.0,-0.25,-161.11874215657463
0.0,-0.25,-166.4592782444829
0.0,-0.25,-137.66351417734595
0.0,-0.25,-168.1379128864357
0.0,-0.25,-168.65397203913614
0.0,-0.25,-135.31399833951616
0.0,-0.25,-140.74109240172388
0.0,-0.25,-181.22837361329417
0.0,-0.25,-149.522881226814
0.0,-0.25,-164.44146296668967
0.0,-0.25,-149.1820653968101
0.0,-0.25,-160.17951826992402
0.0,-0.25,-146.5810874037504
0.0,-0.25,-160.07224178213608
0.0,-0.25,-187.7645521406301
0.0,-0.25,-179.6534806101046
0.0,-0.25,-153.11582754195533
0.0,-0.25,-156.22581647551553
0.0,-0.25,-170.36262101020617
0.0,-0.25,-182.09500608297674
0.0,-0.25,-161.1108942311692
0.0,-0.25,-158.01549736391797
0.0,-0.25,-174.8918494493974
0.0,-0.25,-162.33648236075226
0.0,-0.25,-159.68307977014223
0.0,-0.25,-162.916610819599
0.0,-0.25,-165.4698964943081
0.0,-0.25,-144.31342371087192
0.0,-0.25,-148.0168657040792
0.0,-0.25,-170.65743886018092
0.0,-0.25,-176.0082887228182
0.0,-0.25,-150.059856988109
0.0,-0.25,-166.8041221801339
0.0,-0.25,-140.5941573108174
0.0,-0.25,-155.3459963407818
0.0,-0.25,-156.77346660144642
0.0,-0.25,-176.98940132322673
0.0,-0.25,-150.19872476472355
0.0,-0.25,-158.9830346125613
0.0,-0.25,-176.06292498145336
0.0,-0.25,-163.08352014780968
0.0,-0.25,-146.6689182439805
0.0,-0.25,-167.6174367747543
0.0,-0.25,-163.55569140344107
0.0,-0.25,-173.99655626853504
0.0,-0.25,-152.55574985179268
0.0,-0.25,-140.29729802505187
0.0,-0.25,-185.13158705671387
0.0,-0.25,-138.5248645233926
0.0,-0.25,-169.85583625302326
0.0,-0.25,-144.31698996954643
0.0,-0.25,-165.91757561986907
0.0,-0.25,-144.36375180512945
0.0,-0.25,-153.85377270929865
0.0,-0.25,-163.78691416530808
0.0,-0.25,-147.9690073452199
0.0,-0.25,-167.33178855556315
0.0,-0.25,-151.36528480892065
0.0,-0.25,-140.89591102700066
0.0,-0.25,-167.97101042723625
0.0,-0.25,-184.86184189881124
0.0,-0.25,-168.79792914456155
0.0,-0.25,-146.1134652277178
0.0,-0.25,-190.93716432737818
0.0,-0.25,-164.41400307327845
0.0,-0.25,-160.2019951609063
0.0,-0.25,-151.13904991379678
0.0,-0.25,-147.84186659335342
0.0,-0.25,-146.19243864972498
0.0,-0.25,-150.0341462105118
0.0,-0.25,-158.26525265903257
0.0,-0.25,-179.45036778936603
0.0,-0.25,-145.80968042861653
0.0,-0.25,-156.39607294919603
0.0,-0.25,-156.93259459036855
0.0,-0.25,-174.3817293602875
0.0,-0.25,-181.64785214343726
0.0,-0.25,-159.53162658595582
0.0,-0.25,-143.2347404273062
0.0,-0.25,-186.1783001889414
0.0,-0.25,-171.36922127273488
0.0,-0.25,-162.80861959788493
0.0,-0.25,-155.73356429602862
0.0,-0.25,-176.4603457709531
0.0,-0.25,-141.60410494437426
0.0,-0.25,-171.1206670087918
0.0,-0.25,-155.30063512919264
0.0,-0.25,-168.27194692403108
0.0,-0.25,-146.52247674440528
0.0,-0.25,-136.15737646621778
0.0,-0.25,-134.12973867586365
0.0,-0.25,-140.68529674831706
0.0,-0.25,-165.48429785949162
0.0,-0.25,-130.29946148650947
0.0,-0.25,-174.88332714617448
0.0,-0.25,-188.86582603796856
0.0,-0.25,-180.71442216016536
0.0,-0.25,-171.62729532902355
0.0,-0.25,-180.17751074289092
0.0,-0.25,-186.1976819522239
0.0,-0.25,-157.17090351313047
0.0,-0.25,-135.29338256381214
0.0,-0.25,-162.41285596703844
0.0,-0.25,-136.64622731251197
0.0,-0.25,-162.23862339682228
0.0,-0.25,-177.7840086445312
0.0,-0.25,-161.83160453490908
0.0,-0.25,-160.97696746997727
0.0,-0.25,-167.90173485068632
0.0,-0.25,-153.92080750588792
0.0,-0.25,-179.78262268902262
0.0,-0.25,-182.34975958704584
0.0,-0.25,-170.8467883813083
0.0,-0.25,-157.46815546083755
0.0,-0.25,-155.86404633949851
0.0,-0.25,-184.7658464733646
0.0,-0.25,-188.50506108323395
0.0,-0.25,-186.09589094588728
0.0,-0.25,-180.88583050041632
0.0,-0.25,-179.6016537936225
0.0,-0.25,-131.01039469681297
0.0,-0.25,-167.8667734240495
0.0,-0.25,-137.1816308045163
0.0,-0.25,-170.52778866233402
0.0,-0.25,-160.17602461952083
0.0,-0.25,-145.9539034789823
0.0,-0.25,-156.59982113929658
0.0,-0.25,-192.9896146067082
0.0,-0.25,-170.37447656850088
0.0,-0.25,-178.74050907145067
0.0,-0.25,-190.7443100941682
0.0,-0.25,-162.44128560736746
0.0,-0.25,-171.79763728865504
0.0,-0.25,-192.85165670171867
0.0,-0.25,-192.24220169850514
0.0,-0.25,-163.29972585527307
0.0,-0.25,-173.19921459138098
0.0,-0.25,-162.6903669258642
0.0,-0.25,-160.67990115122132
0.0,-0.25,-162.2280067635775
0.0,-0.25,-157.98823124100014
0.0,-0.25,-149.23743282994045
0.0,-0.25,-144.25053935402408
0.0,-0.25,-163.94083048795454
0.0,-0.25,-165.73730403716027
0.0,-0.25,-171.24037469986916
0.0,-0.25,-192.13971124999506
0.0,-0.25,-158.3348182145903
0.0,-0.25,-161.9688745345205
0.0,-0.25,-166.7553015314613
0.0,-0.25,-150.7915016586522
0.0,-0.25,-162.0912398594093
0.0,-0.25,-170.00416620919813
0.0,-0.25,-166.32238698493163
0.0,-0.25,-146.34000007800907
0.0,-0.25,-140.64185266645103
0.0,-0.25,-159.81810590684344
0.0,-0.25,-173.47222892767485
0.0,-0.25,-181.19072790605614
0.0,-0.25,-130.9397388903226
0.0,-0.25,-164.9545415289365
0.0,-0.25,-144.51414553618673
0.0,-0.25,-137.8584115996533
0.0,-0.25,-164.9755650828113
0.0,-0.25,-169.9907523993879
0.0,-0.25,-194.43123008698802
0.0,-0.25,-146.51723895297292
0.0,-0.25,-162.30031548931146
0.0,-0.25,-159.84287733162458
0.0,-0.25,-182.23430894579434
0.0,-0.25,-174.71179035439079
0.0,-0.25,-139.90651083010718
0.0,-0.25,-180.4725102203844
0.0,-0.25,-162.75456710549705
0.0,-0.25,-135.78998742132856
0.0,-0.25,-181.0761585996615
0.0,-0.25,-174.6778161450434
0.0,-0.25,-183.60954417162887
0.0,-0.25,-166.01346042982084
0.0,-0.25,-182.847313621199
0.0,-0.25,-155.55994169784248
0.0,-0.25,-164.8611084145686
0.0,-0.25,-195.65260580362911
0.0,-0.25,-146.0852690852121
0.0,-0.25,-154.57447961981373
0.0,-0.25,-162.44852134479083
0.0,-0.25,-140.95983575247553
0.0,-0.25,-175.75702361377972
0.0,-0.25,-133.0812312673629
0.0,-0.25,-179.92443680695183
0.0,-0.25,-187.41790583124856
0.0,-0.25,-182.70540511414117
0.0,-0.25,-190.18344833588876
0.0,-0.25,-162.72546479104167
0.0,-0.25,-161.9157452585754
0.0,-0.25,-153.60964078049147
0.0,-0.25,-153.6036522474462
0.0,-0.25,-162.65922086901065
0.0,-0.25,-184.92364391707295
0.0,-0.25,-175.29527301263525
0.0,-0.25,-164.62359469485406
0.0,-0.25,-148.36498785779017
0.0,-0.25,-139.93536314538184
0.0,-0.25,-144.8353035675764
0.0,-0.25,-163.6698748566082
0.0,-0.25,-169.5860007998317
0.0,-0.25,-186.37154689416116
0.0,-0.25,-135.46407521089293
0.0,-0.25,-174.39526937416463
0.0,-0.25,-154.0547773271361
0.0,-0.25,-155.85908055528193
0.0,-0.25,-173.53024550818557
0.0,-0.25,-156.90498131988778
0.0,-0.25,-170.8640466765408
0.0,-0.25,-175.86016223389657
0.0,-0.25,-123.773348833205
0.0,-0.25,-148.0262037380132
0.0,-0.25,-162.0868650300273
0.0,-0.25,-167.7080074361992
0.0,-0.25,-180.22959511735706
0.0,-0.25,-166.0554943753179
0.0,-0.25,-166.38581602502
0.0,-0.25,-199.98963035223085
0.0,-0.25,-185.24360790130044
0.0,-0.25,-176.56925198875618
0.0,-0.25,-164.65356618444602
0.0,-0.25,-165.26332564309848
0.0,-0.25,-188.73069290603635
0.0,-0.25,-144.1828483948275
0.0,-0.25,-168.35031461711503
0.0,-0.25,-180.45394912744194
0.0,-0.25,-150.79171123405283
0.0,-0.25,-156.5613966570144
0.0,-0.25,-138.71126600345045
0.0,-0.25,-189.4325443053637
0.0,-0.25,-180.45617189018824
0.0,-0.25,-156.65695844299265
0.0,-0.25,-167.7300588389447
0.0,-0.25,-168.49868847248902
0.0,-0.25,-161.75540586060504
0.0,-0.25,-142.67347712928103
0.0,-0.25,-161.66325691203258
0.0,-0.25,-165.42366130368714
0.0,-0.25,-162.71327456931857
0.0,-0.25,-177.74003101303444
0.0,-0.25,-180.46565675784933
0.0,-0.25,-192.35023839349714
0.0,-0.25,-187.38497668523706
0.0,-0.25,-196.07752591874745
0.0,-0.25,-154.21655390699325
0.0,-0.25,-166.444130496743
0.0,-0.25,-145.59064610421854
0.0,-0.25,-157.75197242753913
0.0,-0.25,-172.55224456183922
0.0,-0.25,-171.70255044892824
0.0,-0.25,-157.51160103230538
0.0,-0.25,-180.40286672808946
0.0,-0.25,-151.65474167346025
0.0,-0.25,-162.27901379600323
0.0,-0.25,-179.47667976626968
0.0,-0.25,-174.64122945211977
0.0,-0.25,-161.1289000801396
0.0,-0.25,-150.46633198350872
0.0,-0.25,-141.57159019188992
0.0,-0.25,-156.45204184836444
0.0,-0.25,-150.2620423165642
0.0,-0.25,-177.1998858500654
0.0,-0.25,-165.4613821442752
0.0,-0.25,-172.29621598396278
0.0,-0.25,-140.29110617846453
0.0,-0.25,-170.66584577933716
0.0,-0.25,-127.82663826381987
0.0,-0.25,-147.0362873361365
0.0,-0.25,-178.42813583679552
0.0,-0.25,-161.84883623706486
0.0,-0.25,-136.57931615497873
0.0,-0.25,-154.50259859626837
0.0,-0.25,-191.70732337283212
0.0,-0.25,-164.6040389605487
0.0,-0.25,-163.6275716946806
0.0,-0.25,-174.36844526190865
0.0,-0.25,-165.36626737470198
0.0,-0.25,-165.83457099652597
0.0,-0.25,-146.22761941203674
0.0,-0.25,-153.893959768624
0.0,-0.25,-139.18711904088048
0.0,-0.25,-156.61996788719844
0.0,-0.25,-172.36287570396377
0.0,-0.25,-154.8976078549086
0.0,-0.25,-199.51011068380282
0.0,-0.25,-143.05099647191304
0.0,-0.25,-161.41421071617134
0.0,-0.25,-169.64919746409
0.0,-0.25,-177.3762242038732
0.0,-0.25,-195.60060728318183
0.0,-0.25,-168.3431146043583
0.0,-0.25,-169.10996788960057
0.0,-0.25,-174.4760441936743
0.0,-0.25,-152.69986884544
0.0,-0.25,-142.64641927282446
0.0,-0.25,-162.0358950446282
0.0,-0.25,-169.3774201093558
0.0,-0.25,-162.34264028762817
0.0,-0.25,-146.16835972396848
0.0,-0.25,-178.2027654758829
0.0,-0.25,-148.12506119194873
0.0,-0.25,-160.7986505452636
0.0,-0.25,-175.1011950089408
0.0,-0.25,-170.28201630997583
0.0,-0.25,-177.99110236513113
0.0,-0.25,-161.842779112515
0.0,-0.25,-172.3475662652459
0.0,-0.25,-179.7342399364519
0.0,-0.25,-166.60119904472316
0.0,-0.25,-155.57566142738193
0.0,-0.25,-167.94323455654228
0.0,-0.25,-167.63392027555992
0.0,-0.25,-164.1334009437584
0.0,-0.25,-133.47210532323928
0.0,-0.25,-169.0341355768495
0.0,-0.25,-163.3926393572596
0.0,-0.25,-166.80599516511697
0.0,-0.25,-157.03150393779816
0.0,-0.25,-163.88506471233768
0.0,-0.25,-188.1613524051587
0.0,-0.25,-154.18316574977064
0.0,-0.25,-181.94387731744047
0.0,-0.25,-160.66708175511627
0.0,-0.25,-159.9788838209207
0.0,-0.25,-148.06625052508446
0.0,-0.25,-157.07054303734236
0.0,-0.25,-181.63439538180793
0.0,-0.25,-163.69766310969533
0.0,-0.25,-146.6864580606659
0.0,-0.25,-146.44792016571742
0.0,-0.25,-137.8057443120668
0.0,-0.25,-181.01983196135316
0.0,-0.25,-171.1699099935717
0.0,-0.25,-159.5123610184558
0.0,-0.25,-160.98103271075593
0.0,-0.25,-150.5866538225456
0.0,-0.25,-168.9473829848192
0.0,-0.25,-173.61878052826742
0.0,-0.25,-188.65831597142267
0.0,-0.25,-173.4763108202353
0.0,-0.25,-164.5051131735177
0.0,-0.25,-156.47259359680612
0.0,-0.25,-163.8103269071377
0.0,-0.25,-180.74895746215086
0.0,-0.25,-139.78155036691862
0.0,-0.25,-172.75362578883798
0.0,-0.25,-183.49130188288896
0.0,-0.25,-147.39862474410043
0.0,-0.25,-186.3096117818147
0.0,-0.25,-152.95073306892044
0.0,-0.25,-166.1161046892598
0.0,-0.25,-165.9704687892641
0.0,-0.25,-139.97602320791194
0.0,-0.25,-164.15674306107945
0.0,-0.25,-180.09140007459345
0.0,-0.25,-148.93449335108502
0.0,-0.25,-132.97411907444624
0.0,-0.25,-164.91006848541844
0.0,-0.25,-141.43678180617437
0.0,-0.25,-169.0129920023417
0.0,-0.25,-157.8950945684474
0.0,-0.25,-158.33002298469185
0.0,-0.25,-173.91909770073755
0.0,-0.25,-162.9597175865885
0.0,-0.25,-142.52163045630397
0.0,-0.25,-187.98604905887566
0.0,-0.25,-178.87842743703715
0.0,-0.25,-153.81396082531867
0.0,-0.25,-157.52083590132844
0.0,-0.25,-166.9009592197698
0.0,-0.25,-156.24912619629848
0.0,-0.25,-133.58442679700994
0.0,-0.25,-158.23529166311033
0.0,-0.25,-164.65037223443332
0.0,-0.25,-158.29110142202111
0.0,-0.25,-139.175812537193
0.0,-0.25,-165.0873489189574
0.0,-0.25,-153.28572862597878
0.0,-0.25,-181.3663484993921
0.0,-0.25,-136.1380129134167
0.0,-0.25,-138.27640166703915
0.0,-0.25,-160.62224889526982
0.0,-0.25,-153.29660301578343
0.0,-0.25,-160.1574546406679
0.0,-0.25,-190.6158351229026
0.0,-0.25,-153.94383501164677
0.0,-0.25,-140.23208069043392
0.0,-0.25,-160.75912940273267
0.0,-0.25,-131.27951246044216
0.0,-0.25,-150.88557602478608
0.0,-0.25,-171.21493949588276
0.0,-0.25,-170.8822070055633
0.0,-0.25,-169.27966265471565
0.0,-0.25,-168.41650303496397
0.0,-0.25,-156.04789794048943
0.0,-0.25,-161.58716754311365
0.0,-0.25,-149.1715713188823
0.0,-0.25,-168.40572345903544
0.0,-0.25,-173.2393466920968
0.0,-0.25,-166.68730374744055
0.0,-0.25,-163.378168059787
0.0,-0.25,-177.4876451316186
0.0,-0.25,-161.62147583202005
0.0,-0.25,-162.92345544388374
0.0,-0.25,-156.80277348206565
0.0,-0.25,-162.8394086481334
0.0,-0.25,-152.70115458981638
0.0,-0.25,-178.501436919343
0.0,-0.25,-192.12064206081203
0.0,-0.25,-168.15032773566915
0.0,-0.25,-162.83036577334252
0.0,-0.25,-180.45292361582207
0.0,-0.25,-157.82150472325722
0.0,-0.25,-155.44404780399634
0.0,-0.25,-140.43786941506542
0.0,-0.25,-187.00366656275918
0.0,-0.25,-145.13283776302134
0.0,-0.25,-153.62381521587668
0.0,-0.25,-139.49814227818888
0.0,-0.25,-148.28868775233138
0.0,-0.25,-185.61417408965903
0.0,-0.25,-154.85130146309956
0.0,-0.25,-159.65186340707606
0.0,-0.25,-162.05928410118258
0.0,-0.25,-156.01830833764024
0.0,-0.25,-166.42448168428353
0.0,-0.25,-159.4186271741534
0.0,-0.25,-137.7603461936562
0.0,-0.25,-148.77182110696955
0.0,-0.25,-141.97663796369682
0.0,-0.25,-166.9134613509596
0.0,-0.25,-178.4975689542554
0.0,-0.25,-173.72716680677252
0.0,-0.25,-130.60788844087247
0.0,-0.25,-165.72845832659144
0.0,-0.25,-153.7802320087306
0.0,-0.25,-165.85031725517143
0.0,-0.25,-187.49264400944645
0.0,-0.25,-153.52162890705418
0.0,-0.25,-162.29335373364182
0.0,-0.25,-163.88186796375493
0.0,-0.25,-155.50639060899542
0.0,-0.25,-170.0672922701759
0.0,-0.25,-151.22068728105046
0.0,-0.25,-158.65757429252065
0.0,-0.25,-153.39981264253979
0.0,-0.25,-181.24204072402068
0.0,-0.25,-183.70863948650793
0.0,-0.25,-166.7449631079107
0.0,-0.25,-160.90328832437604
0.0,-0.25,-170.6925266202787
0.0,-0.25,-137.30211348304934
0.0,-0.25,-158.47326155316858
0.0,-0.25,-185.0418605767595
0.0,-0.25,-135.3574349619274
0.0,-0.25,-158.23141740503547
0.0,-0.25,-186.58420625936134
0.0,-0.25,-147.62868609508183
0.0,-0.25,-162.58621548429937
0.0,-0.25,-182.06164200813862
0.0,-0.25,-158.4055045820384
0.0,-0.25,-157.9212208416882
0.0,-0.25,-150.80176727651596
0.0,-0.25,-152.6825011361724
0.0,-0.25,-196.2872524483841
0.0,-0.25,-195.82899824434415
0.0,-0.25,-146.9866645160469
0.0,-0.25,-170.29538989149827
0.0,-0.25,-176.1644076572663
0.0,-0.25,-149.97397505734935
0.0,-0.25,-180.22071870445842
0.0,-0.25,-185.50532540155166
0.0,-0.25,-163.21112091346833
0.0,-0.25,-163.78022975543414
0.0,-0.25,-185.52141202225238
0.0,-0.25,-172.06312798849734
0.0,-0.25,-154.3385346928886
0.0,-0.25,-154.66952006065495
0.0,-0.25,-142.43883788231796
0.0,-0.25,-137.00161600081398
0.0,-0.25,-131.79308472921298
0.0,-0.25,-132.73623523490684
0.0,-0.25,-184.24197626121867
0.0,-0.25,-171.04541626307062
0.0,-0.25,-164.12215802318477
0.0,-0.25,-152.60205937114847
0.0,-0.25,-160.89265740782574
0.0,-0.25,-138.7251884221919
0.0,-0.25,-136.83107789898182
0.0,-0.25,-160.46377144386588
0.0,-0.25,-155.17831208040707
0.0,-0.25,-187.5837442329098
0.0,-0.25,-163.6169075896483
0.0,-0.25,-187.92844198463797
0.0,-0.25,-147.55014851501514
0.0,-0.25,-176.4772617026709
0.0,-0.25,-174.35352336241715
0.0,-0.25,-144.8964496503085
0.0,-0.25,-186.94161456875653
0.0,-0.25,-142.23681831115027
0.0,-0.25,-182.72589827218755
0.0,-0.25,-166.57557359929493
0.0,-0.25,-168.59865101595568
0.0,-0.25,-181.75585498985816
0.0,-0.25,-173.2882492517422
0.0,-0.25,-149.39703619317976
0.0,-0.25,-155.15331955270688
0.0,-0.25,-160.54045393463846
0.0,-0.25,-179.14262761614674
0.0,-0.25,-152.75620715015413
0.0,-0.25,-139.41752020174118
0.0,-0.25,-179.15535065295836
0.0,-0.25,-132.605747650363
0.0,-0.25,-143.14324186912918
0.0,-0.25,-166.41095266444577
0.0,-0.25,-168.13597537473407
0.0,-0.25,-165.8551163200125
0.0,-0.25,-184.43523800657732
0.0,-0.25,-156.04014337188656
0.0,-0.25,-146.66107582397393
0.0,-0.25,-151.59400752473456
0.0,-0.25,-148.41766039880102
0.0,-0.25,-189.26967775605613
0.0,-0.25,-133.09226291509123
0.0,-0.25,-167.27840930296898
0.0,-0.25,-164.12246913872448
0.0,-0.25,-182.9193454391048
0.0,-0.25,-177.5049668111542
0.0,-0.25,-139.50366952981489
0.0,-0.25,-181.4576312467155
0.0,-0.25,-168.02470995111346
0.0,-0.25,-153.61181803280837
0.0,-0.25,-161.91185867696433
0.0,-0.25,-131.6583924824085
0.0,-0.25,-135.59470923946972
0.0,-0.25,-193.73586650855427
0.0,-0.25,-135.65752220353912
0.0,-0.25,-178.12524361734364
0.0,-0.25,-164.82035180337064
0.0,-0.25,-182.62383882749157
0.0,-0.25,-166.42812746054497
0.0,-0.25,-161.3633871366889
0.0,-0.25,-173.21355039276241
0.0,-0.25,-179.17582065998627
0.0,-0.25,-155.18529165024435
0.0,-0.25,-171.11795554144916
0.0,-0.25,-164.1875240789944
0.0,-0.25,-191.2821834905253
0.0,-0.25,-155.0496541023029
0.0,-0.25,-160.74229006617364
0.0,-0.25,-155.25443487502753
0.0,-0.25,-162.2978161001107
0.0,-0.25,-178.53963861689363
0.0,-0.25,-165.83675556208664
0.0,-0.25,-161.5846060200236
0.0,-0.25,-159.97275736347902
0.0,-0.25,-178.11318389163145
0.0,-0.25,-151.98858349087575
0.0,-0.25,-182.91713657724202
0.0,-0.25,-164.92974480936377
0.0,-0.25,-159.36060739859553
0.0,-0.25,-147.78188486517155
0.0,-0.25,-187.56112480545926
0.0,-0.25,-181.4890998062702
0.0,-0.25,-174.1787318449238
0.0,-0.25,-167.68468933644525
0.0,-0.25,-162.6374947683644
0.0,-0.25,-147.86946079622345
0.0,-0.25,-164.83433629752244
0.0,-0.25,-167.7111859994921
0.0,-0.25,-154.37570714188132
0.0,-0.25,-144.67014688691896
0.0,-0.25,-193.41764605394297
0.0,-0.25,-175.75962387493118
0.0,-0.25,-150.0898113329476
0.0,-0.25,-166.2338427655812
0.0,-0.25,-154.72318565005708
0.0,-0.25,-156.81608892877335
0.0,-0.25,-161.00720792319885
0.0,-0.25,-164.3949839455148
0.0,-0.25,-172.22081746283195
0.0,-0.25,-188.06329401448835
0.0,-0.25,-166.96345678329487
0.0,-0.25,-189.79954335840418
0.0,-0.25,-152.5502083297756
0.0,-0.25,-148.83109610153977
0.0,-0.25,-137.24916255954128
0.0,-0.25,-185.44710623483147
0.0,-0.25,-152.33033767767344
0.0,-0.25,-165.9104994182158
0.0,-0.25,-153.75761414467473
0.0,-0.25,-129.54622864164057
0.0,-0.25,-146.25820934372814
0.0,-0.25,-175.2630042536008
0.0,-0.25,-181.09538089359725
0.0,-0.25,-152.63128190837918
0.0,-0.25,-179.06552132880634
0.0,-0.25,-167.9878120212132
0.0,-0.25,-184.72092387877888
0.0,-0.25,-150.158271777302
0.0,-0.25,-170.77339811823705
0.0,-0.25,-149.80634487727735
0.0,-0.25,-181.07927419677205
0.0,-0.25,-162.17207590576402
0.0,-0.25,-153.22345402008872
0.0,-0.25,-148.19782389680728
0.0,-0.25,-156.98132383877146
0.0,-0.25,-178.52688818066315
0.0,-0.25,-172.52803813806847
0.0,-0.25,-139.94234265512281
0.0,-0.25,-153.1429339368437
0.0,-0.25,-165.67510344238121
0.0,-0.25,-177.37055122984566
0.0,-0.25,-179.0486220975162
0.0,-0.25,-153.53927745565423
0.0,-0.25,-184.76854078719103
0.0,-0.25,-161.09009250917137
0.0,-0.25,-146.03681120578685
0.0,-0.25,-175.96445169918138
0.0,-0.25,-139.63755933158777
0.0,-0.25,-135.06572801717354
0.0,-0.25,-178.78260124428664
0.0,-0.25,-144.31979749245286
0.0,-0.25,-137.84548535317617
0.0,-0.25,-163.07704479684182
0.0,-0.25,-180.1209147294096
0.0,-0.25,-189.45975794133534
0.0,-0.25,-144.23567579394373
0.0,-0.25,-147.53501336582175
0.0,-0.25,-166.86008844951965
0.0,-0.25,-183.80770853151589
0.0,-0.25,-150.74357866711821
0.0,-0.25,-174.36695184868407
0.0,-0.25,-168.03773704219412
0.0,-0.25,-187.42240138582795
0.0,-0.25,-165.44813534168077
0.0,-0.25,-146.06782590196656
0.0,-0.25,-159.87016234265144
0.0,-0.25,-169.11465276004927
0.0,-0.25,-175.02798978694636
0.0,-0.25,-177.19889667603135
0.0,-0.25,-175.76891052033548
0.0,-0.25,-153.7453941493091
0.0,-0.25,-143.84352635530072
0.0,-0.25,-156.3020689625638
0.0,-0.25,-132.48984774091232
0.0,-0.25,-148.99625678731948
0.0,-0.25,-164.18865607566434
0.0,-0.25,-185.2049082039612
0.0,-0.25,-184.02685349324491
0.0,-0.25,-129.66073716794676
0.0,-0.25,-160.22571165415965
0.0,-0.25,-159.85418645572494
0.0,-0.25,-186.4917066599451
0.0,-0.25,-183.99994882481954
0.0,-0.25,-132.2369535926757
0.0,-0.25,-159.01443536757535
0.0,-0.25,-178.3791919877171
0.0,-0.25,-160.32883771648466
0.0,-0.25,-158.57239458882148
0.0,-0.25,-147.12152597639067
0.0,-0.25,-151.9518173895536
0.0,-0.25,-166.60495188973675
0.0,-0.25,-157.55455227912458
0.0,-0.25,-162.95335101974987
0.0,-0.25,-194.50878118483456
0.0,-0.25,-155.2404836778438
0.0,-0.25,-134.03149184460307
0.0,-0.25,-190.98667166067
0.0,-0.25,-152.13336953219454
0.0,-0.25,-171.0475646707299
0.0,-0.25,-133.00112195043766
0.0,-0.25,-156.625405416377
0.0,-0.25,-181.7227756624682
0.0,-0.25,-155.96998487108647
0.0,-0.25,-164.87149171343532
0.0,-0.25,-172.38287772942155
0.0,-0.25,-145.8509649497249
0.0,-0.25,-180.21149567675192
0.0,-0.25,-144.1743180946508
0.0,-0.25,-173.66486815083775
0.0,-0.25,-162.9307084224256
0.0,-0.25,-155.4205443299426
0.0,-0.25,-182.56792946987022
0.0,-0.25,-159.0391194244489
0.0,-0.25,-160.05939652619904
0.0,-0.25,-167.88904192924963
0.0,-0.25,-177.61733585014446
0.0,-0.25,-147.15124086404165
0.0,-0.25,-160.71600842567145
0.0,-0.25,-129.23593748816288
0.0,-0.25,-168.9888049731041
0.0,-0.25,-147.95553664845636
0.0,-0.25,-158.39278624347565
0.0,-0.25,-165.15952968325212
0.0,-0.25,-169.3478890555543
0.0,-0.25,-181.83733820502349
0.0,-0.25,-173.18723990255174
0.0,-0.25,-159.56923143940972
0.0,-0.25,-168.5044228754585
0.0,-0.25,-175.25452680502772
0.0,-0.25,-148.1789026241391
0.0,-0.25,-162.82368700826606
0.0,-0.25,-166.82731290578556
0.0,-0.25,-158.11170641106457
0.0,-0.25,-193.3126021513274
0.0,-0.25,-138.11795688112701
0.0,-0.25,-163.61901930418318
0.0,-0.25,-145.8219176339633
0.0,-0.25,-137.53484410054511
0.0,-0.25,-137.5007611487474
0.0,-0.25,-189.62767656883918
0.0,-0.25,-146.1162676599999
0.0,-0.25,-165.96306716237558
0.0,-0.25,-162.0144773035441
0.0,-0.25,-153.67759052566444
0.0,-0.25,-141.2225464763699
0.0,-0.25,-152.39401812317425
0.0,-0.25,-151.34881036575888
0.0,-0.25,-146.2818494747438
0.0,-0.25,-141.36622943438707
0.0,-0.25,-175.428012796762
0.0,-0.25,-156.07092415876286
0.0,-0.25,-146.50024828958684
0.0,-0.25,-160.7991527104978
0.0,-0.25,-157.70451086491786
0.0,-0.25,-148.60109611908788
0.0,-0.25,-132.34111179325885
0.0,-0.25,-136.66931752370917
0.0,-0.25,-168.83702899683968
0.0,-0.25,-154.74306534569195
0.0,-0.25,-173.82314103945012
0.0,-0.25,-140.57198440821236
0.0,-0.25,-160.56144180056572
0.0,-0.25,-158.6488121833227
0.0,-0.25,-168.85396715374767
0.0,-0.25,-170.58914544309042
0.0,-0.25,-140.57782552651074
0.0,-0.25,-154.47396475422653
0.0,-0.25,-153.94319174347092
0.0,-0.25,-174.20221924235
0.0,-0.25,-137.1027497700978
0.0,-0.25,-143.8044819937015
0.0,-0.25,-161.82741523691686
0.0,-0.25,-175.06056473870862
0.0,-0.25,-171.31422337905389
0.0,-0.25,-168.2647234773634
0.0,-0.25,-170.4944247732362
0.0,-0.25,-180.33020725781248
0.0,-0.25,-168.1140826360529
0.0,-0.25,-157.62165575896515
0.0,-0.25,-196.7057139097253
0.0,-0.25,-182.03465720885657
0.0,-0.25,-131.66880189373572
0.0,-0.25,-189.36456472865783
0.0,-0.25,-175.41876263009894
0.0,-0.25,-179.0044581528094
0.0,-0.25,-153.22191896400594
0.0,-0.25,-165.43629131051458
0.0,-0.25,-153.70858468007663
0.0,-0.25,-161.19549365560303
0.0,-0.25,-156.7783901161145
0.0,-0.25,-168.33406771082142
0.0,-0.25,-167.63130671524993
0.0,-0.25,-152.0806335893797
0.0,-0.25,-163.01468466614793
0.0,-0.25,-163.1685810031786
0.0,-0.25,-161.7568296245428
0.0,-0.25,-154.15902580220984
0.0,-0.25,-151.01337610931253
0.0,-0.25,-178.631671689807
0.0,-0.25,-154.11209947613074
0.0,-0.25,-123.23806764769836
0.0,-0.25,-181.64520274521936
0.0,-0.25,-166.44916801806335
0.0,-0.25,-150.98328162324162
0.0,-0.25,-173.97331432759253
0.0,-0.25,-150.37731760721897
0.0,-0.25,-155.97155404771013
0.0,-0.25,-175.95474352164257
0.0,-0.25,-144.0807924817678
0.0,-0.25,-191.47894021492283
0.0,-0.25,-170.37791102254124
0.0,-0.25,-174.98449677735988
0.0,-0.25,-164.40686871021734
0.0,-0.25,-147.05005885277748
0.0,-0.25,-164.30952003003216
0.0,-0.25,-133.51666531795132
0.0,-0.25,-130.98059153324095
0.0,-0.25,-184.9155322119831
0.0,-0.25,-168.38832712550644
0.0,-0.25,-183.23820983296181
0.0,-0.25,-173.76378618003972
0.0,-0.25,-175.7698909144017
0.0,-0.25,-138.2383845079162
0.0,-0.25,-160.79784287647166
0.0,-0.25,-196.65250357965155
0.0,-0.25,-184.43624539463315
0.0,-0.25,-135.8100702125664
0.0,-0.25,-163.46907880572167
0.0,-0.25,-154.06292604970173
0.0,-0.25,-149.18301782497997
0.0,-0.25,-164.32448824807662
0.0,-0.25,-154.41805380685713
0.0,-0.25,-158.31765899716046
0.0,-0.25,-177.77245776840638
0.0,-0.25,-188.15229776576462
0.0,-0.25,-194.89564448826164
0.0,-0.25,-153.99619986846227
0.0,-0.25,-177.44952686927047
0.0,-0.25,-169.7931281881499
0.0,-0.25,-173.4821405610557
0.0,-0.25,-159.48898316295046
0.0,-0.25,-167.91214767336606
0.0,-0.25,-178.30188610458174
0.0,-0.25,-152.18318834103317
0.0,-0.25,-155.59806994218607
0.0,-0.25,-179.62749088003932
0.0,-0.25,-167.5192868025339
0.0,-0.25,-158.61012097810482
0.0,-0.25,-169.28839637989913
0.0,-0.25,-140.52899837575626
0.0,-0.25,-155.93225434827292
0.0,-0.25,-145.16446613850326
0.0,-0.25,-192.03908121158406
0.0,-0.25,-133.31585132068022
0.0,-0.25,-162.6022713582861
0.0,-0.25,-179.5804449431723
0.0,-0.25,-153.6453287186227
0.0,-0.25,-172.47092436265763
0.0,-0.25,-140.149528162281
0.0,-0.25,-159.43997686260676
0.0,-0.25,-163.35152201034154
0.0,-0.25,-174.72532254601208
0.0,-0.25,-145.38003855609648
0.0,-0.25,-180.36491329035593
0.0,-0.25,-153.23459119026612
0.0,-0.25,-148.7341495332164
0.0,-0.25,-147.87747657833543
0.0,-0.25,-172.49000568503286
0.0,-0.25,-139.08556561899874
0.0,-0.25,-152.04208496037168
0.0,-0.25,-173.08851055084867
0.0,-0.25,-159.20026131804337
0.0,-0.25,-160.48350529316792
0.0,-0.25,-167.74984326921222
0.0,-0.25,-173.73085250335583
0.0,-0.25,-141.7434206632453
0.0,-0.25,-158.75265453925448
0.0,-0.25,-169.11246486065312
0.0,-0.25,-169.82086913765903
0.0,-0.25,-153.49764540271528
0.0,-0.25,-156.580720495461
0.0,-0.25,-141.99073367045756
0.0,-0.25,-148.67388868241335
0.0,-0.25,-189.61906983049442
0.0,-0.25,-174.7828959644179
0.0,-0.25,-161.6204798345538
0.0,-0.25,-185.59453345582875
0.0,-0.25,-133.3789353929646
0.0,-0.25,-164.46679346618978
0.0,-0.25,-166.39822695825214
0.0,-0.25,-159.87482291521886
0.0,-0.25,-185.0602435657573
0.0,-0.25,-161.17652631434316
0.0,-0.25,-164.67685051951764
0.0,-0.25,-151.32902314894943
0.0,-0.25,-162.5733329094923
0.0,-0.25,-154.45992916354714
0.0,-0.25,-180.19611539644936
0.0,-0.25,-179.566045772046
0.0,-0.25,-170.01773872361156
0.0,-0.25,-176.16527248834814
0.0,-0.25,-175.1973738728865
0.0,-0.25,-171.97967919821858
0.0,-0.25,-139.05080244073508
0.0,-0.25,-181.01343611616184
0.0,-0.25,-157.01368910478092
0.0,-0.25,-181.2646543707914
0.0,-0.25,-139.6889001401121
0.0,-0.25,-158.82851757626995
0.0,-0.25,-166.08257380337727
0.0,-0.25,-183.00390101512323
0.0,-0.25,-173.9441275716666
0.0,-0.25,-163.2441870187766
0.0,-0.25,-146.75506771235857
0.0,-0.25,-177.93736836321082
0.0,-0.25,-168.86813448638722
0.0,-0.25,-141.45234684322224
0.0,-0.25,-175.94884595298365
0.0,-0.25,-168.4997769156582
0.0,-0.25,-189.50857446239127
0.0,-0.25,-132.96350660994239
0.0,-0.25,-168.12950350366364
0.0,-0.25,-173.37777450461257
0.0,-0.25,-158.21591598235727
0.0,-0.25,-167.87840334083893
0.0,-0.25,-164.6614127772667
0.0,-0.25,-137.1324904064236
0.0,-0.25,-158.5449567842868
0.0,-0.25,-173.0961429380794
0.0,-0.25,-141.50592177886685
0.0,-0.25,-160.91398365851217
0.0,-0.25,-181.9045350269421
0.0,-0.25,-188.43543173492387
0.0,-0.25,-155.83095128398276
0.0,-0.25,-169.9120312643364
0.0,-0.25,-154.9147621092245
0.0,-0.25,-186.71205631597294
0.0,-0.25,-171.23553576255006
0.0,-0.25,-141.90883100607772
0.0,-0.25,-151.4561665358732
0.0,-0.25,-137.07830280095325
0.0,-0.25,-176.33078398722333
0.0,-0.25,-170.95138284409174
0.0,-0.25,-160.2022995431852
0.0,-0.25,-143.3063664362205
0.0,-0.25,-154.34499314160396
0.0,-0.25,-160.43081135429676
0.0,-0.25,-143.892200160044
0.0,-0.25,-165.25970114774847
0.0,-0.25,-183.25111990118072
0.0,-0.25,-161.97946397204134
0.0,-0.25,-178.89078071903336
0.0,-0.25,-159.0569826173553
0.0,-0.25,-161.63811815404964
0.0,-0.25,-167.832634177551
0.0,-0.25,-175.64089657011647
0.0,-0.25,-157.24984454612022
0.0,-0.25,-149.8785434170295
0.0,-0.25,-152.9537863594304
0.0,-0.25,-153.8740858948303
0.0,-0.25,-161.80121919356614
0.0,-0.25,-139.6430350777923
0.0,-0.25,-165.32500843488197
0.0,-0.25,-174.6773568158129
0.0,-0.25,-142.36743263924504
0.0,-0.25,-134.7371142625068
0.0,-0.25,-176.79288100755056
0.0,-0.25,-178.86200937894503
0.0,-0.25,-159.66522598353825
0.0,-0.25,-163.50954797509965
0.0,-0.25,-167.52974689524487
0.0,-0.25,-179.04828523912877
0.0,-0.25,-189.77036017049576
0.0,-0.25,-174.6640058496416
0.0,-0.25,-157.73716460646673
0.0,-0.25,-145.2292851908914
0.0,-0.25,-167.59503955602705
0.0,-0.25,-168.3363977822103
0.0,-0.25,-138.76101867046953
0.0,-0.25,-165.2914670366363
0.0,-0.25,-174.42614740063826
0.0,-0.25,-157.5398477782979
0.0,-0.25,-179.6715515630655
0.0,-0.25,-174.51996082994066
0.0,-0.25,-154.6411224388428
0.0,-0.25,-180.14193849738703
0.0,-0.25,-164.5207073789071
0.0,-0.25,-174.8841544396647
0.0,-0.25,-166.04709593457162
0.0,-0.25,-143.12054986919122
0.0,-0.25,-139.38999434313362
0.0,-0.25,-179.6792975834261
0.0,-0.25,-150.15289119816887
0.0,-0.25,-167.70805594845243
0.0,-0.25,-137.99531161749744
0.0,-0.25,-187.79892911946789
0.0,-0.25,-157.73905879372302
0.0,-0.25,-152.5176584387993
0.0,-0.25,-164.555756230429
0.0,-0.25,-135.1425224517186
0.0,-0.25,-170.69401141818247
0.0,-0.25,-172.7731382435765
0.0,-0.25,-177.2483620808548
0.0,-0.25,-184.05527269072562
0.0,-0.25,-158.12106079144976
0.0,-0.25,-193.41750650676994
0.0,-0.25,-163.5768017059854
0.0,-0.25,-159.0180606664808
0.0,-0.25,-153.35219016863041
0.0,-0.25,-145.26506991892703
0.0,-0.25,-137.94319595182785
0.0,-0.25,-155.8203556473612
0.0,-0.25,-175.74265821237813
0.0,-0.25,-150.77877668940863
0.0,-0.25,-148.6074477181386
0.0,-0.25,-162.97429333439737
0.0,-0.25,-164.49244990658977
0.0,-0.25,-166.5336151840905
0.0,-0.25,-146.5382175001565
0.0,-0.25,-135.12471269362234
0.0,-0.25,-167.97140663465683
0.0,-0.25,-166.42399186138664
0.0,-0.25,-156.53098602648166
0.0,-0.25,-172.71138452445857
0.0,-0.25,-177.8754773248727
0.0,-0.25,-174.1410634688578
0.0,-0.25,-157.81607603905462
0.0,-0.25,-131.4580292452261
0.0,-0.25,-150.76597727172526
0.0,-0.25,-157.62873906112407
0.0,-0.25,-161.2847038298956
0.0,-0.25,-160.53854857828387
0.0,-0.25,-142.9605642437475
0.0,-0.25,-158.5772419589001
0.0,-0.25,-159.64911331195447
0.0,-0.25,-129.91996685019785
0.0,-0.25,-165.5254757197913
0.0,-0.25,-134.65939672549382
0.0,-0.25,-159.9163583903974
0.0,-0.25,-159.9344984719108
0.0,-0.25,-163.3044139777106
0.0,-0.25,-152.79105818321074
0.0,-0.25,-163.87656566941854
0.0,-0.25,-144.7645740986549
0.0,-0.25,-159.05377139795965
0.0,-0.25,-185.93342148274638
0.0,-0.25,-165.74400877171948
0.0,-0.25,-146.3903481039331
0.0,-0.25,-162.51750985137815
0.0,-0.25,-165.870025536048
0.0,-0.25,-120.96492036889626
0.0,-0.25,-186.80736946759123
0.0,-0.25,-150.96081898223426
0.0,-0.25,-178.53340489409237
0.0,-0.25,-139.2720425803958
0.0,-0.25,-193.00136794047887
0.0,-0.25,-142.14865174025104
0.0,-0.25,-163.60172716436693
0.0,-0.25,-129.6998145075646
0.0,-0.25,-170.68813082095886
0.0,-0.25,-162.96418228548316
0.0,-0.25,-173.85711147580022
0.0,-0.25,-154.81420128924577
0.0,-0.25,-188.22455862059883
0.0,-0.25,-144.7686111359386
0.0,-0.25,-176.9922774036395
0.0,-0.25,-165.06525416008702
0.0,-0.25,-136.5800093453814
0.0,-0.25,-168.94982503660208
0.0,-0.25,-148.6522471467024
0.0,-0.25,-180.1460627133397
0.0,-0.25,-146.7273161133839
0.0,-0.25,-151.87617280251342
0.0,-0.25,-181.1811039986105
0.0,-0.25,-142.73703690170925
0.0,-0.25,-175.2515312683489
0.0,-0.25,-144.83921846117352
0.0,-0.25,-153.28951923620332
0.0,-0.25,-157.61559631886342
0.0,-0.25,-154.1394459207973
0.0,-0.25,-168.47146503884966
0.0,-0.25,-137.57506396598214
0.0,-0.25,-185.60474429456627
0.0,-0.25,-160.01397274372317
0.0,-0.25,-141.82688572454848
0.0,-0.25,-141.92291842731876
0.0,-0.25,-168.32573452394152
0.0,-0.25,-156.40768028096514
0.0,-0.25,-153.06124104749054
0.0,-0.25,-162.8522480689837
0.0,-0.25,-123.0067800603515
0.0,-0.25,-180.330686698299
0.0,-0.25,-170.06372295048735
0.0,-0.25,-173.66755021670522
0.0,-0.25,-179.4775580465724
0.0,-0.25,-137.38988821159782
0.0,-0.25,-189.24921693901825
0.0,-0.25,-145.66511155913665
0.0,-0.25,-158.15021998467077
0.0,-0.25,-164.52598405376088
0.0,-0.25,-159.334201137653
0.0,-0.25,-141.0593874780976
0.0,-0.25,-139.2122672733528
0.0,-0.25,-153.56301744195383
0.0,-0.25,-161.1701798405375
0.0,-0.25,-173.65002129123448
0.0,-0.25,-139.34413411663948
0.0,-0.25,-162.49995785957236
0.0,-0.25,-179.26730718681856
0.0,-0.25,-169.23785972259154
0.0,-0.25,-159.24616617195608
0.0,-0.25,-150.71423566313058
0.0,-0.25,-167.55120548818755
0.0,-0.25,-147.6863381159515
0.0,-0.25,-168.19853757863024
0.0,-0.25,-169.42472648078189
0.0,-0.25,-164.2124300195259
0.0,-0.25,-142.15668225156494
0.0,-0.25,-160.59101436072217
0.0,-0.25,-164.8533443444413
0.0,-0.25,-157.9541512221513
0.0,-0.25,-196.55032919514144
0.0,-0.25,-151.4758071581929
0.0,-0.25,-187.69134407426625
0.0,-0.25,-138.9208381641998
0.0,-0.25,-154.12753106915827
0.0,-0.25,-179.69443548620103
0.0,-0.25,-147.6035971791619
0.0,-0.25,-148.65533901403776
0.0,-0.25,-154.97783748855915
0.0,-0.25,-155.69878959785666
0.0,-0.25,-169.01096088188714
0.0,-0.25,-187.0696618371073
0.0,-0.25,-146.41129491411905
0.0,-0.25,-186.94684143377222
0.0,-0.25,-148.9381282126552
0.0,-0.25,-151.95153802163733
0.0,-0.25,-189.67025874878814
0.0,-0.25,-165.73880991859198
0.0,-0.25,-177.14558612590534
0.0,-0.25,-157.39885755646225
0.0,-0.25,-177.30316481147176
0.0,-0.25,-138.7636438624003
0.0,-0.25,-140.62504310665366
0.0,-0.25,-161.94736702807054
0.0,-0.25,-154.20782924265757
0.0,-0.25,-144.96785517052388
0.0,-0.25,-164.95570250526296
0.0,-0.25,-170.86144348507486
0.0,-0.25,-176.53454214549336
0.0,-0.25,-132.88015212342125
0.0,-0.25,-169.08813350941386
0.0,-0.25,-164.52970818401957
0.0,-0.25,-169.86070948464476
0.0,-0.25,-150.01161072157413
0.0,-0.25,-159.97967770088968
0.0,-0.25,-151.6983667342696
0.0,-0.25,-140.56803521635348
0.0,-0.25,-148.32376072787704
0.0,-0.25,-169.73047350939962
0.0,-0.25,-168.53593825339988
0.0,-0.25,-179.69783660511544
0.0,-0.25,-153.08872471441393
0.0,-0.25,-183.24105556036346
0.0,-0.25,-168.93984237629041
0.0,-0.25,-181.42848542624117
0.0,-0.25,-130.15524749859708
0.0,-0.25,-172.73605219790358
0.0,-0.25,-189.8684517488935
0.0,-0.25,-173.24702763926638
0.0,-0.25,-169.23426070711068
0.0,-0.25,-169.01139215307438
0.0,-0.25,-160.5809257849975
0.0,-0.25,-171.55659001608257
0.0,-0.25,-146.8138347058077
0.0,-0.25,-161.70543871182534
0.0,-0.25,-153.37213020563533
0.0,-0.25,-181.85385526329165
0.0,-0.25,-161.46248059624244
0.0,-0.25,-169.25334433451368
0.0,-0.25,-162.80427104873772
0.0,-0.25,-198.94222486085565
0.0,-0.25,-152.86273906829894
0.0,-0.25,-160.9181577626449
0.0,-0.25,-170.0248630826061
0.0,-0.25,-172.9249483697781
0.0,-0.25,-185.98942455397378
0.0,-0.25,-180.8335698472106
0.0,-0.25,-180.11959418589902
0.0,-0.25,-135.50620349448604
0.0,-0.25,-137.6961524340432
0.0,-0.25,-178.51390168835388
0.0,-0.25,-159.9952660882374
0.0,-0.25,-141.1756751279626
0.0,-0.25,-182.4406096281088
0.0,-0.25,-163.24075010461328
0.0,-0.25,-169.52859965839778
0.0,-0.25,-156.2506019046186
0.0,-0.25,-174.12581449149235
0.0,-0.25,-140.32354970361453
0.0,-0.25,-160.49736675291896
0.0,-0.25,-160.56101401940487
0.0,-0.25,-192.94205917944387
0.0,-0.25,-146.976937714033
0.0,-0.25,-149.31547431271105
0.0,-0.25,-155.56396755458448
0.0,-0.25,-163.5005435180005
0.0,-0.25,-175.20167069482602
0.0,-0.25,-165.52886486341674
0.0,-0.25,-163.79364969063982
0.0,-0.25,-141.04201714091357
0.0,-0.25,-139.79939844219737
0.0,-0.25,-169.8066987068655
0.0,-0.25,-171.38915043031378
0.0,-0.25,-182.6674504588545
0.0,-0.25,-187.8154197634419
0.0,-0.25,-172.9315252488817
0.0,-0.25,-162.34511684530023
0.0,-0.25,-177.22056964144616
0.0,-0.25,-189.43237827640655
0.0,-0.25,-131.70703808566435
0.0,-0.25,-170.86194125753207
0.0,-0.25,-171.1488563266835
0.0,-0.25,-158.68120997638806
0.0,-0.25,-150.88925743565184
0.0,-0.25,-170.87459965843172
0.0,-0.25,-158.7601650783436
0.0,-0.25,-164.71335963705988
0.0,-0.25,-142.8179120549339
0.0,-0.25,-181.3767779110983
0.0,-0.25,-163.7406822054424
0.0,-0.25,-149.53795326266965
0.0,-0.25,-162.67817266135353
0.0,-0.25,-146.55654870567446
0.0,-0.25,-157.48716975998448
0.0,-0.25,-135.84010115069407
0.0,-0.25,-151.55201646371376
0.0,-0.25,-172.95832677497845
0.0,-0.25,-169.9427902761599
0.0,-0.25,-135.9803934598048
0.0,-0.25,-150.44929866656437
0.0,-0.25,-156.85386204640182
0.0,-0.25,-170.2498712883671
0.0,-0.25,-155.20924204022145
0.0,-0.25,-165.3431260703659
0.0,-0.25,-151.56899424328682
0.0,-0.25,-160.11590337868967
0.0,-0.25,-150.28633909202372
0.0,-0.25,-188.9147588794191
0.0,-0.25,-172.85856445160536
0.0,-0.25,-139.35986145731067
0.0,-0.25,-197.49444847776192
0.0,-0.25,-149.1457014544521
0.0,-0.25,-170.77088467169668
0.0,-0.25,-166.54968035473453
0.0,-0.25,-183.1171814780848
0.0,-0.25,-166.11596041728606
0.0,-0.25,-173.58183372813468
0.0,-0.25,-179.32755066422806
0.0,-0.25,-183.4181740444486
0.0,-0.25,-164.66528906501446
0.0,-0.25,-148.56126747162926
0.0,-0.25,-176.6593509776417
0.0,-0.25,-198.09801641093182
0.0,-0.25,-172.6445403339595
0.0,-0.25,-162.7529571167689
0.0,-0.25,-145.88698766026135
0.0,-0.25,-192.37451893175648
0.0,-0.25,-166.1445663889721
0.0,-0.25,-164.70745755718534
0.0,-0.25,-163.30396630245977
0.0,-0.25,-158.80141952753152
0.0,-0.25,-154.96254184258038
0.0,-0.25,-155.69449512334003
0.0,-0.25,-143.52007648690736
0.0,-0.25,-132.739242293723
0.0,-0.25,-167.8601908894282
0.0,-0.25,-171.19953646049666
0.0,-0.25,-158.14684406597394
0.0,-0.25,-174.85619777467704
0.0,-0.25,-162.94980432599198
0.0,-0.25,-180.03854136823003
0.0,-0.25,-136.78419498268013
0.0,-0.25,-156.58909181107032
0.0,-0.25,-195.44645021654503
0.0,-0.25,-168.87742555256682
0.0,-0.25,-160.70747745158627
0.0,-0.25,-165.49532935015918
0.0,-0.25,-160.43706748539856
0.0,-0.25,-134.46561886470687
0.0,-0.25,-138.76702333374342
0.0,-0.25,-185.48906651346434
0.0,-0.25,-171.03865103618008
0.0,-0.25,-168.11937744088902
0.0,-0.25,-173.51146645448443
0.0,-0.25,-176.1019289051184
0.0,-0.25,-169.1051683871386
0.0,-0.25,-154.08083738402874
0.0,-0.25,-148.65051096068234
0.0,-0.25,-133.0978460127426
0.0,-0.25,-150.63054767164724
0.0,-0.25,-151.45418729831246
0.0,-0.25,-142.78168728973753
0.0,-0.25,-159.83085634176757
0.0,-0.25,-136.27508132338
0.0,-0.25,-155.12226156775284
0.0,-0.25,-145.4600891972158
0.0,-0.25,-157.65836864265407
0.0,-0.25,-144.5751443772468
0.0,-0.25,-170.12687735446153
0.0,-0.25,-148.7259279506381
0.0,-0.25,-152.34170090777204
0.0,-0.25,-178.50464527743208
0.0,-0.25,-135.34005478748315
0.0,-0.25,-145.79600157982236
0.0,-0.25,-185.9434032322189
0.0,-0.25,-163.17018068962355
0.0,-0.25,-176.50968608522388
0.0,-0.25,-145.2785666445062
0.0,-0.25,-145.47598055859467
0.0,-0.25,-160.14738134015252
0.0,-0.25,-189.94231805376344
0.0,-0.25,-187.8880036668381
0.0,-0.25,-150.13132938374983
0.0,-0.25,-163.9187925339182
0.0,-0.25,-172.50336257213863
0.0,-0.25,-160.81903166242662
0.0,-0.25,-168.89693672919637
0.0,-0.25,-188.4581885890186
0.0,-0.25,-159.3534441156094
0.0,-0.25,-142.7334465193445
0.0,-0.25,-176.35929366892216
0.0,-0.25,-154.9624879831846
0.0,-0.25,-173.83728102502332
0.0,-0.25,-156.2863429434289
0.0,-0.25,-166.38268730689558
0.0,-0.25,-147.6606915279689
0.0,-0.25,-135.26830634134322
0.0,-0.25,-175.7986130379412
0.0,-0.25,-180.17723730807955
0.0,-0.25,-162.85158460944297
0.0,-0.25,-188.89434406721983
0.0,-0.25,-168.68859181857624
0.0,-0.25,-155.2009073599249
0.0,-0.25,-145.39850236355446
0.0,-0.25,-165.95782840172555
0.0,-0.25,-144.7566675440752
0.0,-0.25,-151.418656640577
0.0,-0.25,-165.62425400150983
0.0,-0.25,-148.78312394299493
0.0,-0.25,-158.6371723813431
0.0,-0.25,-151.1640916048794
0.0,-0.25,-191.91560389541547
0.0,-0.25,-177.77043020358803
0.0,-0.25,-173.35102143476854
0.0,-0.25,-170.97833081607712
0.0,-0.25,-165.76291931114437
0.0,-0.25,-139.1145566290118
0.0,-0.25,-165.37835092593286
0.0,-0.25,-152.01785332389056
0.0,-0.25,-165.98564293183364
0.0,-0.25,-165.3378455749099
0.0,-0.25,-154.41533373153894
0.0,-0.25,-164.72788000774776
0.0,-0.25,-148.98532819309168
0.0,-0.25,-138.3312785698916
0.0,-0.25,-171.58855827160724
0.0,-0.25,-161.81065663870692
0.0,-0.25,-161.72981154726833
0.0,-0.25,-181.7214004806495
0.0,-0.25,-142.1362519385429
0.0,-0.25,-146.76347842638546
0.0,-0.25,-135.05611421871328
0.0,-0.25,-171.80442629852126
0.0,-0.25,-169.59917073100056
0.0,-0.25,-165.98116916893557
0.0,-0.25,-164.64767115372473
0.0,-0.25,-168.11956877433528
0.0,-0.25,-158.54252479756042
0.0,-0.25,-168.34834460798953
0.0,-0.25,-171.63662129338027
0.0,-0.25,-136.00719901905475
0.0,-0.25,-161.15755483889518
0.0,-0.25,-171.88411828391443
0.0,-0.25,-148.66003968322832
0.0,-0.25,-173.48965175879866
0.0,-0.25,-153.31990302291882
0.0,-0.25,-148.9704061770799
0.0,-0.25,-134.1047170399058
0.0,-0.25,-190.82862834395004
0.0,-0.25,-178.83788635800198
0.0,-0.25,-171.51634615129043
0.0,-0.25,-177.39864180457968
0.0,-0.25,-190.1634633350518
0.0,-0.25,-135.1608049981046
0.0,-0.25,-167.75169007886362
0.0,-0.25,-160.76873211113818
0.0,-0.25,-159.38274802560534
0.0,-0.25,-173.9898720213766
0.0,-0.25,-151.29148314288702
0.0,-0.25,-191.78919459817195
0.0,-0.25,-167.27913556334082
0.0,-0.25,-157.46324793582892
0.0,-0.25,-161.16539074116469
0.0,-0.25,-164.65438448252326
0.0,-0.25,-173.25113810315355
0.0,-0.25,-134.92224193723922
0.0,-0.25,-175.2719823893536
0.0,-0.25,-186.01512273732868
0.0,-0.25,-163.68989226745478
0.0,-0.25,-161.2752073492331
0.0,-0.25,-138.75224521136573
0.0,-0.25,-174.33680649978524
0.0,-0.25,-134.0190343387079
0.0,-0.25,-167.33072323379537
0.0,-0.25,-146.8106261730091
0.0,-0.25,-161.88296507765523
0.0,-0.25,-140.0838282777166
0.0,-0.25,-168.97345251538317
0.0,-0.25,-157.688635142933
0.0,-0.25,-149.6004376433014
0.0,-0.25,-186.2315783218507
0.0,-0.25,-137.98107995099141
0.0,-0.25,-175.89284871298503
0.0,-0.25,-171.85707602441028
0.0,-0.25,-177.43203041177628
0.0,-0.25,-140.29650811207412
0.0,-0.25,-181.25284366783998
0.0,-0.25,-177.86886220657428
0.0,-0.25,-138.50802895771892
0.0,-0.25,-159.7068679273814
0.0,-0.25,-173.762988362786
0.0,-0.25,-145.08676099181105
0.0,-0.25,-171.41190139593672
0.0,-0.25,-168.0570040868738
0.0,-0.25,-139.01245294423282
0.0,-0.25,-172.74697198974198
0.0,-0.25,-135.5961035937818
0.0,-0.25,-139.85852590338783
0.0,-0.25,-155.20427111752235
0.0,-0.25,-145.81174918820963
0.0,-0.25,-155.98964046433267
0.0,-0.25,-152.97567395422166
0.0,-0.25,-176.66169882762455
0.0,-0.25,-195.3495116751774
0.0,-0.25,-142.37822328085278
0.0,-0.25,-192.45090206854158
0.0,-0.25,-148.27792363606306
0.0,-0.25,-159.24182381362874
0.0,-0.25,-153.81599242704638
0.0,-0.25,-196.9116373999867
0.0,-0.25,-158.0548638583083
0.0,-0.25,-162.9944578354844
0.0,-0.25,-153.88660814849754
0.0,-0.25,-153.41489081261722
0.0,-0.25,-137.6238653298839
0.0,-0.25,-173.99318236964814
0.0,-0.25,-179.19437432534934
0.0,-0.25,-176.87057910445444
0.0,-0.25,-172.2232155458093
0.0,-0.25,-133.02308402771365
0.0,-0.25,-178.39046310793486
0.0,-0.25,-160.9202545158305
0.0,-0.25,-153.6866853351902
0.0,-0.25,-156.035687023121
0.0,-0.25,-188.93563631762302
0.0,-0.25,-156.5726884843575
0.0,-0.25,-176.250106996397
0.0,-0.25,-164.93475126177208
0.0,-0.25,-171.89471403358883
0.0,-0.25,-166.75090265450322
0.0,-0.25,-158.98993598534545
0.0,-0.25,-166.86668646067707
0.0,-0.25,-167.17517955998383
0.0,-0.25,-170.84737829067123
0.0,-0.25,-180.4797956157045
0.0,-0.25,-170.68294935748705
0.0,-0.25,-155.627491537497
0.0,-0.25,-171.7592824650805
0.0,-0.25,-129.17053727481976
0.0,-0.25,-155.30583976396127
0.0,-0.25,-182.05040458680253
0.0,-0.25,-190.51113705422915
0.0,-0.25,-123.0558332351678
0.0,-0.25,-167.3471330775172
0.0,-0.25,-176.8754968133662
0.0,-0.25,-141.05765286966746
0.0,-0.25,-174.79277339795973
0.0,-0.25,-163.6979174235798
0.0,-0.25,-147.56991706990465
0.0,-0.25,-157.84005012917623
0.0,-0.25,-149.80952883627617
0.0,-0.25,-165.81599973052408
0.0,-0.25,-152.44199578069725
0.0,-0.25,-174.14432285068133
0.0,-0.25,-162.41108086556173
0.0,-0.25,-169.36074920870269
0.0,-0.25,-153.3040541323551
0.0,-0.25,-135.39204729462716
0.0,-0.25,-164.52052968875367
0.0,-0.25,-145.54551330819191
0.0,-0.25,-163.68419457783173
0.0,-0.25,-174.31639827013552
0.0,-0.25,-135.16495135446144
0.0,-0.25,-188.42798007255658
0.0,-0.25,-125.77723537194878
0.0,-0.25,-166.59057419104695
0.0,-0.25,-167.6394078096407
0.0,-0.25,-154.0754395026473
0.0,-0.25,-142.65567698794248
0.0,-0.25,-169.1810996542031
0.0,-0.25,-172.59641837033257
0.0,-0.25,-155.28827464523525
0.0,-0.25,-161.76416302984717
0.0,-0.25,-155.00756807983734
0.0,-0.25,-183.40971313459468
0.0,-0.25,-152.35159995870143
0.0,-0.25,-168.46985490091947
0.0,-0.25,-175.36392107918593
0.0,-0.25,-136.92521842986744
0.0,-0.25,-150.81535647422277
0.0,-0.25,-155.1979977458034
0.0,-0.25,-179.15145015189827
0.0,-0.25,-167.0618770022883
0.0,-0.25,-151.20594832134748
0.0,-0.25,-172.46765024381747
0.0,-0.25,-169.84328435468984
0.0,-0.25,-170.6552037281149
0.0,-0.25,-166.3342610607929
0.0,-0.25,-169.06282263771945
0.0,-0.25,-168.5295120108632
0.0,-0.25,-126.84318852604652
0.0,-0.25,-165.27777561069306
0.0,-0.25,-171.41199881871083
0.0,-0.25,-166.26013017679372
0.0,-0.25,-165.99621287753197
0.0,-0.25,-165.2402120055664
0.0,-0.25,-160.11476981503057
0.0,-0.25,-130.84689870754033
0.0,-0.25,-147.4632653990917
0.0,-0.25,-181.26529371063504
0.0,-0.25,-156.57744068798303
0.0,-0.25,-147.4768719622531
0.0,-0.25,-129.43883644765603
0.0,-0.25,-188.68460551647303
0.0,-0.25,-165.32068257472653
0.0,-0.25,-161.7828441566243
0.0,-0.25,-164.78225326413298
0.0,-0.25,-170.6550162864894
0.0,-0.25,-176.38650545593924
0.0,-0.25,-137.22705626580355
0.0,-0.25,-153.085803201617
0.0,-0.25,-171.89367381536206
0.0,-0.25,-165.80984131483453
0.0,-0.25,-163.42078701770845
0.0,-0.25,-185.57640916997522
0.0,-0.25,-160.61036756549862
0.0,-0.25,-132.75615169315796
0.0,-0.25,-165.12062825743828
0.0,-0.25,-153.20363235815836
0.0,-0.25,-181.56201726625946
0.0,-0.25,-187.60681252340441
0.0,-0.25,-163.37050441951067
0.0,-0.25,-152.23805264694764
0.0,-0.25,-183.92930696786001
0.0,-0.25,-164.94483599462893
0.0,-0.25,-174.73879741911355
0.0,-0.25,-141.2894469670458
0.0,-0.25,-197.89846956177567
0.0,-0.25,-173.52887642950748
0.0,-0.25,-139.71604133244506
0.0,-0.25,-139.06892712392832
0.0,-0.25,-155.52154107805393
0.0,-0.25,-160.00618254635063
0.0,-0.25,-178.10751226049376
0.0,-0.25,-170.47713524649254
0.0,-0.25,-171.8692701573897
0.0,-0.25,-166.21636261539192
0.0,-0.25,-164.0952873809609
0.0,-0.25,-200.16207452341183
0.0,-0.25,-165.96862762156312
0.0,-0.25,-152.7963926261067
0.0,-0.25,-166.1426618603757
0.0,-0.25,-155.46735735565326
0.0,-0.25,-149.5498716156599
0.0,-0.25,-170.5416680688076
0.0,-0.25,-162.57445240990242
0.0,-0.25,-173.09052520970133
0.0,-0.25,-167.26641688939057
0.0,-0.25,-154.25663115977935
0.0,-0.25,-172.81600429420106
0.0,-0.25,-169.06025833850939
0.0,-0.25,-195.85797970767518
0.0,-0.25,-179.6958371435913
0.0,-0.25,-186.13195641360056
0.0,-0.25,-150.161315527357
0.0,-0.25,-167.95009486128814
0.0,-0.25,-168.84201022529186
0.0,-0.25,-174.3471148441476
0.0,-0.25,-159.3434964649405
0.0,-0.25,-172.91563464561716
0.0,-0.25,-181.22398445180974
0.0,-0.25,-148.52201531706217
0.0,-0.25,-139.3524895848644
0.0,-0.25,-190.66155519394187
0.0,-0.25,-141.06123886297226
0.0,-0.25,-147.4041690497321
0.0,-0.25,-144.0778890254988
0.0,-0.25,-143.4722625397567
0.0,-0.25,-176.61220797382197
0.0,-0.25,-148.93150625909547
0.0,-0.25,-174.95948853193855
0.0,-0.25,-167.44985976900347
0.0,-0.25,-166.92878562783926
0.0,-0.25,-176.74801677212687
0.0,-0.25,-155.33118698976207
0.0,-0.25,-142.49655694560516
0.0,-0.25,-148.33093817685017
0.0,-0.25,-158.9918120321496
0.0,-0.25,-176.18066286050032
0.0,-0.25,-156.84104974514304
0.0,-0.25,-160.6813755986048
0.0,-0.25,-153.14959549156455
0.0,-0.25,-161.44563948289087
0.0,-0.25,-176.62851006314543
0.0,-0.25,-140.87826086755868
0.0,-0.25,-159.63522090241673
0.0,-0.25,-161.12422624512772
0.0,-0.25,-184.29999938743646
0.0,-0.25,-143.14515691578538
0.0,-0.25,-182.42851993895061
0.0,-0.25,-150.092356094467
0.0,-0.25,-145.72164102938112
0.0,-0.25,-147.2269113465092
0.0,-0.25,-154.51777316468133
0.0,-0.25,-164.3139479099827
0.0,-0.25,-163.91638912090636
0.0,-0.25,-185.31686594035557
0.0,-0.25,-154.38787731645252
0.0,-0.25,-155.4969389624486
0.0,-0.25,-189.964773501345
0.0,-0.25,-173.00349603933446
0.0,-0.25,-153.53499653272738
0.0,-0.25,-148.57315350310768
0.0,-0.25,-144.69267737288217
0.0,-0.25,-170.14832312296727
0.0,-0.25,-166.86894570196114
0.0,-0.25,-180.01402790517417
0.0,-0.25,-165.71232635033914
0.0,-0.25,-162.3262063706258
0.0,-0.25,-174.96449436903976
0.0,-0.25,-171.9555990725214
0.0,-0.25,-178.2318145914088
0.0,-0.25,-153.83908924148466
0.0,-0.25,-139.6121643791383
0.0,-0.25,-148.05366515406322
0.0,-0.25,-160.03148098980597
0.0,-0.25,-165.28000634351616
0.0,-0.25,-171.34945250151029
0.0,-0.25,-157.24488358278043
0.0,-0.25,-186.3041738894932
0.0,-0.25,-163.03975924637112
0.0,-0.25,-156.9492171360785
0.0,-0.25,-172.21591117799076
0.0,-0.25,-171.4478761408656
0.0,-0.25,-164.02691198880171
0.0,-0.25,-171.5905590354311
0.0,-0.25,-192.6090655319538
0.0,-0.25,-153.48549593809358
0.0,-0.25,-157.30372851492882
0.0,-0.25,-179.97035612567987
0.0,-0.25,-168.65880923641708
0.0,-0.25,-163.59209294804995
0.0,-0.25,-168.19981180876212
0.0,-0.25,-176.60505018683287
0.0,-0.25,-144.43510861388214
0.0,-0.25,-174.62163981599096
0.0,-0.25,-159.1051633344876
0.0,-0.25,-170.52864593067957
0.0,-0.25,-147.15765387992906
0.0,-0.25,-143.97487833118288
0.0,-0.25,-144.2891965220888
0.0,-0.25,-146.95701037967612
0.0,-0.25,-185.31069083228488
0.0,-0.25,-137.3808816820929
0.0,-0.25,-142.70527689602304
0.0,-0.25,-159.9674848398952
0.0,-0.25,-161.14168545262794
0.0,-0.25,-154.55279844368144
0.0,-0.25,-177.27182006621166
0.0,-0.25,-163.8621229636254
0.0,-0.25,-158.64272966054762
0.0,-0.25,-150.57118087656775
0.0,-0.25,-174.9938852601902
0.0,-0.25,-185.52503618060607
0.0,-0.25,-166.2386684498124
0.0,-0.25,-158.78259118234524
0.0,-0.25,-136.35124175028744
0.0,-0.25,-166.2815155692281
0.0,-0.25,-157.86870443293265
0.0,-0.25,-178.97093240593853
0.0,-0.25,-167.56389211653433
0.0,-0.25,-162.39143890859677
0.0,-0.25,-155.35170954909552
0.0,-0.25,-161.93967499455295
0.0,-0.25,-178.40667770861177
0.0,-0.25,-161.43294138742408
0.0,-0.25,-160.4417460715515
0.0,-0.25,-144.0365846965056
0.0,-0.25,-186.50596101896693
0.0,-0.25,-171.27858124441065
0.0,-0.25,-163.49620363803226
0.0,-0.25,-147.38135708441925
0.0,-0.25,-161.53577865992796
0.0,-0.25,-169.37079475470006
0.0,-0.25,-150.08907682001
0.0,-0.25,-173.0727630217716
0.0,-0.25,-153.07314042180369
0.0,-0.25,-162.15340194918312
0.0,-0.25,-162.16602139671957
0.0,-0.25,-188.3543333425567
0.0,-0.25,-163.27446661656
0.0,-0.25,-181.71290448844218
0.0,-0.25,-187.56688807998984
0.0,-0.25,-170.8369079831174
0.0,-0.25,-155.5344195043203
0.0,-0.25,-153.9721691316755
0.0,-0.25,-133.55044828415762
0.0,-0.25,-165.55115359852226
0.0,-0.25,-166.66198412167125
0.0,-0.25,-150.35445015933055
0.0,-0.25,-175.9639487244954
0.0,-0.25,-177.1481846086212
0.0,-0.25,-159.42894253025764
0.0,-0.25,-178.75773618842908
0.0,-0.25,-178.98950574151831
0.0,-0.25,-174.32024756197438
0.0,-0.25,-183.03276513210818
0.0,-0.25,-155.32194728081848
0.0,-0.25,-166.6808272913268
0.0,-0.25,-138.15938872519743
0.0,-0.25,-141.52353638339048
0.0,-0.25,-192.11274148476411
0.0,-0.25,-161.55487055004826
0.0,-0.25,-153.44923849187944
0.0,-0.25,-151.0031153163069
0.0,-0.25,-178.49048121173092
0.0,-0.25,-182.21796062304358
0.0,-0.25,-151.92969039491277
0.0,-0.25,-158.9212082985516
0.0,-0.25,-127.13996043000965
0.0,-0.25,-135.8407833998806
0.0,-0.25,-161.72675858198107
0.0,-0.25,-174.99382176782916
0.0,-0.25,-172.16929057359275
0.0,-0.25,-189.91165083234338
0.0,-0.25,-168.17568077066875
0.0,-0.25,-153.8433199610778
0.0,-0.25,-161.26696645082387
0.0,-0.25,-173.88534206378944
0.0,-0.25,-178.16563084283112
0.0,-0.25,-197.71890106738653
0.0,-0.25,-181.65252888152995
0.0,-0.25,-159.74152555432408
0.0,-0.25,-137.76576871164104
0.0,-0.25,-146.32146988441087
0.0,-0.25,-173.09954116026142
0.0,-0.25,-181.8644963293504
0.0,-0.25,-182.5448976256869
0.0,-0.25,-162.25233157684517
0.0,-0.25,-155.59619814432193
0.0,-0.25,-179.88085473290977
0.0,-0.25,-156.6580062756759
0.0,-0.25,-175.23412023578734
0.0,-0.25,-163.7925641698413
0.0,-0.25,-174.93220401635637
0.0,-0.25,-179.86389413893994
0.0,-0.25,-178.06932404929628
0.0,-0.25,-168.78133875478238
0.0,-0.25,-147.09878522404583
0.0,-0.25,-149.80279127525856
0.0,-0.25,-149.294251410415
0.0,-0.25,-153.2455951684134
0.0,-0.25,-135.93881489640796
0.0,-0.25,-158.16763835186407
0.0,-0.25,-198.52616366836497
0.0,-0.25,-169.87600382295955
0.0,-0.25,-168.22937963698078
0.0,-0.25,-171.9044756532338
0.0,-0.25,-143.18648554318906
0.0,-0.25,-151.84367138917037
0.0,-0.25,-154.5763927839716
0.0,-0.25,-161.62861064705328
0.0,-0.25,-165.00310322138105
0.0,-0.25,-168.70789468455814
0.0,-0.25,-165.41759481761827
0.0,-0.25,-179.63596938837438
0.0,-0.25,-171.95965879441428
0.0,-0.25,-137.8495787870837
0.0,-0.25,-157.74233046084055
0.0,-0.25,-135.50518094555596
0.0,-0.25,-144.04580281454605
0.0,-0.25,-164.7875924408066
0.0,-0.25,-161.6361864068277
0.0,-0.25,-169.58294298542484
0.0,-0.25,-157.1971583281411
0.0,-0.25,-129.2246203980356
0.0,-0.25,-148.67230610967135
0.0,-0.25,-150.81419979700743
0.0,-0.25,-170.79843356565965
0.0,-0.25,-147.3895307169301
0.0,-0.25,-170.05689931210537
0.0,-0.25,-164.15657586814223
0.0,-0.25,-155.6784856073806
0.0,-0.25,-154.56024008018193
0.0,-0.25,-161.05655556655842
0.0,-0.25,-138.72463041032734
0.0,-0.25,-176.9743253425661
0.0,-0.25,-158.1536747989845
0.0,-0.25,-167.3243260997838
0.0,-0.25,-137.08512106319367
0.0,-0.25,-174.41537061001478
0.0,-0.25,-153.75665972205033
0.0,-0.25,-171.99581734246297
0.0,-0.25,-142.83317070203947
0.0,-0.25,-191.85076131504186
0.0,-0.25,-153.66997293119542
0.0,-0.25,-169.2316884965685
0.0,-0.25,-175.66141956016676
0.0,-0.25,-172.723355723258
0.0,-0.25,-177.12379106409853
0.0,-0.25,-176.9859132118236
0.0,-0.25,-133.29381284565895
0.0,-0.25,-180.5560009768761
0.0,-0.25,-153.75946446986185
0.0,-0.25,-174.61352525950147
0.0,-0.25,-168.16302499122133
0.0,-0.25,-174.37931294748003
0.0,-0.25,-153.23321524262937
0.0,-0.25,-155.1732330617743
0.0,-0.25,-142.6613815384918
0.0,-0.25,-143.47188596570777
0.0,-0.25,-158.88398882652905
0.0,-0.25,-169.8093593662432
0.0,-0.25,-176.3440054248486
0.0,-0.25,-185.44428973317684
0.0,-0.25,-138.42921759844032
0.0,-0.25,-139.49074862666012
0.0,-0.25,-172.85767121172523
0.0,-0.25,-188.1722155170221
0.0,-0.25,-169.36978455084775
0.0,-0.25,-153.67574982386435
0.0,-0.25,-134.20390740683143
0.0,-0.25,-156.1906185490257
0.0,-0.25,-151.5204737811809
0.0,-0.25,-154.3878994243755
0.0,-0.25,-158.4941903512262
0.0,-0.25,-166.52151451013773
0.0,-0.25,-146.00824976487752
0.0,-0.25,-163.84389795608286
0.0,-0.25,-179.04275215410493
0.0,-0.25,-150.47998934683815
0.0,-0.25,-137.0082099900119
0.0,-0.25,-179.40270674439742
0.0,-0.25,-192.7920173911914
0.0,-0.25,-167.2717411052443
0.0,-0.25,-182.03307332570068
0.0,-0.25,-179.16469224589443
0.0,-0.25,-156.3298495881897
0.0,-0.25,-185.88155314542448
0.0,-0.25,-135.32759114588237
0.0,-0.25,-175.8257241920447
0.0,-0.25,-140.68811605985314
0.0,-0.25,-174.45843821180083
0.0,-0.25,-144.54659796648912
0.0,-0.25,-160.2943831513029
0.0,-0.25,-194.86556888829742
0.0,-0.25,-165.97893634246225
0.0,-0.25,-157.88224456148794
0.0,-0.25,-174.55959792636355
0.0,-0.25,-166.49549397946487
0.0,-0.25,-157.8756048454836
0.0,-0.25,-179.57969757070495
0.0,-0.25,-153.71389424425874
0.0,-0.25,-153.8476054610294
0.0,-0.25,-156.59610972544607
0.0,-0.25,-152.09309887352944
0.0,-0.25,-142.64315225353013
0.0,-0.25,-171.06440295587973
0.0,-0.25,-139.21426569399867
0.0,-0.25,-187.97084162549945
0.0,-0.25,-154.6538109059295
0.0,-0.25,-170.752683137562
0.0,-0.25,-183.83684010530013
0.0,-0.25,-156.46667805570686
0.0,-0.25,-161.2244618629358
0.0,-0.25,-130.97144663966552
0.0,-0.25,-181.68237288767784
0.0,-0.25,-142.7731234326432
0.0,-0.25,-194.16697986016356
0.0,-0.25,-190.7326352833905
0.0,-0.25,-140.4114477066578
0.0,-0.25,-157.8031130037857
0.0,-0.25,-159.10491689778613
0.0,-0.25,-198.77438295554276
0.0,-0.25,-135.0711191237337
0.0,-0.25,-168.46269621694643
0.0,-0.25,-162.70329019018155
0.0,-0.25,-174.682683675893
0.0,-0.25,-166.99141920651854
0.0,-0.25,-162.0917724536981
0.0,-0.25,-138.98323807084634
0.0,-0.25,-171.71783234770118
0.0,-0.25,-183.78627731611294
0.0,-0.25,-173.37130275302005
0.0,-0.25,-160.64150039413246
0.0,-0.25,-173.06363076424472
0.0,-0.25,-137.82316257104102
0.0,-0.25,-183.4989290959557
0.0,-0.25,-171.44983075090911
0.0,-0.25,-161.65419700884624
0.0,-0.25,-182.05255654674414
0.0,-0.25,-163.4893637164794
0.0,-0.25,-196.2311222789633
0.0,-0.25,-157.6457838246941
0.0,-0.25,-177.43224945881843
0.0,-0.25,-178.28423036577362
0.0,-0.25,-166.81153407452356
0.0,-0.25,-190.53038516035838
0.0,-0.25,-176.17070622093217
0.0,-0.25,-143.7415095531413
0.0,-0.25,-160.75405311603356
0.0,-0.25,-152.75709723162643
0.0,-0.25,-159.76624745176343
0.0,-0.25,-141.4165317963082
0.0,-0.25,-141.50026177246977
0.0,-0.25,-135.647773708281
0.0,-0.25,-155.25696725835923
0.0,-0.25,-161.12172568973673
0.0,-0.25,-134.26607804285027
0.0,-0.25,-157.0606595946592
0.0,-0.25,-173.303638852374
0.0,-0.25,-182.91386939965088
0.0,-0.25,-150.10304432465097
0.0,-0.25,-167.93194706844415
0.0,-0.25,-158.15648129411917
0.0,-0.25,-151.1917214782671
0.0,-0.25,-157.83049320129783
0.0,-0.25,-175.85570898559277
0.0,-0.25,-181.36243372804802
0.0,-0.25,-181.89923493433162
0.0,-0.25,-158.27117625021154
0.0,-0.25,-135.02906683916336
0.0,-0.25,-135.3373860758089
0.0,-0.25,-184.02271872023488
0.0,-0.25,-162.39902516546405
0.0,-0.25,-136.3069343129887
0.0,-0.25,-180.53196945550425
0.0,-0.25,-177.86249571696678
0.0,-0.25,-180.52944978116162
0.0,-0.25,-164.29900762298925
0.0,-0.25,-143.9106755112644
0.0,-0.25,-146.99409564097328
0.0,-0.25,-147.1397621449484
0.0,-0.25,-182.5426173474411
0.0,-0.25,-127.92886407857863
0.0,-0.25,-140.35842466094968
0.0,-0.25,-156.4854636853422
0.0,-0.25,-127.62604264069641
0.0,-0.25,-150.5721860599716
0.0,-0.25,-174.6172888684726
0.0,-0.25,-159.93420025465463
0.0,-0.25,-167.42720516964692
0.0,-0.25,-180.09400407815306
0.0,-0.25,-151.42935957748693
0.0,-0.25,-178.51365150062747
0.0,-0.25,-152.95295216297117
0.0,-0.25,-140.7575211499874
0.0,-0.25,-140.03745608338042
0.0,-0.25,-165.63151475676892
0.0,-0.25,-156.35358706484107
0.0,-0.25,-178.20413142607254
0.0,-0.25,-161.5537506055977
0.0,-0.25,-161.5005130227546
0.0,-0.25,-152.22241905450906
0.0,-0.25,-143.02443754776857
0.0,-0.25,-150.27339774941748
0.0,-0.25,-178.01164750386448
0.0,-0.25,-164.54031286445957
0.0,-0.25,-164.33177716025116
0.0,-0.25,-191.80798522777047
0.0,-0.25,-173.24518927347347
0.0,-0.25,-163.92522733399943
0.0,-0.25,-172.19222252162257
0.0,-0.25,-165.3028471991154
0.0,-0.25,-161.61305799006504
0.0,-0.25,-142.65374885855627
0.0,-0.25,-191.4414518711844
0.0,-0.25,-157.05765804844847
0.0,-0.25,-137.52022338567886
0.0,-0.25,-139.0640747713911
0.0,-0.25,-177.68163474345255
0.0,-0.25,-166.48138268771243
0.0,-0.25,-170.32991028572016
0.0,-0.25,-167.9401015388202
0.0,-0.25,-147.7683527685917
0.0,-0.25,-167.35516597709113
0.0,-0.25,-173.21605630277958
0.0,-0.25,-184.2799550464498
0.0,-0.25,-177.6216229526882
0.0,-0.25,-164.8701064535071
0.0,-0.25,-191.5325166429758
0.0,-0.25,-167.874510739267
0.0,-0.25,-171.4899108021953
0.0,-0.25,-170.4283746585511
0.0,-0.25,-166.07868439505083
0.0,-0.25,-150.64481724785213
0.0,-0.25,-191.53065600560575
0.0,-0.25,-147.73180113894807
0.0,-0.25,-171.9877492125962
0.0,-0.25,-173.98244877317035
0.0,-0.25,-149.4447979007976
0.0,-0.25,-176.4885610529567
0.0,-0.25,-145.76898944893009
0.0,-0.25,-157.68351001519818
0.0,-0.25,-141.23055014819275
0.0,-0.25,-165.85078177340054
0.0,-0.25,-155.55356944155136
0.0,-0.25,-151.14502781146234
0.0,-0.25,-142.98587550527841
0.0,-0.25,-136.67687052735664
0.0,-0.25,-178.8161210770119
0.0,-0.25,-177.73457780094253
0.0,-0.25,-162.951532833408
0.0,-0.25,-145.584363486523
0.0,-0.25,-151.53921962608104
0.0,-0.25,-183.22785981146222
0.0,-0.25,-175.27865120271272
0.0,-0.25,-166.25692196335905
0.0,-0.25,-151.47382879496826
0.0,-0.25,-172.3914353703462
0.0,-0.25,-170.3073337768478
0.0,-0.25,-134.78975335734677
0.0,-0.25,-177.5555693791851
0.0,-0.25,-177.58248739307228
0.0,-0.25,-151.03872919864142
0.0,-0.25,-170.992635615563
0.0,-0.25,-181.65017443116182
0.0,-0.25,-149.9128965261829
0.0,-0.25,-190.6620894082747
0.0,-0.25,-160.15270138426635
0.0,-0.25,-141.9608848828855
0.0,-0.25,-155.5812960235518
0.0,-0.25,-175.0766056489961
0.0,-0.25,-145.45483371155916
0.0,-0.25,-159.70789769871166
0.0,-0.25,-150.27130952677322
0.0,-0.25,-161.53650527581803
0.0,-0.25,-144.75158696977272
0.0,-0.25,-181.41465191613312
0.0,-0.25,-154.26791026865345
0.0,-0.25,-194.23965773626338
0.0,-0.25,-160.02059566552637
0.0,-0.25,-143.72461603599933
0.0,-0.25,-193.32290072846564
0.0,-0.25,-174.93459045693842
0.0,-0.25,-145.80431514941912
0.0,-0.25,-183.24060678607856
0.0,-0.25,-130.2978029196152
0.0,-0.25,-156.6941198935451
0.0,-0.25,-190.4592486478116
0.0,-0.25,-187.22461760919262
0.0,-0.25,-184.82766758230966
0.0,-0.25,-183.70678161926355
0.0,-0.25,-138.70046166346603
0.0,-0.25,-133.28283007641147
0.0,-0.25,-168.13567249223507
0.0,-0.25,-168.26163266843724
0.0,-0.25,-170.72663801845295
0.0,-0.25,-128.067231980278
0.0,-0.25,-168.7052320966764
0.0,-0.25,-132.1379935004396
0.0,-0.25,-156.71288162529666
0.0,-0.25,-171.01871192863516
0.0,-0.25,-147.7390969299208
0.0,-0.25,-152.12811392660532
0.0,-0.25,-150.50472413983684
0.0,-0.25,-160.30556880507942
0.0,-0.25,-157.35388991170828
0.0,-0.25,-151.75789558139087
0.0,-0.25,-161.99256051701136
0.0,-0.25,-150.798338609356
0.0,-0.25,-191.13970147298636
0.0,-0.25,-148.49733069326427
0.0,-0.25,-135.9803370873509
0.0,-0.25,-181.8827437519086
0.0,-0.25,-155.42229952433112
0.0,-0.25,-165.64369512860105
0.0,-0.25,-165.44554437566455
0.0,-0.25,-165.40988873533212
0.0,-0.25,-157.4629257976073
0.0,-0.25,-141.05500613800507
0.0,-0.25,-179.667984698762
0.0,-0.25,-191.84866972376662
0.0,-0.25,-175.23632264125268
0.0,-0.25,-180.44854206569786
0.0,-0.25,-183.77026227452706
0.0,-0.25,-164.65549026064593
0.0,-0.25,-158.6388848260056
0.0,-0.25,-173.7893620420728
0.0,-0.25,-170.97632886898313
0.0,-0.25,-167.77540942847907
0.0,-0.25,-150.24680161698527
0.0,-0.25,-149.29757928618275
0.0,-0.25,-160.28973332712062
0.0,-0.25,-165.99667173370435
0.0,-0.25,-158.97628934493883
0.0,-0.25,-188.26176935120327
0.0,-0.25,-165.2920672498177
0.0,-0.25,-167.44411092498459
0.0,-0.25,-172.24844758104976
0.0,-0.25,-160.13621892342377
0.0,-0.25,-160.88860232158103
0.0,-0.25,-181.88721019503805
0.0,-0.25,-170.49374771509136
0.0,-0.25,-156.52367908511516
0.0,-0.25,-148.79693251543117
0.0,-0.25,-153.0313524225433
0.0,-0.25,-147.51295983946653
0.0,-0.25,-147.4696278307656
0.0,-0.25,-189.95093700341994
0.0,-0.25,-177.37064160850926
0.0,-0.25,-173.07990375738723
0.0,-0.25,-176.16616566649444
0.0,-0.25,-181.60103332907553
0.0,-0.25,-168.75293897644383
0.0,-0.25,-150.63938803830132
0.0,-0.25,-161.34752447703667
0.0,-0.25,-157.48012812601488
0.0,-0.25,-154.5417513719062
0.0,-0.25,-135.20874269122749
0.0,-0.25,-172.78269613161822
0.0,-0.25,-172.44376731462043
0.0,-0.25,-176.20673658916064
0.0,-0.25,-151.49001833314742
0.0,-0.25,-174.9750673075869
0.0,-0.25,-167.20994559348253
0.0,-0.25,-154.31297851726896
0.0,-0.25,-187.17064553149888
0.0,-0.25,-150.28819370168338
0.0,-0.25,-160.50244547613505
0.0,-0.25,-192.10887792861553
0.0,-0.25,-140.56951551907733
0.0,-0.25,-139.82727574307725
0.0,-0.25,-152.8083628984214
0.0,-0.25,-156.30592775868317
0.0,-0.25,-130.47946782865094
0.0,-0.25,-154.9833015277329
0.0,-0.25,-189.07706149016022
0.0,-0.25,-182.76893057197464
0.0,-0.25,-179.1966903411678
0.0,-0.25,-176.81143457223672
0.0,-0.25,-169.6313996092392
0.0,-0.25,-195.660985096214
0.0,-0.25,-149.7010293250822
0.0,-0.25,-158.25334016307553
0.0,-0.25,-158.1719299352824
0.0,-0.25,-188.90850967763873
0.0,-0.25,-165.44144886582816
0.0,-0.25,-187.66557736294328
0.0,-0.25,-156.61114135234453
0.0,-0.25,-129.83902038007892
0.0,-0.25,-164.62966833410715
0.0,-0.25,-159.69640245019718
0.0,-0.25,-177.51408222051364
0.0,-0.25,-162.1888406397949
0.0,-0.25,-187.57689295692788
0.0,-0.25,-167.59098640044456
0.0,-0.25,-197.1154373761396
0.0,-0.25,-193.10378668468329
0.0,-0.25,-187.3037185272687
0.0,-0.25,-171.2798471981984
0.0,-0.25,-155.50579376044868
0.0,-0.25,-165.98687694008564
0.0,-0.25,-149.92496971721465
0.0,-0.25,-161.46359086469593
0.0,-0.25,-180.0284705331682
0.0,-0.25,-192.82714435680163
0.0,-0.25,-163.8145704307019
0.0,-0.25,-184.47414411340708
0.0,-0.25,-170.65209508490196
0.0,-0.25,-177.677837298536
0.0,-0.25,-157.99891757134966
0.0,-0.25,-161.5771959844973
0.0,-0.25,-158.4466702918511
0.0,-0.25,-169.45084297778104
0.0,-0.25,-185.6502618616128
0.0,-0.25,-161.80127901289197
0.0,-0.25,-150.96506154045224
0.0,-0.25,-199.84983760951374
0.0,-0.25,-152.01264467508747
0.0,-0.25,-148.265685299655
0.0,-0.25,-140.1956973725224
0.0,-0.25,-133.9626887939945
0.0,-0.25,-176.79310717173587
0.0,-0.25,-193.78571090949768
0.0,-0.25,-178.3816003429364
0.0,-0.25,-158.047769408351
0.0,-0.25,-190.78123690113256
0.0,-0.25,-180.69587598211524
0.0,-0.25,-177.7292166454355
0.0,-0.25,-190.02959025410834
0.0,-0.25,-181.21545994708214
0.0,-0.25,-135.59374735615947
0.0,-0.25,-156.14294461149072
0.0,-0.25,-141.16689171342912
0.0,-0.25,-156.9628099711921
0.0,-0.25,-185.77667071316378
0.0,-0.25,-153.44050164910155
0.0,-0.25,-156.0213397970974
0.0,-0.25,-158.202792463884
0.0,-0.25,-189.41861295112787
0.0,-0.25,-181.71333971434282
0.0,-0.25,-161.7371997196217
0.0,-0.25,-182.1288775324367
0.0,-0.25,-161.72026244818747
0.0,-0.25,-170.28569439407383
0.0,-0.25,-165.49523185328675
0.0,-0.25,-157.93996059699649
0.0,-0.25,-142.26197168873495
0.0,-0.25,-170.57135631272945
0.0,-0.25,-167.46771718081558
0.0,-0.25,-150.37352443243807
0.0,-0.25,-173.61596402460407
0.0,-0.25,-178.7040799375482
0.0,-0.25,-146.86166285191345
0.0,-0.25,-148.34735540049908
0.0,-0.25,-159.76823080288273
0.0,-0.25,-144.33701285172
0.0,-0.25,-159.54209187314126
0.0,-0.25,-169.90339728188314
0.0,-0.25,-155.71584920584027
0.0,-0.25,-194.12967875522634
0.0,-0.25,-132.49537965409826
0.0,-0.25,-162.36609203435202
0.0,-0.25,-141.59486655522892
0.0,-0.25,-170.1025436058046
0.0,-0.25,-176.09390948735498
0.0,-0.25,-188.1177068148909
0.0,-0.25,-158.17257783663652
0.0,-0.25,-146.41109199121252
0.0,-0.25,-189.13583535453392
0.0,-0.25,-159.81026004011335
0.0,-0.25,-165.79738703539758
0.0,-0.25,-176.26377106584687
0.0,-0.25,-184.40574700699338
0.0,-0.25,-167.53833639701008
0.0,-0.25,-133.7226945493602
0.0,-0.25,-138.6631651202926
0.0,-0.25,-158.09146528891253
0.0,-0.25,-175.36464359700628
0.0,-0.25,-183.2838680627437
0.0,-0.25,-181.6705518050528
0.0,-0.25,-151.8158623038882
0.0,-0.25,-178.7726085415877
0.0,-0.25,-167.95045548232721
0.0,-0.25,-196.6250270192576
0.0,-0.25,-165.3875549727576
0.0,-0.25,-173.73159788516716
0.0,-0.25,-163.61935360216572
0.0,-0.25,-163.41892351743098
0.0,-0.25,-161.1418176075659
0.0,-0.25,-148.42115859628123
0.0,-0.25,-172.40434274590936
0.0,-0.25,-173.51828612263898
0.0,-0.25,-178.3747369468197
0.0,-0.25,-188.7081890871659
0.0,-0.25,-160.37758305395454
0.0,-0.25,-131.6568252042469
0.0,-0.25,-164.33605172226945
0.0,-0.25,-169.1673381943531
0.0,-0.25,-170.09560878204127
0.0,-0.25,-164.3679918387159
0.0,-0.25,-165.98121302726918
0.0,-0.25,-160.64766047541622
0.0,-0.25,-153.94571394330796
0.0,-0.25,-171.920432452021
0.0,-0.25,-131.07879784660184
0.0,-0.25,-162.38360924683516
0.0,-0.25,-188.29057380557904
0.0,-0.25,-170.3482262873422
0.0,-0.25,-141.6787193927248
0.0,-0.25,-166.90785068320267
0.0,-0.25,-187.7861443266765
0.0,-0.25,-155.26480663508696
0.0,-0.25,-178.45742872474437
0.0,-0.25,-183.94089933272286
0.0,-0.25,-159.46805753672731
0.0,-0.25,-143.07913708731544
0.0,-0.25,-179.503355022015
0.0,-0.25,-185.7196945077437
0.0,-0.25,-190.05689939147757
0.0,-0.25,-157.45111987594623
0.0,-0.25,-153.23133343259647
0.0,-0.25,-181.90643617958773
0.0,-0.25,-168.8894106936011
0.0,-0.25,-181.2983775548674
0.0,-0.25,-157.03898301686544
0.0,-0.25,-161.49624283923862
0.0,-0.25,-177.92240249932274
0.0,-0.25,-171.16788110804265
0.0,-0.25,-158.3987553794633
0.0,-0.25,-183.7529804577199
0.0,-0.25,-136.78660348499446
0.0,-0.25,-163.3402070921062
0.0,-0.25,-149.79033297779404
0.0,-0.25,-163.0739160277783
0.0,-0.25,-178.69056152004785
0.0,-0.25,-186.11892452204305
0.0,-0.25,-164.92664402486795
0.0,-0.25,-184.92835047091395
0.0,-0.25,-129.87193066602987
0.0,-0.25,-182.63657063382968
0.0,-0.25,-160.04474060957327
0.0,-0.25,-169.57227372339185
0.0,-0.25,-176.12936574872896
0.0,-0.25,-154.1283462330249
0.0,-0.25,-170.23259280668606
0.0,-0.25,-136.53100752888378
0.0,-0.25,-170.73072592493065
0.0,-0.25,-166.12739299365236
0.0,-0.25,-173.93409769672917
0.0,-0.25,-158.40931541227135
0.0,-0.25,-156.91063530330348
0.0,-0.25,-163.61115938808584
0.0,-0.25,-194.85136293747405
0.0,-0.25,-167.94659073565887
0.0,-0.25,-160.12632409397253
0.0,-0.25,-130.84051330241118
0.0,-0.25,-134.61365861773453
0.0,-0.25,-131.75389668200035
0.0,-0.25,-173.56026720041797
0.0,-0.25,-131.73180333147724
0.0,-0.25,-148.13786511007203
0.0,-0.25,-159.49206002575005
0.0,-0.25,-184.32115629603183
0.0,-0.25,-162.2894280777836
0.0,-0.25,-171.4063900700651
0.0,-0.25,-171.02993627187462
0.0,-0.25,-188.50512144490534
0.0,-0.25,-170.2982129874792
0.0,-0.25,-180.35031429157414
0.0,-0.25,-158.69321041837992
0.0,-0.25,-132.9120066814217
0.0,-0.25,-162.1823669886664
0.0,-0.25,-158.41943364848572
0.0,-0.25,-161.83130474380008
0.0,-0.25,-164.7062191513382
0.0,-0.25,-135.8546838020601
0.0,-0.25,-141.0595462412349
0.0,-0.25,-194.64835625492574
0.0,-0.25,-169.4746574400191
0.0,-0.25,-144.25281159505008
0.0,-0.25,-178.30183268763867
0.0,-0.25,-179.0598298422888
0.0,-0.25,-168.52477599779215
0.0,-0.25,-154.68151981990678
0.0,-0.25,-184.59167652537084
0.0,-0.25,-149.5604470660472
0.0,-0.25,-164.102565815515
0.0,-0.25,-164.1921210632766
0.0,-0.25,-152.6254281317949
0.0,-0.25,-163.70469139489265
0.0,-0.25,-153.4831639183364
0.0,-0.25,-169.1589549603546
0.0,-0.25,-170.91979359953987
0.0,-0.25,-129.2801183123112
0.0,-0.25,-188.85509485907673
0.0,-0.25,-132.80427306540264
0.0,-0.25,-135.71005856239935
0.0,-0.25,-135.4612136893952
0.0,-0.25,-171.13100367087898
0.0,-0.25,-162.89144547174843
0.0,-0.25,-174.97094405925316
0.0,-0.25,-161.40696119265127
0.0,-0.25,-166.09347995704593
0.0,-0.25,-137.58099598224305
0.0,-0.25,-146.05426323623672
0.0,-0.25,-152.1965759850146
0.0,-0.25,-120.12065669778077
0.0,-0.25,-171.38438828237048
0.0,-0.25,-155.71196803511359
0.0,-0.25,-197.37563672958854
0.0,-0.25,-133.97557665851878
0.0,-0.25,-195.50053754782266
0.0,-0.25,-174.20968469852895
0.0,-0.25,-170.82180295303306
0.0,-0.25,-155.04039306572122
0.0,-0.25,-179.16164498731536
0.0,-0.25,-154.53400868915062
0.0,-0.25,-133.44536783904368
0.0,-0.25,-179.49690780089097
0.0,-0.25,-144.2748983860551
0.0,-0.25,-169.3648722948977
0.0,-0.25,-136.43484449008338
0.0,-0.25,-164.41430149761885
0.0,-0.25,-175.10576128906746
0.0,-0.25,-140.0842487416533
0.0,-0.25,-146.97122797706874
0.0,-0.25,-194.44079654707843
0.0,-0.25,-151.16817647383564
0.0,-0.25,-168.42746547074276
0.0,-0.25,-130.74464523095685
0.0,-0.25,-174.18064647393348
0.0,-0.25,-151.36386798381588
0.0,-0.25,-144.73171322587817
0.0,-0.25,-169.86591058080018
0.0,-0.25,-161.50174505915024
0.0,-0.25,-142.98220530236665
0.0,-0.25,-153.9938781365181
0.0,-0.25,-164.73777739578648
0.0,-0.25,-152.0052404469421
0.0,-0.25,-178.63065539917278
0.0,-0.25,-156.14022499921103
0.0,-0.25,-174.37330147914165
0.0,-0.25,-169.02091152663633
0.0,-0.25,-158.04269262481048
0.0,-0.25,-190.99764920934183
0.0,-0.25,-194.99837686112986
0.0,-0.25,-160.21949506263354
0.0,-0.25,-163.74488102971105
0.0,-0.25,-171.1991696431586
0.0,-0.25,-190.53056971923937
0.0,-0.25,-145.58413777220494
0.0,-0.25,-181.7544141637969
0.0,-0.25,-154.96498258992457
0.0,-0.25,-138.61383145994583
0.0,-0.25,-182.7721002011339
0.0,-0.25,-166.33946459309493
0.0,-0.25,-167.01477438250626
0.0,-0.25,-157.56762954748228
0.0,-0.25,-165.02893838084012
0.0,-0.25,-162.86894794535903
0.0,-0.25,-149.10578306074206
0.0,-0.25,-169.67589633381166
0.0,-0.25,-134.761135167119
0.0,-0.25,-176.11756428893753
0.0,-0.25,-156.63709508012533
0.0,-0.25,-150.2421808225303
0.0,-0.25,-155.5155880882971
0.0,-0.25,-143.86540324945145
0.0,-0.25,-178.98875660110372
0.0,-0.25,-132.6594113151878
0.0,-0.25,-176.5523141146606
0.0,-0.25,-156.95143532358176
0.0,-0.25,-144.36057442595055
0.0,-0.25,-145.7774621590736
0.0,-0.25,-173.3149580995393
0.0,-0.25,-179.1299452446753
0.0,-0.25,-176.7660550447751
0.0,-0.25,-140.50819029560526
0.0,-0.25,-142.3549708791543
0.0,-0.25,-145.15162256600755
0.0,-0.25,-169.04800550081708
0.0,-0.25,-145.58010354938023
0.0,-0.25,-169.46818648263766
0.0,-0.25,-149.87176045867818
0.0,-0.25,-158.4343275922443
0.0,-0.25,-167.97442393736705
0.0,-0.25,-169.48174448498395
0.0,-0.25,-191.42241221271996
0.0,-0.25,-154.72809319593892
0.0,-0.25,-170.57746494711722
0.0,-0.25,-143.00463768861587
0.0,-0.25,-182.38335912133732
0.0,-0.25,-177.67715461815814
0.0,-0.25,-141.996250815147
0.0,-0.25,-151.46509590101596
0.0,-0.25,-137.77480823260092
0.0,-0.25,-141.2285058141813
0.0,-0.25,-148.23381251006643
0.0,-0.25,-176.81595909105826
0.0,-0.25,-192.24119464126818
0.0,-0.25,-129.21356833658825
0.0,-0.25,-149.2303505322835
0.0,-0.25,-181.04805886076568
0.0,-0.25,-186.4262008914881
0.0,-0.25,-166.89066890642295
0.0,-0.25,-161.67021100644325
0.0,-0.25,-199.04139935429882
0.0,-0.25,-155.30005142829816
0.0,-0.25,-162.9718126162717
0.0,-0.25,-168.47449701753823
0.0,-0.25,-166.37337254958075
0.0,-0.25,-158.73762838034452
0.0,-0.25,-147.856816356234
0.0,-0.25,-166.93854116300585
0.0,-0.25,-160.24917770499192
0.0,-0.25,-139.8403526714499
0.0,-0.25,-141.78455734032053
0.0,-0.25,-173.34411327364836
0.0,-0.25,-148.39892757175676
0.0,-0.25,-169.25074190753992
0.0,-0.25,-137.09741221381643
0.0,-0.25,-172.01307800216097
0.0,-0.25,-155.21077209466148
0.0,-0.25,-174.71298351448573
0.0,-0.25,-153.58498068252308
0.0,-0.25,-163.84647218889597
0.0,-0.25,-168.09467293665992
0.0,-0.25,-178.78090597332093
0.0,-0.25,-156.62659739016803
0.0,-0.25,-167.9161434284197
0.0,-0.25,-148.66589776868094
0.0,-0.25,-127.57937643233261
0.0,-0.25,-146.23505967557668
0.0,-0.25,-161.2173001706518
0.0,-0.25,-194.88919826007955
0.0,-0.25,-141.9483676920583
0.0,-0.25,-178.99481010683024
0.0,-0.25,-181.21080884609066
0.0,-0.25,-181.29160755882944
0.0,-0.25,-186.62570700360703
0.0,-0.25,-172.47489211243243
0.0,-0.25,-156.51910946614817
0.0,-0.25,-171.3351989544877
0.0,-0.25,-165.0055494598653
0.0,-0.25,-173.05402106832037
0.0,-0.25,-183.46299281249793
0.0,-0.25,-153.90535981632326
0.0,-0.25,-159.0538441332582
0.0,-0.25,-146.93293589911664
0.0,-0.25,-134.72837885848932
0.0,-0.25,-135.1292341444601
0.0,-0.25,-138.7563907046764
0.0,-0.25,-165.27215329120355
0.0,-0.25,-163.1143505494367
0.0,-0.25,-143.38339215190157
0.0,-0.25,-176.38188727860194
0.0,-0.25,-161.07290158209835
0.0,-0.25,-187.2746471050925
0.0,-0.25,-166.29038143738958
0.0,-0.25,-185.4625142812881
0.0,-0.25,-181.87466547948787
0.0,-0.25,-167.40502534493544
0.0,-0.25,-178.71670845086993
0.0,-0.25,-150.03105883716555
0.0,-0.25,-192.6432702835352
0.0,-0.25,-174.98732485255152
0.0,-0.25,-166.41687562437028
0.0,-0.25,-160.73759341036057
0.0,-0.25,-150.91054606767963
0.0,-0.25,-141.82212717383854
0.0,-0.25,-149.57777148043832
0.0,-0.25,-156.53042707470425
0.0,-0.25,-136.74119095654189
0.0,-0.25,-177.3343044886932
0.0,-0.25,-140.36106663736538
0.0,-0.25,-155.20876192708752
0.0,-0.25,-165.34701816126758
0.0,-0.25,-166.9687939844834
0.0,-0.25,-156.44654114575104
0.0,-0.25,-160.17725999939725
0.0,-0.25,-177.6875351349135
0.0,-0.25,-190.95797445442267
0.0,-0.25,-172.30179348583098
0.0,-0.25,-186.10096265938503
0.0,-0.25,-180.51669475834552
0.0,-0.25,-146.1049287487425
0.0,-0.25,-186.54573534861996
0.0,-0.25,-133.43865047311814
0.0,-0.25,-167.52868617652715
0.0,-0.25,-187.64133556455704
0.0,-0.25,-157.20271071769227
0.0,-0.25,-182.23945990272503
0.0,-0.25,-178.126414680758
0.0,-0.25,-135.7831244560127
0.0,-0.25,-184.54692742907997
0.0,-0.25,-138.71080262844663
0.0,-0.25,-156.9062218480426
0.0,-0.25,-154.23188881172172
0.0,-0.25,-156.92451363560775
0.0,-0.25,-139.6139494569724
0.0,-0.25,-197.55299264023816
0.0,-0.25,-176.27144894535064
0.0,-0.25,-145.59791297849583
0.0,-0.25,-137.14241808259462
0.0,-0.25,-143.57037164904656
0.0,-0.25,-182.49419645531114
0.0,-0.25,-167.27757162862315
0.0,-0.25,-148.1929222566731
0.0,-0.25,-158.17596681382534
0.0,-0.25,-164.20448637255055
0.0,-0.25,-154.85768123578967
0.0,-0.25,-183.30841327961852
0.0,-0.25,-154.63952634323292
0.0,-0.25,-180.05322455336955
0.0,-0.25,-156.17609304136215
0.0,-0.25,-179.96160695753832
0.0,-0.25,-190.2586591658941
0.0,-0.25,-150.46826009156516
0.0,-0.25,-177.5387638898617
0.0,-0.25,-156.5567391805363
0.0,-0.25,-192.6019081056912
0.0,-0.25,-155.49340935548386
0.0,-0.25,-135.97731675545484
0.0,-0.25,-154.30112567603047
0.0,-0.25,-157.06191785588732
0.0,-0.25,-176.8105105801592
0.0,-0.25,-141.68421359293694
0.0,-0.25,-185.15682869749733
0.0,-0.25,-175.0982809053899
0.0,-0.25,-160.40695949718443
0.0,-0.25,-145.90228496469115
0.0,-0.25,-152.66960364309926
0.0,-0.25,-147.995492432286
0.0,-0.25,-152.6750974459945
0.0,-0.25,-160.72386826728962
0.0,-0.25,-183.995865913188
0.0,-0.25,-149.68065121310713
0.0,-0.25,-151.50509165569548
0.0,-0.25,-141.60119607931614
0.0,-0.25,-153.63479383169076
0.0,-0.25,-188.24430494068696
0.0,-0.25,-166.470262905151
0.0,-0.25,-162.60283998791192
0.0,-0.25,-162.82167879224443
0.0,-0.25,-165.02767949508265
0.0,-0.25,-180.68671388257732
0.0,-0.25,-158.7407620087127
0.0,-0.25,-153.15732719134996
0.0,-0.25,-130.7132152032745
0.0,-0.25,-137.47412505869366
0.0,-0.25,-138.86431117275245
0.0,-0.25,-173.30222625576778
0.0,-0.25,-180.7504616895625
0.0,-0.25,-159.32206298168674
0.0,-0.25,-161.96075594535318
0.0,-0.25,-140.38221451650443
0.0,-0.25,-184.07912647126219
0.0,-0.25,-143.3183839056678
0.0,-0.25,-164.8379594741869
0.0,-0.25,-136.16254078122674
0.0,-0.25,-175.51450732448635
0.0,-0.25,-151.40504685073924
0.0,-0.25,-144.53368694593377
0.0,-0.25,-167.11065990029275
0.0,-0.25,-182.84508989461708
0.0,-0.25,-150.10632981688008
0.0,-0.25,-183.01470125818489
0.0,-0.25,-159.08012232132387
0.0,-0.25,-170.75681523414232
0.0,-0.25,-145.19532038072043
0.0,-0.25,-165.32044846664857
0.0,-0.25,-160.4426847606172
0.0,-0.25,-167.24938055130187
0.0,-0.25,-179.26647141721415
0.0,-0.25,-171.24255610747684
0.0,-0.25,-182.514945226059
0.0,-0.25,-136.12241628285926
0.0,-0.25,-139.97492419498278
0.0,-0.25,-163.30589248315582
0.0,-0.25,-172.9272787767358
0.0,-0.25,-155.0531790709363
0.0,-0.25,-153.31438511625225
0.0,-0.25,-187.88993969449
0.0,-0.25,-162.73272415752268
0.0,-0.25,-142.09940562289864
0.0,-0.25,-174.31676027525444
0.0,-0.25,-179.46571616182837
0.0,-0.25,-149.6272796559436
0.0,-0.25,-162.87368517949508
0.0,-0.25,-167.83126413924757
0.0,-0.25,-175.8276912898333
0.0,-0.25,-151.89322605479796
0.0,-0.25,-145.56238434766803
0.0,-0.25,-184.4864522793076
0.0,-0.25,-133.51194206079597
0.0,-0.25,-199.02123135335987
0.0,-0.25,-154.5709215038157
0.0,-0.25,-177.0639829230352
0.0,-0.25,-175.29736319321742
0.0,-0.25,-125.98405164721298
0.0,-0.25,-164.3811308593763
0.0,-0.25,-139.84786159234335
0.0,-0.25,-169.1755275186893
0.0,-0.25,-174.05510122634038
0.0,-0.25,-166.05480003230824
0.0,-0.25,-161.086967199169
0.0,-0.25,-156.44042433211027
0.0,-0.25,-163.600209017832
0.0,-0.25,-155.21307294919978
0.0,-0.25,-162.92457120480762
0.0,-0.25,-164.65512476937192
0.0,-0.25,-154.46392179871492
0.0,-0.25,-149.14970100652386
0.0,-0.25,-175.6613724008418
0.0,-0.25,-182.35523227066042
0.0,-0.25,-162.38743185249473
0.0,-0.25,-175.26757584663727
0.0,-0.25,-156.4146475765129
0.0,-0.25,-155.4986664120004
0.0,-0.25,-172.76751353827265
0.0,-0.25,-162.01573221465878
0.0,-0.25,-179.83343061133314
0.0,-0.25,-150.31679432420069
0.0,-0.25,-179.2595669666697
0.0,-0.25,-162.13633255145598
0.0,-0.25,-189.32195619728654
0.0,-0.25,-156.70768898193728
0.0,-0.25,-147.7812257931209
0.0,-0.25,-151.71946510184105
0.0,-0.25,-162.63747435729405
0.0,-0.25,-161.6419651263954
0.0,-0.25,-171.0265760430731
0.0,-0.25,-187.20468056854892
0.0,-0.25,-165.39122676278663
0.0,-0.25,-154.5769794494433
0.0,-0.25,-152.8534536384389
0.0,-0.25,-171.52052042741107
0.0,-0.25,-164.25611093849352
0.0,-0.25,-152.63776835977694
0.0,-0.25,-161.78047433391922
0.0,-0.25,-158.34296543775292
0.0,-0.25,-157.439941230437
0.0,-0.25,-139.1249480468071
0.0,-0.25,-159.88443595154538
0.0,-0.25,-160.30611605890667
0.0,-0.25,-139.19476788051347
0.0,-0.25,-191.33083676965737
0.0,-0.25,-155.73137503227358
0.0,-0.25,-137.4587108205644
0.0,-0.25,-136.60023482416855
0.0,-0.25,-152.1573583881435
0.0,-0.25,-156.85231197117398
0.0,-0.25,-167.56792020863955
0.0,-0.25,-142.61149878620392
0.0,-0.25,-167.1981363931767
0.0,-0.25,-159.89876709715264
0.0,-0.25,-179.38327642496867
0.0,-0.25,-179.05389086354407
0.0,-0.25,-159.93364997302794
0.0,-0.25,-192.91308340505168
0.0,-0.25,-167.79005578676893
0.0,-0.25,-167.61296994914622
0.0,-0.25,-195.09520122896976
0.0,-0.25,-150.76956389230892
0.0,-0.25,-157.61867555397345
0.0,-0.25,-171.4544082874092
0.0,-0.25,-140.26641798662584
0.0,-0.25,-148.39555528694464
0.0,-0.25,-186.79420343524356
0.0,-0.25,-179.79237473890916
0.0,-0.25,-143.88304056792865
0.0,-0.25,-133.87478365121456
0.0,-0.25,-151.04196512997947
0.0,-0.25,-156.67132183634456
0.0,-0.25,-189.76807031420776
0.0,-0.25,-166.48532107319963
0.0,-0.25,-145.5742488251793
0.0,-0.25,-162.00126890554023
0.0,-0.25,-172.2730380167708
0.0,-0.25,-167.39214867526817
0.0,-0.25,-170.3196485610643
0.0,-0.25,-151.15502317245958
0.0,-0.25,-169.17598598332668
0.0,-0.25,-156.93731757528982
0.0,-0.25,-148.97914585934237
0.0,-0.25,-169.31892820978248
0.0,-0.25,-164.3845684045379
0.0,-0.25,-175.4389662958264
0.0,-0.25,-158.74192985592768
0.0,-0.25,-164.38636117741305
0.0,-0.25,-177.34256283963842
0.0,-0.25,-140.9304983832158
0.0,-0.25,-189.4839922352016
0.0,-0.25,-174.5210621545426
0.0,-0.25,-165.74308638260146
0.0,-0.25,-176.35103543368214
0.0,-0.25,-165.83021566438308
0.0,-0.25,-142.2032746830037
0.0,-0.25,-174.6529286234854
0.0,-0.25,-158.18543343000337
0.0,-0.25,-179.83020224284257
0.0,-0.25,-166.1489863667827
0.0,-0.25,-163.58874868565837
0.0,-0.25,-175.06061948662776
0.0,-0.25,-177.54686393330422
0.0,-0.25,-175.31141826873386
0.0,-0.25,-136.74551054810004
0.0,-0.25,-171.09822394832403
0.0,-0.25,-157.59507540462693
0.0,-0.25,-184.58024230156556
0.0,-0.25,-167.79913701445673
0.0,-0.25,-161.578407375974
0.0,-0.25,-144.74133965101046
0.0,-0.25,-146.77904185945528
0.0,-0.25,-166.59640353663633
0.0,-0.25,-161.34955065018445
0.0,-0.25,-168.19200101395728
0.0,-0.25,-135.78952903217055
0.0,-0.25,-152.06101852837847
0.0,-0.25,-151.64417809386083
0.0,-0.25,-167.39192010365645
0.0,-0.25,-185.7900019577535
0.0,-0.25,-175.07686147561805
0.0,-0.25,-162.89346657940084
0.0,-0.25,-156.6766926445548
0.0,-0.25,-156.36240207260633
0.0,-0.25,-178.48819436399327
0.0,-0.25,-149.37323334760444
0.0,-0.25,-165.11982655109713
0.0,-0.25,-146.87575018466626
0.0,-0.25,-183.56635532458708
0.0,-0.25,-170.66590919037677
0.0,-0.25,-164.07843942133934
0.0,-0.25,-172.19843378474374
0.0,-0.25,-184.06689513383924
0.0,-0.25,-147.10030884343865
0.0,-0.25,-171.18203787805135
0.0,-0.25,-150.49145377876746
0.0,-0.25,-152.79456690994022
0.0,-0.25,-177.21292329643504
0.0,-0.25,-144.12148116999774
0.0,-0.25,-145.7501444667006
0.0,-0.25,-188.86352173574483
0.0,-0.25,-186.7919381746994
0.0,-0.25,-177.68413380283064
0.0,-0.25,-171.8657378427652
0.0,-0.25,-168.22179416974066
0.0,-0.25,-172.8448538596011
0.0,-0.25,-140.15849895056073
0.0,-0.25,-187.40298559160357
0.0,-0.25,-184.84350622112441
0.0,-0.25,-166.1221317374088
0.0,-0.25,-149.20752310597146
0.0,-0.25,-177.04458112850887
0.0,-0.25,-130.41549002279353
0.0,-0.25,-169.41153991034454
0.0,-0.25,-160.24814292437927
0.0,-0.25,-187.4530111616761
0.0,-0.25,-157.6104259792079
0.0,-0.25,-158.5780274294774
0.0,-0.25,-142.1408135292164
0.0,-0.25,-163.90093079025027
0.0,-0.25,-197.02643892828584
0.0,-0.25,-145.06928091211103
0.0,-0.25,-168.8754763420766
0.0,-0.25,-192.38801682450028
0.0,-0.25,-156.35610159609286
0.0,-0.25,-183.39342890749293
0.0,-0.25,-173.84569803309688
0.0,-0.25,-139.57938061789903
0.0,-0.25,-138.25473206927128
0.0,-0.25,-143.43040740154518
0.0,-0.25,-168.72733799977456
0.0,-0.25,-140.99810072520617
0.0,-0.25,-175.23980173143963
0.0,-0.25,-180.13320209635793
0.0,-0.25,-173.42911639752106
0.0,-0.25,-187.18072798104222
0.0,-0.25,-172.40933584574054
0.0,-0.25,-187.11242974590746
0.0,-0.25,-162.07136548027492
0.0,-0.25,-139.6991221440079
0.0,-0.25,-172.03067712718084
0.0,-0.25,-163.20968246063669
0.0,-0.25,-192.69417163632423
0.0,-0.25,-171.93776450201597
0.0,-0.25,-167.88494528571647
0.0,-0.25,-153.02562623226942
0.0,-0.25,-167.83302227021272
0.0,-0.25,-128.52979642405015
0.0,-0.25,-193.52260205836922
0.0,-0.25,-161.25391816432108
0.0,-0.25,-169.27213457862462
0.0,-0.25,-150.842688619095
0.0,-0.25,-171.96878154924914
0.0,-0.25,-141.78323722091184
0.0,-0.25,-157.66222113666223
0.0,-0.25,-142.4482113828826
0.0,-0.25,-182.22386128584216
0.0,-0.25,-165.72059070574693
0.0,-0.25,-194.76233917043373
0.0,-0.25,-144.58318970267965
0.0,-0.25,-154.96184257525758
0.0,-0.25,-163.5130816914697
0.0,-0.25,-146.29277292778517
0.0,-0.25,-147.4983502326444
0.0,-0.25,-182.26639471170913
0.0,-0.25,-150.52487148683514
0.0,-0.25,-164.94462379330767
0.0,-0.25,-184.04341889351812
0.0,-0.25,-150.8573542567308
0.0,-0.25,-148.64275238492993
0.0,-0.25,-146.36402132509005
0.0,-0.25,-138.4512790421846
0.0,-0.25,-154.8261275366222
0.0,-0.25,-159.03256245091504
0.0,-0.25,-158.85571028023267
0.0,-0.25,-152.50781129884552
0.0,-0.25,-167.83396515006282
0.0,-0.25,-159.8270834412768
0.0,-0.25,-143.84243851317643
0.0,-0.25,-163.5712947489777
0.0,-0.25,-166.48525730899047
0.0,-0.25,-142.14550014733146
0.0,-0.25,-165.03561768317817
0.0,-0.25,-170.38954505558257
0.0,-0.25,-179.9816700077329
0.0,-0.25,-193.06229217488394
0.0,-0.25,-163.23692928541104
0.0,-0.25,-146.76323528190377
0.0,-0.25,-162.19695948102637
0.0,-0.25,-169.91709519595457
0.0,-0.25,-153.20626757151155
0.0,-0.25,-153.0021733085353
0.0,-0.25,-164.01741045582986
0.0,-0.25,-154.77475700448846
0.0,-0.25,-133.5165411692119
0.0,-0.25,-134.59487385130717
0.0,-0.25,-148.83887797390287
0.0,-0.25,-141.1141779829738
0.0,-0.25,-182.9659379161331
0.0,-0.25,-194.1174893283803
0.0,-0.25,-167.7329547523564
0.0,-0.25,-180.65205767170457
0.0,-0.25,-175.30359106623683
0.0,-0.25,-153.27255965555736
0.0,-0.25,-180.35590445903682
0.0,-0.25,-155.38445920098613
0.0,-0.25,-175.84690480953904
0.0,-0.25,-157.62863745837052
0.0,-0.25,-158.71069789305105
0.0,-0.25,-157.99953920568694
0.0,-0.25,-183.3581885563717
0.0,-0.25,-190.99432201190177
0.0,-0.25,-162.219917024066
0.0,-0.25,-154.27791049935902
0.0,-0.25,-172.08603866969483
0.0,-0.25,-178.68470336639103
0.0,-0.25,-177.22716005022906
0.0,-0.25,-178.0850507956667
0.0,-0.25,-188.72860188156412
0.0,-0.25,-158.95591586635595
0.0,-0.25,-138.39604761355557
0.0,-0.25,-159.96379073689934
0.0,-0.25,-179.33566674155003
0.0,-0.25,-148.53210768877543
0.0,-0.25,-134.8078278792882
0.0,-0.25,-160.06158750662468
0.0,-0.25,-169.4842694746105
0.0,-0.25,-175.35907982488604
0.0,-0.25,-184.1308778599496
0.0,-0.25,-164.81642950327955
0.0,-0.25,-136.59326060979734
0.0,-0.25,-186.10917507671707
0.0,-0.25,-159.7278451580719
0.0,-0.25,-146.61814024763848
0.0,-0.25,-184.42657151401855
0.0,-0.25,-169.58850486934088
0.0,-0.25,-151.61319655269386
0.0,-0.25,-132.72758826659964
0.0,-0.25,-142.9172065208551
0.0,-0.25,-156.8617921118538
0.0,-0.25,-171.42017577660266
0.0,-0.25,-142.87991481614296
0.0,-0.25,-151.1123933059926
0.0,-0.25,-136.8204621641936
0.0,-0.25,-146.64662034798806
0.0,-0.25,-166.05861366415718
0.0,-0.25,-158.56923610026044
0.0,-0.25,-171.4785077728971
0.0,-0.25,-136.45305970989676
0.0,-0.25,-151.59674426434364
0.0,-0.25,-137.81439501182786
0.0,-0.25,-179.91643665392473
0.0,-0.25,-167.32790937352746
0.0,-0.25,-197.90139145312102
0.0,-0.25,-159.6828802500017
0.0,-0.25,-163.806584352933
0.0,-0.25,-173.1354895165834
0.0,-0.25,-172.9668160252107
0.0,-0.25,-185.75291481594496
0.0,-0.25,-185.9824833562005
0.0,-0.25,-175.60516418699612
0.0,-0.25,-173.85389325085308
0.0,-0.25,-146.0836967112163
0.0,-0.25,-180.48567647767052
0.0,-0.25,-142.36914187790552
0.0,-0.25,-182.554572041773
0.0,-0.25,-153.03755443873575
0.0,-0.25,-161.00338190036638
0.0,-0.25,-147.35272990730056
0.0,-0.25,-165.86037306927923
0.0,-0.25,-152.06843311567172
0.0,-0.25,-141.3839070327889
0.0,-0.25,-167.1839849776137
0.0,-0.25,-141.60286115737046
0.0,-0.25,-170.8915335449543
0.0,-0.25,-161.56970566175752
0.0,-0.25,-148.98647384678324
0.0,-0.25,-167.73537208183626
0.0,-0.25,-181.6477376240035
0.0,-0.25,-141.871417163913
0.0,-0.25,-185.1805774370278
0.0,-0.25,-153.13500333416044
0.0,-0.25,-167.55419683254368
0.0,-0.25,-169.71229825203505
0.0,-0.25,-151.4559818640293
0.0,-0.25,-160.43945834453606
0.0,-0.25,-163.24686201220564
0.0,-0.25,-190.32114970775427
0.0,-0.25,-199.5844866496613
0.0,-0.25,-156.67990476848442
0.0,-0.25,-167.16602462413144
0.0,-0.25,-160.25845768212588
0.0,-0.25,-148.72241115038767
0.0,-0.25,-173.3557717835479
0.0,-0.25,-129.5625552267485
0.0,-0.25,-182.73589043429473
0.0,-0.25,-175.19655570282856
0.0,-0.25,-178.68958961567327
0.0,-0.25,-161.17901389993088
0.0,-0.25,-179.34728960589385
0.0,-0.25,-156.06797128167315
0.0,-0.25,-158.75013801512665
0.0,-0.25,-131.68172844725808
0.0,-0.25,-169.10705757409914
0.0,-0.25,-177.96400589431755
0.0,-0.25,-160.94534631155162
0.0,-0.25,-138.61296696183402
0.0,-0.25,-192.5806329336221
0.0,-0.25,-164.63720107007123
0.0,-0.25,-160.40469781973155
0.0,-0.25,-145.57342816827344
0.0,-0.25,-160.76492645256005
0.0,-0.25,-140.4203943089971
0.0,-0.25,-151.11161537327445
0.0,-0.25,-172.4844877500551
0.0,-0.25,-143.70925816912822
0.0,-0.25,-166.72957690290124
0.0,-0.25,-146.99727041073112
0.0,-0.25,-139.7929204304321
0.0,-0.25,-190.686257560717
0.0,-0.25,-156.8863708883689
0.0,-0.25,-172.72950086409904
0.0,-0.25,-133.86235217373093
0.0,-0.25,-154.39438924049213
0.0,-0.25,-143.63739963061633
0.0,-0.25,-167.68385249733177
0.0,-0.25,-151.03019274083547
0.0,-0.25,-158.88167680435214
0.0,-0.25,-176.3391892698185
0.0,-0.25,-147.70702907261793
0.0,-0.25,-166.22117569760798
0.0,-0.25,-153.27742968527014
0.0,-0.25,-187.2773918501084
0.0,-0.25,-162.24593715194638
0.0,-0.25,-177.09793599138456
0.0,-0.25,-198.27555784219257
0.0,-0.25,-183.42157231610926
0.0,-0.25,-188.19918549882587
0.0,-0.25,-162.75502492688767
0.0,-0.25,-150.11687326837009
0.0,-0.25,-133.79609595549928
0.0,-0.25,-182.44834109910258
0.0,-0.25,-151.66389917731925
0.0,-0.25,-169.74232954924094
0.0,-0.25,-147.58194141439486
0.0,-0.25,-152.87278740398767
0.0,-0.25,-162.7532587783037
0.0,-0.25,-155.60862417835565
0.0,-0.25,-144.38544287166312
0.0,-0.25,-159.31356948732665
0.0,-0.25,-182.45899071817416
0.0,-0.25,-158.07018067495704
0.0,-0.25,-152.0467501424204
0.0,-0.25,-175.69540219607723
0.0,-0.25,-179.8931623835806
0.0,-0.25,-146.57900983428493
0.0,-0.25,-155.0376777913142
0.0,-0.25,-152.52215190681332
0.0,-0.25,-195.10484669427592
0.0,-0.25,-180.65863500918505
0.0,-0.25,-154.94632744797133
0.0,-0.25,-162.71297769011215
0.0,-0.25,-184.97987420921308
0.0,-0.25,-178.98420554629888
0.0,-0.25,-171.01758388743704
0.0,-0.25,-192.61855331722447
0.0,-0.25,-151.69810385040762
0.0,-0.25,-143.34575650519704
0.0,-0.25,-191.3768685397637
0.0,-0.25,-193.2663938382795
0.0,-0.25,-161.03420506552908
0.0,-0.25,-190.31980579067272
0.0,-0.25,-146.1227265965246
0.0,-0.25,-172.53298224693057
0.0,-0.25,-188.7209919713516
0.0,-0.25,-152.4550888585256
0.0,-0.25,-187.77720210912943
0.0,-0.25,-145.7843333134603
0.0,-0.25,-158.24820445598948
0.0,-0.25,-165.7734041768886
0.0,-0.25,-160.07402975990445
0.0,-0.25,-164.64841514583404
0.0,-0.25,-165.8895782465601
0.0,-0.25,-192.6215544780903
0.0,-0.25,-169.6726328443733
0.0,-0.25,-149.52010209721928
0.0,-0.25,-150.33462805613917
0.0,-0.25,-173.727295246112
0.0,-0.25,-165.51567422344138
0.0,-0.25,-159.8855055168526
0.0,-0.25,-131.5838924228605
0.0,-0.25,-167.4569810808377
0.0,-0.25,-130.40145836221927
0.0,-0.25,-147.91521009726233
0.0,-0.25,-174.9280172755636
0.0,-0.25,-179.1820231214557
0.0,-0.25,-157.00471355206398
0.0,-0.25,-193.50683810809625
0.0,-0.25,-175.13392126488984
0.0,-0.25,-142.4623632467629
0.0,-0.25,-181.78663333378933
0.0,-0.25,-160.57733241336348
0.0,-0.25,-169.13519950555656
0.0,-0.25,-160.3211672220343
0.0,-0.25,-137.83740099968847
0.0,-0.25,-144.80467843226953
0.0,-0.25,-133.0002132194288
0.0,-0.25,-142.47618200132547
0.0,-0.25,-155.758362563269
0.0,-0.25,-165.1364937141917
0.0,-0.25,-158.13054830169645
0.0,-0.25,-177.87808422841533
0.0,-0.25,-170.2193329962068
0.0,-0.25,-169.54358662632816
0.0,-0.25,-176.41236387241076
0.0,-0.25,-164.54115537391095
0.0,-0.25,-179.08245933163062
0.0,-0.25,-149.39895738960965
0.0,-0.25,-173.12839813294806
0.0,-0.25,-166.70087931754844
0.0,-0.25,-170.32273762934952
0.0,-0.25,-175.4690584004093
0.0,-0.25,-153.63889751603662
0.0,-0.25,-158.26775988300668
0.0,-0.25,-149.78106644625882
0.0,-0.25,-157.1472257030572
0.0,-0.25,-173.28871378928955
0.0,-0.25,-186.26837580859925
0.0,-0.25,-168.93234126502105
0.0,-0.25,-141.77915884754978
0.0,-0.25,-144.22304906302463
0.0,-0.25,-142.16451325619965
0.0,-0.25,-148.0717528304395
0.0,-0.25,-175.26353450605868
0.0,-0.25,-140.9822454298025
0.0,-0.25,-155.3960570236689
0.0,-0.25,-140.60976194794986
0.0,-0.25,-161.1194543238549
0.0,-0.25,-133.00961110979188
0.0,-0.25,-139.78719144804404
0.0,-0.25,-138.35369075340546
0.0,-0.25,-168.08764470792374
0.0,-0.25,-155.86131756679004
0.0,-0.25,-132.3830649059317
0.0,-0.25,-144.16567687041197
0.0,-0.25,-159.07628875296317
0.0,-0.25,-128.055039006973
0.0,-0.25,-162.7915936548979
0.0,-0.25,-164.6430612972809
0.0,-0.25,-156.91758182284298
0.0,-0.25,-157.43152817738974
0.0,-0.25,-190.82565179118797
0.0,-0.25,-178.3028138882978
0.0,-0.25,-177.29642553693702
0.0,-0.25,-133.598965622609
0.0,-0.25,-178.80280704553456
0.0,-0.25,-174.45334437558233
0.0,-0.25,-168.2579111477788
0.0,-0.25,-143.39971783971095
0.0,-0.25,-165.96742538680837
0.0,-0.25,-146.05159615387373
0.0,-0.25,-172.17052560488276
0.0,-0.25,-178.775690831523
0.0,-0.25,-166.6117343467757
0.0,-0.25,-158.61286941520407
0.0,-0.25,-194.77573675175123
0.0,-0.25,-163.21012943861035
0.0,-0.25,-137.84365957041192
0.0,-0.25,-164.2162419639605
0.0,-0.25,-162.95645503488308
0.0,-0.25,-178.20842195463163
0.0,-0.25,-159.03044498261002
0.0,-0.25,-123.14049484481181
0.0,-0.25,-187.1053240393116
0.0,-0.25,-145.69765077483885
0.0,-0.25,-160.55793674634128
0.0,-0.25,-134.13927651531316
0.0,-0.25,-138.9944976264138
0.0,-0.25,-158.83675296285836
0.0,-0.25,-160.57642136245937
0.0,-0.25,-162.13829100050458
0.0,-0.25,-162.45052946976747
0.0,-0.25,-171.97458861543953
0.0,-0.25,-155.77681312877004
0.0,-0.25,-156.61013248903623
0.0,-0.25,-152.31843366815212
0.0,-0.25,-137.030755003723
0.0,-0.25,-180.3002398511565
0.0,-0.25,-156.49812408053933
0.0,-0.25,-158.17710713377065
0.0,-0.25,-170.07638142510632
0.0,-0.25,-147.147044700999
0.0,-0.25,-150.29945112114123
0.0,-0.25,-172.37211830257803
0.0,-0.25,-165.6814080369797
0.0,-0.25,-143.22581573989984
0.0,-0.25,-182.38553983314196
0.0,-0.25,-149.36551276973177
0.0,-0.25,-137.44094730290763
0.0,-0.25,-155.32336588061793
0.0,-0.25,-175.04823121244146
0.0,-0.25,-152.87705715061202
0.0,-0.25,-145.0620880071688
0.0,-0.25,-158.95693939351318
0.0,-0.25,-154.49415362376067
0.0,-0.25,-174.41231820269803
0.0,-0.25,-166.37727215848713
0.0,-0.25,-179.39041067985346
0.0,-0.25,-188.46316708528752
0.0,-0.25,-163.96172551413338
0.0,-0.25,-155.29459754322204
0.0,-0.25,-173.58709020676656
0.0,-0.25,-148.33740941798635
0.0,-0.25,-154.41959894690655
0.0,-0.25,-140.65946647332953
0.0,-0.25,-175.25326286086946
0.0,-0.25,-154.64330556137347
0.0,-0.25,-176.21028746758765
0.0,-0.25,-134.22562334074433
0.0,-0.25,-184.46494536695613
0.0,-0.25,-167.58014530064233
0.0,-0.25,-178.77993257105922
0.0,-0.25,-184.29956574933126
0.0,-0.25,-129.03939187223247
0.0,-0.25,-153.66638441571286
0.0,-0.25,-179.54345184341116
0.0,-0.25,-183.03220214474052
0.0,-0.25,-186.56678610168152
0.0,-0.25,-179.72147154472356
0.0,-0.25,-183.26757798843087
0.0,-0.25,-152.99259972897067
0.0,-0.25,-172.81540003669525
0.0,-0.25,-160.17798068219182
0.0,-0.25,-170.26856231702257
0.0,-0.25,-174.12443692151032
0.0,-0.25,-155.9034701934694
0.0,-0.25,-160.46568187274212
0.0,-0.25,-173.42978628664227
0.0,-0.25,-171.43294184400804
0.0,-0.25,-151.06038747531704
0.0,-0.25,-154.10869333789577
0.0,-0.25,-138.17624681407173
0.0,-0.25,-168.06174067031375
0.0,-0.25,-175.26610100087095
0.0,-0.25,-168.53331505931428
0.0,-0.25,-152.28383839062718
0.0,-0.25,-128.7071861151146
0.0,-0.25,-162.45035150597056
0.0,-0.25,-177.82433082046407
0.0,-0.25,-150.73969611353823
0.0,-0.25,-170.47691109049018
0.0,-0.25,-153.82193010122407
0.0,-0.25,-182.8759859543249
0.0,-0.25,-146.50278079253374
0.0,-0.25,-165.45356580134063
0.0,-0.25,-170.73250064032408
0.0,-0.25,-181.1843643023556
0.0,-0.25,-167.2787607266574
0.0,-0.25,-170.12363528153978
0.0,-0.25,-182.4240145228129
0.0,-0.25,-181.69813106104115
0.0,-0.25,-153.74799051268963
0.0,-0.25,-170.74829571792668
0.0,-0.25,-177.6947449378082
0.0,-0.25,-146.20846773811311
0.0,-0.25,-182.077451443542
0.0,-0.25,-177.4666883620767
0.0,-0.25,-181.23783295975701
0.0,-0.25,-146.3612780108392
0.0,-0.25,-170.31994880870127
0.0,-0.25,-153.19944862074547
0.0,-0.25,-157.66738651848976
0.0,-0.25,-163.00026939645227
0.0,-0.25,-183.87270214500833
0.0,-0.25,-192.87382398491272
0.0,-0.25,-155.97319533428796
0.0,-0.25,-165.5278369686563
0.0,-0.25,-180.64085244823215
0.0,-0.25,-149.3609344708382
0.0,-0.25,-165.67684218287826
0.0,-0.25,-166.1085068284966
0.0,-0.25,-138.39222778979507
0.0,-0.25,-177.59968978491932
0.0,-0.25,-136.09527240835564
0.0,-0.25,-162.8283750230389
0.0,-0.25,-181.20118358842853
0.0,-0.25,-161.55980390939166
0.0,-0.25,-151.4505667466163
0.0,-0.25,-153.48416712062868
0.0,-0.25,-136.2400252652383
0.0,-0.25,-154.3804032673122
0.0,-0.25,-170.80389402385396
0.0,-0.25,-159.67371995112725
0.0,-0.25,-168.41620033579957
0.0,-0.25,-144.94638192317623
0.0,-0.25,-181.70430195081087
0.0,-0.25,-145.23197357928103
0.0,-0.25,-157.67827987799114
0.0,-0.25,-159.54494885463208
0.0,-0.25,-156.32322662478603
0.0,-0.25,-155.54640605935347
0.0,-0.25,-178.5333406169475
0.0,-0.25,-128.0194415717292
0.0,-0.25,-188.78917496669487
0.0,-0.25,-141.93782649636145
0.0,-0.25,-138.36451962629812
0.0,-0.25,-166.12205542149036
0.0,-0.25,-151.61331030118473
0.0,-0.25,-176.23382249507625
0.0,-0.25,-154.34578518710117
0.0,-0.25,-143.61595091846098
0.0,-0.25,-138.12261218892925
0.0,-0.25,-141.03681806125593
0.0,-0.25,-175.89813475885825
0.0,-0.25,-136.7431922771654
0.0,-0.25,-159.76343940387568
0.0,-0.25,-170.82966017300873
0.0,-0.25,-151.5604351522884
0.0,-0.25,-174.56329996284634
0.0,-0.25,-134.66261621742515
0.0,-0.25,-145.1284936163364
0.0,-0.25,-180.6981779560171
0.0,-0.25,-154.2905544583073
0.0,-0.25,-155.74015303010563
0.0,-0.25,-160.4564566767416
0.0,-0.25,-161.75960716130885
0.0,-0.25,-175.82752112551705
0.0,-0.25,-145.97188686389993
0.0,-0.25,-162.01361870957288
0.0,-0.25,-163.90120590946808
0.0,-0.25,-139.4823784946104
0.0,-0.25,-139.37127048813474
0.0,-0.25,-141.43334082534875
0.0,-0.25,-176.04264091186673
0.0,-0.25,-192.13083040907853
0.0,-0.25,-176.4612769713567
0.0,-0.25,-148.8479391513137
0.0,-0.25,-146.03115841537524
0.0,-0.25,-160.56518741873435
0.0,-0.25,-163.27272877912222
0.0,-0.25,-173.63697427497158
0.0,-0.25,-168.18834749327257
0.0,-0.25,-183.28397760095882
0.0,-0.25,-184.14140166932947
0.0,-0.25,-153.59747719568017
0.0,-0.25,-154.2832519064685
0.0,-0.25,-133.1848296905516
0.0,-0.25,-149.47325122063558
0.0,-0.25,-155.79520037546598
0.0,-0.25,-144.55076793678765
0.0,-0.25,-137.81407419491202
0.0,-0.25,-172.86688020053072
0.0,-0.25,-192.82334089563903
0.0,-0.25,-160.39098512896263
0.0,-0.25,-175.09087899427306
0.0,-0.25,-172.7028160837963
0.0,-0.25,-164.04565021191257
0.0,-0.25,-166.05235139487402
0.0,-0.25,-131.46664733064594
0.0,-0.25,-184.30815798195508
0.0,-0.25,-179.55751638707974
0.0,-0.25,-173.1786843399304
0.0,-0.25,-142.5469008730158
0.0,-0.25,-167.0807010551711
0.0,-0.25,-162.9017522574485
0.0,-0.25,-143.18867587406862
0.0,-0.25,-152.6608603084861
0.0,-0.25,-153.81446018151814
0.0,-0.25,-161.1956725961537
0.0,-0.25,-178.07359068256645
0.0,-0.25,-183.34996502345638
0.0,-0.25,-173.96666304854983
0.0,-0.25,-160.44226944913055
0.0,-0.25,-183.84422767384837
0.0,-0.25,-158.96098903476576
0.0,-0.25,-137.53940243307505
0.0,-0.25,-137.5027607498611
0.0,-0.25,-177.26970233292406
0.0,-0.25,-179.70915976912502
0.0,-0.25,-176.65567051824985
0.0,-0.25,-174.2961297912801
0.0,-0.25,-135.3798755682846
0.0,-0.25,-146.70325482754689
0.0,-0.25,-181.399011320088
0.0,-0.25,-146.22513868069768
0.0,-0.25,-168.23078710605608
0.0,-0.25,-175.09530781127074
0.0,-0.25,-147.17375159829936
0.0,-0.25,-184.36208056536756
0.0,-0.25,-180.89689290528568
0.0,-0.25,-155.51585269123842
0.0,-0.25,-137.88016048896552
0.0,-0.25,-158.854320585493
0.0,-0.25,-149.77598082298874
0.0,-0.25,-165.1314879870596
0.0,-0.25,-183.05456889727859
0.0,-0.25,-135.4801740221512
0.0,-0.25,-165.21027267664044
0.0,-0.25,-160.75651944195846
0.0,-0.25,-170.0690447773478
0.0,-0.25,-148.61178298204297
0.0,-0.25,-157.7306565495385
0.0,-0.25,-166.93869438555186
0.0,-0.25,-170.86184365434568
0.0,-0.25,-131.2180027060832
0.0,-0.25,-147.61504728502902
0.0,-0.25,-186.11434193001548
0.0,-0.25,-154.14251989431952
0.0,-0.25,-148.63605905753855
0.0,-0.25,-180.83788400428446
0.0,-0.25,-137.36080646602662
0.0,-0.25,-184.1764542831904
0.0,-0.25,-174.7877812246674
0.0,-0.25,-148.14624452965958
0.0,-0.25,-159.65619837532626
0.0,-0.25,-168.20605559132247
0.0,-0.25,-150.49772161264144
0.0,-0.25,-169.227635012329
0.0,-0.25,-182.6712741342776
0.0,-0.25,-174.92518074386385
0.0,-0.25,-157.6979807768664
0.0,-0.25,-172.5519036050274
0.0,-0.25,-152.36917434075445
0.0,-0.25,-166.9491515005795
0.0,-0.25,-157.96288910009582
0.0,-0.25,-166.72548086608882
0.0,-0.25,-161.92400242952485
0.0,-0.25,-144.4709314685295
0.0,-0.25,-158.2204692066525
0.0,-0.25,-140.97270403897542
0.0,-0.25,-178.5413259767585
0.0,-0.25,-149.26907320735063
0.0,-0.25,-161.9910745149506
0.0,-0.25,-176.66131079926936
0.0,-0.25,-171.8328240918848
0.0,-0.25,-172.13084889678055
0.0,-0.25,-159.2875003094053
0.0,-0.25,-170.90588186771257
0.0,-0.25,-164.56707021325917
0.0,-0.25,-147.89251689044744
0.0,-0.25,-169.96342173942853
0.0,-0.25,-142.98630932287045
0.0,-0.25,-164.80299580714865
0.0,-0.25,-190.23407390305132
0.0,-0.25,-169.11065695853648
0.0,-0.25,-121.73430129161858
0.0,-0.25,-186.6240780364776
0.0,-0.25,-175.4781561141128
0.0,-0.25,-160.24209435531967
0.0,-0.25,-164.82019720505997
0.0,-0.25,-166.28217682881663
0.0,-0.25,-144.83758821772795
0.0,-0.25,-174.25353360429858
0.0,-0.25,-132.9035903439239
0.0,-0.25,-181.5096005539366
0.0,-0.25,-175.36005240052265
0.0,-0.25,-152.88604061710922
0.0,-0.25,-166.64618026640724
0.0,-0.25,-168.3639700616853
0.0,-0.25,-137.68043576701032
0.0,-0.25,-169.5408962026038
0.0,-0.25,-183.74731423477922
0.0,-0.25,-168.5169204395937
0.0,-0.25,-142.88336002231895
0.0,-0.25,-137.58721163932245
0.0,-0.25,-172.97833187012893
0.0,-0.25,-144.51497807018455
0.0,-0.25,-187.4607690801024
0.0,-0.25,-165.34957543496114
0.0,-0.25,-180.29801810458335
0.0,-0.25,-151.20406164447724
0.0,-0.25,-136.06379023548791
0.0,-0.25,-148.06270908001295
0.0,-0.25,-157.3230156088701
0.0,-0.25,-170.37265853635918
0.0,-0.25,-145.3878261602382
0.0,-0.25,-177.31834152336853
0.0,-0.25,-163.95450919533323
0.0,-0.25,-163.9857849115335
0.0,-0.25,-168.76645927497674
0.0,-0.25,-167.14116537419838
0.0,-0.25,-148.9323723453426
0.0,-0.25,-151.01362778271397
0.0,-0.25,-187.6312954848527
0.0,-0.25,-151.05625609030844
0.0,-0.25,-184.32976460757078
0.0,-0.25,-160.2534690190769
0.0,-0.25,-158.968300448881
0.0,-0.25,-178.1411454120538
0.0,-0.25,-158.12506964951476
0.0,-0.25,-164.08931801856787
0.0,-0.25,-153.84700376961138
0.0,-0.25,-186.15689606805313
0.0,-0.25,-155.9076375878435
0.0,-0.25,-153.81348907946762
0.0,-0.25,-162.61447244693306
0.0,-0.25,-150.22787543330028
0.0,-0.25,-154.26846542123934
0.0,-0.25,-146.2907124634537
0.0,-0.25,-161.01275311913923
0.0,-0.25,-180.11546810395546
0.0,-0.25,-148.3672032320284
0.0,-0.25,-159.32415547609023
0.0,-0.25,-136.26437270614912
0.0,-0.25,-175.0807983788129
0.0,-0.25,-171.64871187594383
0.0,-0.25,-157.91796827922641
0.0,-0.25,-149.2445368268876
0.0,-0.25,-184.2409594951397
0.0,-0.25,-176.80662328238378
0.0,-0.25,-166.66942022031347
0.0,-0.25,-155.55776854074927
0.0,-0.25,-167.61713247930587
0.0,-0.25,-177.31899196745584
0.0,-0.25,-144.25218820727417
0.0,-0.25,-160.75476760440895
0.0,-0.25,-151.39574761036252
0.0,-0.25,-159.446990955254
0.0,-0.25,-164.75297451616663
0.0,-0.25,-173.50001848000437
0.0,-0.25,-148.8768201906525
0.0,-0.25,-143.7680446997131
0.0,-0.25,-174.59374122287818
0.0,-0.25,-164.6377678464166
0.0,-0.25,-170.97727377699758
0.0,-0.25,-174.02920857122987
0.0,-0.25,-148.35731165514485
0.0,-0.25,-167.1397254536784
0.0,-0.25,-176.84593972160852
0.0,-0.25,-168.23335135783913
0.0,-0.25,-174.90581517888862
0.0,-0.25,-165.05032996998403
0.0,-0.25,-152.8987110028827
0.0,-0.25,-162.7073319462681
0.0,-0.25,-181.70352295891658
0.0,-0.25,-155.00463831751654
0.0,-0.25,-135.49917657207092
0.0,-0.25,-166.44815449170338
0.0,-0.25,-146.69488296937558
0.0,-0.25,-181.50257767643134
0.0,-0.25,-148.144074510394
0.0,-0.25,-141.53511879223942
0.0,-0.25,-187.65183039982287
0.0,-0.25,-134.16297096706109
0.0,-0.25,-152.40296883125714
0.0,-0.25,-166.7028684859621
0.0,-0.25,-149.75204101144288
0.0,-0.25,-158.17109893497226
0.0,-0.25,-159.48629388296334
0.0,-0.25,-149.83526182488012
0.0,-0.25,-177.81713140373392
0.0,-0.25,-145.7608197287146
0.0,-0.25,-186.1583151350543
0.0,-0.25,-171.95802564757702
0.0,-0.25,-152.21131486830788
0.0,-0.25,-191.84376453882305
0.0,-0.25,-153.59010647852116
0.0,-0.25,-162.83284705944746
0.0,-0.25,-158.88401141992944
0.0,-0.25,-163.38634820144262
0.0,-0.25,-161.5874863809596
0.0,-0.25,-141.31747543123876
0.0,-0.25,-156.30464123071525
0.0,-0.25,-164.72152669667764
0.0,-0.25,-181.29330878893572
0.0,-0.25,-172.97674579727556
0.0,-0.25,-128.97255117212785
0.0,-0.25,-170.3588323489057
0.0,-0.25,-162.67869465876015
0.0,-0.25,-186.64401186417615
0.0,-0.25,-173.7023457907264
0.0,-0.25,-175.50903077720653
0.0,-0.25,-181.18919212200197
0.0,-0.25,-183.4118499322799
0.0,-0.25,-187.3164949970284
0.0,-0.25,-154.6921394068898
0.0,-0.25,-152.00030458774324
0.0,-0.25,-159.74950970194612
0.0,-0.25,-145.8040280110286
0.0,-0.25,-157.74394559047826
0.0,-0.25,-187.377820454057
0.0,-0.25,-148.442679909299
0.0,-0.25,-158.9127538882658
0.0,-0.25,-154.63306505533947
0.0,-0.25,-193.8214406617329
0.0,-0.25,-130.75439714553184
0.0,-0.25,-167.42797571612726
0.0,-0.25,-159.62306501067107
0.0,-0.25,-167.24014629684075
0.0,-0.25,-164.31974750082847
0.0,-0.25,-159.48590423250297
0.0,-0.25,-151.9065258834376
0.0,-0.25,-145.964433483079
0.0,-0.25,-151.06740416477146
0.0,-0.25,-166.37587498246424
0.0,-0.25,-121.73282550973708
0.0,-0.25,-147.8071110749155
0.0,-0.25,-133.27787084835938
0.0,-0.25,-151.36315000385713
0.0,-0.25,-162.55162036569615
0.0,-0.25,-138.99504292087673
0.0,-0.25,-185.33240520084433
0.0,-0.25,-192.32033987181558
0.0,-0.25,-164.75667251692522
0.0,-0.25,-163.19821325123468
0.0,-0.25,-186.0723363261138
0.0,-0.25,-168.98000173241806
0.0,-0.25,-156.70639392940544
0.0,-0.25,-164.2267794221321
0.0,-0.25,-164.83949348296125
0.0,-0.25,-136.96299407236776
0.0,-0.25,-141.47176132636946
0.0,-0.25,-150.5006660375623
0.0,-0.25,-159.9653776440914
0.0,-0.25,-161.83773408587422
0.0,-0.25,-182.776880238347
0.0,-0.25,-142.25456224827803
0.0,-0.25,-152.1090232250277
0.0,-0.25,-145.3992780063023
0.0,-0.25,-136.88871928516122
0.0,-0.25,-182.49051540016944
0.0,-0.25,-185.99208402595968
0.0,-0.25,-183.80669174543237
0.0,-0.25,-146.78684893778254
0.0,-0.25,-165.12835681674972
0.0,-0.25,-132.0375773952283
0.0,-0.25,-136.76175757448655
0.0,-0.25,-152.18958313172865
0.0,-0.25,-132.36447331231716
0.0,-0.25,-167.56026205371356
0.0,-0.25,-178.53797150920263
0.0,-0.25,-155.37404508812432
0.0,-0.25,-194.44877285961817
0.0,-0.25,-160.67011873258167
0.0,-0.25,-154.17428215703052
0.0,-0.25,-180.32214305596776
0.0,-0.25,-157.70621768048633
0.0,-0.25,-152.38700670548266
0.0,-0.25,-197.6270186292217
0.0,-0.25,-176.29333900090438
0.0,-0.25,-176.04817716158564
0.0,-0.25,-161.840062558113
0.0,-0.25,-158.74161845181854
0.0,-0.25,-161.99775061996414
0.0,-0.25,-159.34192727751392
0.0,-0.25,-170.5905040667622
0.0,-0.25,-152.49223985777527
0.0,-0.25,-170.02964958620507
0.0,-0.25,-190.9547870212146
0.0,-0.25,-142.17443120178294
0.0,-0.25,-147.7529439833279
0.0,-0.25,-167.49258606316
0.0,-0.25,-139.6955651647975
0.0,-0.25,-189.44662546037753
0.0,-0.25,-160.25375146044826
0.0,-0.25,-168.82188224230867
0.0,-0.25,-167.991291417782
0.0,-0.25,-149.57722082440063
0.0,-0.25,-173.86623291736007
0.0,-0.25,-159.02957212047397
0.0,-0.25,-169.0860195447248
0.0,-0.25,-172.1784417328307
0.0,-0.25,-153.70755166397458
0.0,-0.25,-154.5931068378446
0.0,-0.25,-164.74701521017187
0.0,-0.25,-152.11381556541355
0.0,-0.25,-132.6179603931781
0.0,-0.25,-166.82481143213596
0.0,-0.25,-148.61796113667558
0.0,-0.25,-170.15217942749845
0.0,-0.25,-134.4221921798335
0.0,-0.25,-169.8560269939677
0.0,-0.25,-139.74525712796304
0.0,-0.25,-156.31650917747749
0.0,-0.25,-166.8911401760222
0.0,-0.25,-175.37929615229507
0.0,-0.25,-173.52318581601807
0.0,-0.25,-185.19746295949847
0.0,-0.25,-193.29547639373453
0.0,-0.25,-148.99523405386932
0.0,-0.25,-164.18850870369408
0.0,-0.25,-170.2287861956582
0.0,-0.25,-149.78143005041576
0.0,-0.25,-152.03156817499985
0.0,-0.25,-169.7142254354467
0.0,-0.25,-175.31875172083232
0.0,-0.25,-147.77074243450676
0.0,-0.25,-135.3971741211303
0.0,-0.25,-177.6746816179116
0.0,-0.25,-177.2237816491875
0.0,-0.25,-177.74559322197794
0.0,-0.25,-181.49557622260724
0.0,-0.25,-141.58442869053863
0.0,-0.25,-152.46650650911403
0.0,-0.25,-173.39828024807375
0.0,-0.25,-167.25602517642216
0.0,-0.25,-175.00033309896762
0.0,-0.25,-179.5242874928332
0.0,-0.25,-176.68789668288787
0.0,-0.25,-172.8767086248876
0.0,-0.25,-180.3067222305882
0.0,-0.25,-136.99777176277573
0.0,-0.25,-179.13471230171407
0.0,-0.25,-159.00226912109235
0.0,-0.25,-149.2320795431643
0.0,-0.25,-178.41693385533864
0.0,-0.25,-170.99552623031826
0.0,-0.25,-166.6924961347513
0.0,-0.25,-158.47374782495496
0.0,-0.25,-184.91940140926113
0.0,-0.25,-163.27782103406247
0.0,-0.25,-159.42459262359253
0.0,-0.25,-165.4545938560431
0.0,-0.25,-144.07379641674646
0.0,-0.25,-150.78767232216433
0.0,-0.25,-173.82114019402468
0.0,-0.25,-151.42844909039604
0.0,-0.25,-187.93927735070773
0.0,-0.25,-161.29020999917003
0.0,-0.25,-161.6564019233219
0.0,-0.25,-168.98424345013896
0.0,-0.25,-166.78753636591628
0.0,-0.25,-142.5944783356522
0.0,-0.25,-160.17594248675368
0.0,-0.25,-145.8802654901794
0.0,-0.25,-187.02881140594974
0.0,-0.25,-148.4143266968242
0.0,-0.25,-193.00092550614661
0.0,-0.25,-191.11452786811623
0.0,-0.25,-166.52872201724767
0.0,-0.25,-161.65618316781467
0.0,-0.25,-129.12586122912563
0.0,-0.25,-140.32451872508997
0.0,-0.25,-165.52646964856535
0.0,-0.25,-162.67055531004178
0.0,-0.25,-144.95593757562327
0.0,-0.25,-156.37725754503748
0.0,-0.25,-170.865906202482
0.0,-0.25,-187.594600418067
0.0,-0.25,-196.3208809253786
0.0,-0.25,-143.31890391667542
0.0,-0.25,-168.11462018539873
0.0,-0.25,-187.81666374444168
0.0,-0.25,-161.29353046604558
0.0,-0.25,-157.2145359858431
0.0,-0.25,-150.22508314818086
0.0,-0.25,-165.11590214221926
0.0,-0.25,-180.75337004184507
0.0,-0.25,-190.69257975017737
0.0,-0.25,-145.9103758856491
0.0,-0.25,-162.63724877173138
0.0,-0.25,-156.7144175076716
0.0,-0.25,-191.88998981137087
0.0,-0.25,-162.71872654774918
0.0,-0.25,-162.38375530777236
0.0,-0.25,-147.3283237953043
0.0,-0.25,-139.53710641692732
0.0,-0.25,-187.34115184464176
0.0,-0.25,-175.5696780635956
0.0,-0.25,-167.986860176566
0.0,-0.25,-175.0576331589095
0.0,-0.25,-163.71054206312394
0.0,-0.25,-161.94962430763158
0.0,-0.25,-170.1354236141291
0.0,-0.25,-188.97106928814915
0.0,-0.25,-162.01817841873645
0.0,-0.25,-152.91130807406594
0.0,-0.25,-181.4212051054525
0.0,-0.25,-160.5773490156855
0.0,-0.25,-147.65128865529712
0.0,-0.25,-195.9861815390626
0.0,-0.25,-164.78526495091424
0.0,-0.25,-154.66959721089722
0.0,-0.25,-169.85897094648044
0.0,-0.25,-165.37481524847172
0.0,-0.25,-167.60099933357967
0.0,-0.25,-157.28912955353098
0.0,-0.25,-166.13286458035006
0.0,-0.25,-143.19910485577677
0.0,-0.25,-167.6050249919955
0.0,-0.25,-151.86167413706443
0.0,-0.25,-149.8338212663936
0.0,-0.25,-161.02024487806597
0.0,-0.25,-176.28621110027976
0.0,-0.25,-157.4555989696162
0.0,-0.25,-154.05080799113443
0.0,-0.25,-162.2560308050927
0.0,-0.25,-171.42398658646357
0.0,-0.25,-169.84418709739347
0.0,-0.25,-167.61578967568758
0.0,-0.25,-174.88533826474483
0.0,-0.25,-161.91287621679422
0.0,-0.25,-153.5587016945603
0.0,-0.25,-164.8409026273131
0.0,-0.25,-156.6895591775529
0.0,-0.25,-176.71510982500865
0.0,-0.25,-155.69495114075104
0.0,-0.25,-187.12825239465207
0.0,-0.25,-148.2880904857697
0.0,-0.25,-171.68257531694954
0.0,-0.25,-186.47504544124962
0.0,-0.25,-145.75929873042077
0.0,-0.25,-148.72608499657338
0.0,-0.25,-161.7035418792301
0.0,-0.25,-190.1446811578396
0.0,-0.25,-178.26624071828815
0.0,-0.25,-165.38203418838756
0.0,-0.25,-170.08058936267832
0.0,-0.25,-149.93931650245125
0.0,-0.25,-175.69756272482275
0.0,-0.25,-175.54682725288268
0.0,-0.25,-147.97278653860218
0.0,-0.25,-133.87104325122203
0.0,-0.25,-162.72808797617242
0.0,-0.25,-173.04372519712925
0.0,-0.25,-193.2044920104833
0.0,-0.25,-167.48869603122978
0.0,-0.25,-185.19857600379913
0.0,-0.25,-161.30220059666334
0.0,-0.25,-169.70972727289754
0.0,-0.25,-180.0542132545619
0.0,-0.25,-170.9211305989654
0.0,-0.25,-139.20975100647718
0.0,-0.25,-175.87447085583017
0.0,-0.25,-132.37127029398494
0.0,-0.25,-150.48372240442342
0.0,-0.25,-181.89742824228153
0.0,-0.25,-163.71289565847417
0.0,-0.25,-177.8535010521265
0.0,-0.25,-180.22727016764262
0.0,-0.25,-157.82010986383557
0.0,-0.25,-164.59450513009313
0.0,-0.25,-154.98882118808032
0.0,-0.25,-145.6629440045772
0.0,-0.25,-164.5895467472163
0.0,-0.25,-169.15910843140813
0.0,-0.25,-134.11155524037966
0.0,-0.25,-171.06459328723417
0.0,-0.25,-173.23757476557415
0.0,-0.25,-153.92597021971818
0.0,-0.25,-154.42783634553885
0.0,-0.25,-154.79227365075064
0.0,-0.25,-149.9108280452213
0.0,-0.25,-173.62320394887246
0.0,-0.25,-177.43217886862175
0.0,-0.25,-156.86387536662446
0.0,-0.25,-151.08634131196808
0.0,-0.25,-169.57618363066274
0.0,-0.25,-137.82449839832495
0.0,-0.25,-155.37095677838184
0.0,-0.25,-143.40398464780583
0.0,-0.25,-168.56721287369533
0.0,-0.25,-155.5253151280423
0.0,-0.25,-145.14929873281454
0.0,-0.25,-161.3443662086067
0.0,-0.25,-170.44990826624755
0.0,-0.25,-147.90929083900167
0.0,-0.25,-135.19010763702704
0.0,-0.25,-141.09833270797705
0.0,-0.25,-155.50709216412696
0.0,-0.25,-169.07180386022654
0.0,-0.25,-165.9447995618042
0.0,-0.25,-166.92753040454113
0.0,-0.25,-161.166289170667
0.0,-0.25,-160.32180589506933
0.0,-0.25,-181.78489258526636
0.0,-0.25,-131.2728116967956
0.0,-0.25,-173.8313233535506
0.0,-0.25,-166.77741753367843
0.0,-0.25,-159.49461299725712
0.0,-0.25,-185.7471116928439
0.0,-0.25,-170.40601013020063
0.0,-0.25,-153.12333243858222
0.0,-0.25,-165.46176095342688
0.0,-0.25,-152.88652799545804
0.0,-0.25,-175.69344680729347
0.0,-0.25,-185.26876078787882
0.0,-0.25,-172.44931316128148
0.0,-0.25,-145.44818011820618
0.0,-0.25,-140.1638159766576
0.0,-0.25,-164.56107692357887
0.0,-0.25,-161.0253634686487
0.0,-0.25,-142.95175782503435
0.0,-0.25,-185.79314007362458
0.0,-0.25,-173.78471827316181
0.0,-0.25,-137.01661485363886
0.0,-0.25,-163.77311167073492
0.0,-0.25,-173.23796619060747
0.0,-0.25,-158.10460759598715
0.0,-0.25,-140.63169915729813
0.0,-0.25,-176.68329694213452
0.0,-0.25,-130.99003139867455
0.0,-0.25,-166.88068875288786
0.0,-0.25,-152.04492393145782
0.0,-0.25,-178.32696750305257
0.0,-0.25,-196.21785962802966
0.0,-0.25,-133.02547088066277
0.0,-0.25,-169.86319320962716
0.0,-0.25,-146.49424990904774
0.0,-0.25,-171.33819789579803
0.0,-0.25,-154.2024317868544
0.0,-0.25,-152.28241303348545
0.0,-0.25,-192.09956300430096
0.0,-0.25,-158.85653260744567
0.0,-0.25,-138.70946370741623
0.0,-0.25,-189.239560668682
0.0,-0.25,-165.61742063161506
0.0,-0.25,-151.36111378872494
0.0,-0.25,-137.32744024197194
0.0,-0.25,-163.69459761672007
0.0,-0.25,-183.57676216549723
0.0,-0.25,-172.17867910934015
0.0,-0.25,-149.88151789346324
0.0,-0.25,-162.16155370959927
0.0,-0.25,-183.4403285032747
0.0,-0.25,-137.2335026505854
0.0,-0.25,-188.31056035271106
0.0,-0.25,-155.3198967782515
0.0,-0.25,-165.91229464676744
0.0,-0.25,-153.22311905067647
0.0,-0.25,-180.01187762331867
0.0,-0.25,-140.41360889027894
0.0,-0.25,-170.13650686745538
0.0,-0.25,-154.62129391663296
0.0,-0.25,-165.92697427481482
0.0,-0.25,-137.84052886563208
0.0,-0.25,-161.4074294546903
0.0,-0.25,-189.3688830332728
0.0,-0.25,-145.41799484906477
0.0,-0.25,-152.61445497424293
0.0,-0.25,-190.907051777512
0.0,-0.25,-176.28985728728105
0.0,-0.25,-171.0481556733637
0.0,-0.25,-171.1187801247126
0.0,-0.25,-167.819989808412
0.0,-0.25,-168.49509537787168
0.0,-0.25,-152.16941106591983
0.0,-0.25,-184.726832215332
0.0,-0.25,-133.31712534489526
0.0,-0.25,-179.84906733236457
0.0,-0.25,-174.8669467354085
0.0,-0.25,-153.1240572159249
0.0,-0.25,-155.37331183335655
0.0,-0.25,-155.6611158936929
0.0,-0.25,-165.5116929025527
0.0,-0.25,-145.54523965288448
0.0,-0.25,-182.510518962938
0.0,-0.25,-154.36038722429893
0.0,-0.25,-168.2528441935201
0.0,-0.25,-168.1514317710632
0.0,-0.25,-166.37017009617722
0.0,-0.25,-134.54721295736258
0.0,-0.25,-142.07660361523367
0.0,-0.25,-179.85994372014045
0.0,-0.25,-170.4141526914418
0.0,-0.25,-163.1915520985499
0.0,-0.25,-164.23998641918104
0.0,-0.25,-159.55553107251413
0.0,-0.25,-149.51771513360612
0.0,-0.25,-182.40832583611038
0.0,-0.25,-176.2747938587538
0.0,-0.25,-147.29251794424385
0.0,-0.25,-161.88142398655646
0.0,-0.25,-154.30894707195517
0.0,-0.25,-131.84188514025095
0.0,-0.25,-165.54701198380025
0.0,-0.25,-163.08239044843373
0.0,-0.25,-166.0922546044323
0.0,-0.25,-145.0986525048403
0.0,-0.25,-168.1484114338688
0.0,-0.25,-153.6631254555233
0.0,-0.25,-154.25891996205476
0.0,-0.25,-137.17381024830547
0.0,-0.25,-167.20717839874644
0.0,-0.25,-140.87870259663723
0.0,-0.25,-162.5459953511446
0.0,-0.25,-175.97315487729952
0.0,-0.25,-152.52922935859343
0.0,-0.25,-176.87250176192495
0.0,-0.25,-148.59977483171954
0.0,-0.25,-183.7876838414274
0.0,-0.25,-177.0605010454601
0.0,-0.25,-160.95991225612994
0.0,-0.25,-138.48009143349284
0.0,-0.25,-175.60893204847824
0.0,-0.25,-133.56683683339304
0.0,-0.25,-162.1648708359813
0.0,-0.25,-159.75793886383073
0.0,-0.25,-128.70088438305396
0.0,-0.25,-162.2101768366732
0.0,-0.25,-153.64166311252845
0.0,-0.25,-134.39997732137027
0.0,-0.25,-130.51360333547365
0.0,-0.25,-167.40700336633228
0.0,-0.25,-170.56760660708466
0.0,-0.25,-171.1276338772498
0.0,-0.25,-146.69884147729286
0.0,-0.25,-149.34794106741612
0.0,-0.25,-161.15663714780501
0.0,-0.25,-185.6075274384674
0.0,-0.25,-168.51456373549524
0.0,-0.25,-167.05825047983544
0.0,-0.25,-136.75011940596713
0.0,-0.25,-148.5691583366783
0.0,-0.25,-195.69770895503146
0.0,-0.25,-162.6739995461719
0.0,-0.25,-143.6076827358707
0.0,-0.25,-151.66002038449366
0.0,-0.25,-161.3253051907936
0.0,-0.25,-119.14516006777076
0.0,-0.25,-142.65228809411917
0.0,-0.25,-166.50118354452295
0.0,-0.25,-159.1574321829378
0.0,-0.25,-156.9152146395478
0.0,-0.25,-144.08603227011912
0.0,-0.25,-162.9881479628225
0.0,-0.25,-192.76884840432032
0.0,-0.25,-127.65553323009141
0.0,-0.25,-158.87858816732933
0.0,-0.25,-155.544339046777
0.0,-0.25,-154.22067708422304
0.0,-0.25,-165.31633343358482
0.0,-0.25,-186.43188676863755
0.0,-0.25,-176.4444188525674
0.0,-0.25,-185.3724316373382
0.0,-0.25,-155.46603763823265
0.0,-0.25,-176.02980791413916
0.0,-0.25,-162.3777205723453
0.0,-0.25,-176.60698267462425
0.0,-0.25,-192.21237136237514
0.0,-0.25,-140.08594614898337
0.0,-0.25,-153.61216217291135
0.0,-0.25,-157.87832541099436
0.0,-0.25,-174.03022752053712
0.0,-0.25,-169.64355445617355
0.0,-0.25,-151.71875262583407
0.0,-0.25,-169.55668105377947
0.0,-0.25,-161.5706054738266
0.0,-0.25,-163.83895004888734
0.0,-0.25,-163.22068384198812
0.0,-0.25,-186.93182113031463
0.0,-0.25,-143.6803010101646
0.0,-0.25,-133.02659856109446
0.0,-0.25,-160.6468102367936
0.0,-0.25,-136.5223760092521
0.0,-0.25,-186.4885573187605
0.0,-0.25,-143.90954577580683
0.0,-0.25,-169.1052842142654
0.0,-0.25,-160.11231177322682
0.0,-0.25,-179.8604008706448
0.0,-0.25,-153.36127193568927
0.0,-0.25,-153.34586963601078
0.0,-0.25,-167.2249165169416
0.0,-0.25,-162.28017191477792
0.0,-0.25,-155.63888063492564
0.0,-0.25,-171.3000763974662
0.0,-0.25,-189.59233374309525
0.0,-0.25,-184.20237182314193
0.0,-0.25,-177.42281160849728
0.0,-0.25,-157.514017100876
0.0,-0.25,-160.8486006308731
0.0,-0.25,-172.2782841621702
0.0,-0.25,-146.90740674263287
0.0,-0.25,-138.55126792574103
0.0,-0.25,-136.64015892214766
0.0,-0.25,-199.00136352391812
0.0,-0.25,-135.70574625025708
0.0,-0.25,-161.95771371263183
0.0,-0.25,-140.36356240822576
0.0,-0.25,-168.70435289307676
0.0,-0.25,-190.9683757099098
0.0,-0.25,-158.19803507642925
0.0,-0.25,-163.17136956089655
0.0,-0.25,-143.09098176082412
0.0,-0.25,-182.67425657060713
0.0,-0.25,-163.00602151776204
0.0,-0.25,-145.44763299663282
0.0,-0.25,-166.42388134768467
0.0,-0.25,-138.62533186521077
0.0,-0.25,-156.96395286417794
0.0,-0.25,-143.16838731604275
0.0,-0.25,-173.83652582857837
0.0,-0.25,-160.75731439419624
0.0,-0.25,-140.42376074537404
0.0,-0.25,-130.8979308814263
0.0,-0.25,-139.53726738312398
0.0,-0.25,-160.36840101847892
0.0,-0.25,-165.30648433494287
0.0,-0.25,-179.67527757389115
0.0,-0.25,-171.4919896763893
0.0,-0.25,-167.41566219875898
0.0,-0.25,-191.49075578873206
0.0,-0.25,-174.17580508589913
0.0,-0.25,-161.07479682205584
0.0,-0.25,-168.599178119057
0.0,-0.25,-179.02176632161988
0.0,-0.25,-162.49473260512326
0.0,-0.25,-160.9134068352339
0.0,-0.25,-181.37753693815455
0.0,-0.25,-186.56614058444615
0.0,-0.25,-162.22095652694983
0.0,-0.25,-127.61709879116081
0.0,-0.25,-163.3379455128264
0.0,-0.25,-137.56732238461805
0.0,-0.25,-176.08493958075127
0.0,-0.25,-169.31880676323087
0.0,-0.25,-168.84046675103147
0.0,-0.25,-168.3229189990115
0.0,-0.25,-153.1007500877603
0.0,-0.25,-158.583159535616
0.0,-0.25,-139.44435696331573
0.0,-0.25,-161.65768596621638
0.0,-0.25,-153.96505186905634
0.0,-0.25,-173.62920275381683
0.0,-0.25,-141.5005034367508
0.0,-0.25,-138.54575292419915
0.0,-0.25,-153.17717549547913
0.0,-0.25,-153.22633732955003
0.0,-0.25,-167.4808766527613
0.0,-0.25,-174.21138398477436
0.0,-0.25,-144.9835709652914
0.0,-0.25,-151.66046134270533
0.0,-0.25,-173.83134445358075
0.0,-0.25,-153.68843604390952
0.0,-0.25,-174.21346835586468
0.0,-0.25,-159.70045635382127
0.0,-0.25,-168.35708427607926
0.0,-0.25,-177.99342385454005
0.0,-0.25,-151.12403200967717
0.0,-0.25,-137.32039111475802
0.0,-0.25,-191.03554271435266
0.0,-0.25,-144.83228614418317
0.0,-0.25,-172.75809575724568
0.0,-0.25,-145.4920330883667
0.0,-0.25,-153.03825465845475
0.0,-0.25,-189.3005947040898
0.0,-0.25,-189.84578466121292
0.0,-0.25,-186.52701274656542
0.0,-0.25,-149.3908775752223
0.0,-0.25,-168.3345069559523
0.0,-0.25,-171.60360766633974
0.0,-0.25,-157.5894609201481
0.0,-0.25,-143.60606722780267
0.0,-0.25,-163.56688694797037
0.0,-0.25,-176.40111601650318
0.0,-0.25,-154.88236581811043
0.0,-0.25,-193.65375562525577
0.0,-0.25,-135.88722509818734
0.0,-0.25,-184.51677424655574
0.0,-0.25,-149.80228929864904
0.0,-0.25,-147.2732277490174
0.0,-0.25,-134.51057743763835
0.0,-0.25,-183.25677937062468
0.0,-0.25,-160.94626007689095
0.0,-0.25,-177.93172083353394
0.0,-0.25,-177.23367706235405
0.0,-0.25,-132.07561663337478
0.0,-0.25,-166.37511662874212
0.0,-0.25,-154.36083631127676
0.0,-0.25,-158.0261785860887
0.0,-0.25,-137.76893294776193
0.0,-0.25,-183.27619812426494
0.0,-0.25,-149.25050962932505
0.0,-0.25,-162.58268850491928
0.0,-0.25,-171.71437548943615
0.0,-0.25,-187.96506250938572
0.0,-0.25,-138.996126065428
0.0,-0.25,-140.7499388234887
0.0,-0.25,-151.93670494274164
0.0,-0.25,-163.3965130781996
0.0,-0.25,-148.80912497281264
0.0,-0.25,-189.00991052147378
0.0,-0.25,-165.89831495168616
0.0,-0.25,-141.9420652279764
0.0,-0.25,-163.4476660597113
0.0,-0.25,-174.69328546687964
0.0,-0.25,-154.32094148754854
0.0,-0.25,-188.41868821143004
0.0,-0.25,-161.6420044060533
0.0,-0.25,-139.93146469443184
0.0,-0.25,-160.0185872103015
0.0,-0.25,-191.9478942391077
0.0,-0.25,-180.94784119440405
0.0,-0.25,-145.46498631429648
0.0,-0.25,-174.02597647942153
0.0,-0.25,-166.28625173900818
0.0,-0.25,-145.81708811083251
0.0,-0.25,-197.17409238025198
0.0,-0.25,-144.58260411834686
0.0,-0.25,-181.5971935786685
0.0,-0.25,-157.63483924814486
0.0,-0.25,-156.22735011530398
0.0,-0.25,-157.3306562733836
0.0,-0.25,-176.291233662721
0.0,-0.25,-177.27992678072812
0.0,-0.25,-156.6578947700151
0.0,-0.25,-176.20593847250325
0.0,-0.25,-160.5621695898499
0.0,-0.25,-163.6662726117198
0.0,-0.25,-154.8655397625583
0.0,-0.25,-151.74249258901227
0.0,-0.25,-166.37024287574243
0.0,-0.25,-147.24676522554168
0.0,-0.25,-154.06203735159545
0.0,-0.25,-140.2447977319217
0.0,-0.25,-133.13301838513098
0.0,-0.25,-167.44032801495263
0.0,-0.25,-144.96214995628932
0.0,-0.25,-146.3739131363951
0.0,-0.25,-163.6790967381614
0.0,-0.25,-166.087713239275
0.0,-0.25,-171.55350579902876
0.0,-0.25,-141.0845595532147
0.0,-0.25,-163.2607251604174
0.0,-0.25,-161.8618073484412
0.0,-0.25,-165.20512364645813
0.0,-0.25,-178.23624656512138
0.0,-0.25,-152.23988819803972
0.0,-0.25,-158.42563095912544
0.0,-0.25,-172.22749636646427
0.0,-0.25,-151.18748263463416
0.0,-0.25,-147.33243882965934
0.0,-0.25,-140.22292860461397
0.0,-0.25,-161.64880728713604
0.0,-0.25,-188.0652264686317
0.0,-0.25,-154.86721425948826
0.0,-0.25,-179.23216376586936
0.0,-0.25,-149.03698276433272
0.0,-0.25,-166.6128395860332
0.0,-0.25,-174.74662026955602
0.0,-0.25,-182.40775203446861
0.0,-0.25,-132.78721277321563
0.0,-0.25,-155.06063339195177
0.0,-0.25,-145.32353271210718
0.0,-0.25,-151.50153328971518
0.0,-0.25,-165.2049108593575
0.0,-0.25,-137.6255743523683
0.0,-0.25,-182.49034125431876
0.0,-0.25,-161.01843471823787
0.0,-0.25,-144.03613450120207
0.0,-0.25,-131.66901030494492
0.0,-0.25,-129.90019737517724
0.0,-0.25,-179.07037485298426
0.0,-0.25,-162.59115783911452
0.0,-0.25,-184.12063619399675
0.0,-0.25,-144.81571265778214
0.0,-0.25,-167.00121272805188
0.0,-0.25,-140.0105540607942
0.0,-0.25,-141.55776161175683
0.0,-0.25,-156.25286268984766
0.0,-0.25,-130.45705515837324
0.0,-0.25,-186.09042579369304
0.0,-0.25,-166.7331712975645
0.0,-0.25,-142.10208251951983
0.0,-0.25,-186.18028144018822
0.0,-0.25,-163.55747673464606
0.0,-0.25,-186.19959534699316
0.0,-0.25,-174.65673087631671
0.0,-0.25,-187.8782336064969
0.0,-0.25,-160.72663554343794
0.0,-0.25,-132.39548900860518
0.0,-0.25,-160.88650673773415
0.0,-0.25,-154.43406198403213
0.0,-0.25,-155.86567880727836
0.0,-0.25,-154.6864376789351
0.0,-0.25,-152.52335404604025
0.0,-0.25,-149.1710275945707
0.0,-0.25,-173.16899929522413
0.0,-0.25,-163.3347499335808
0.0,-0.25,-145.71310400073708
0.0,-0.25,-172.99820146486016
0.0,-0.25,-144.92701652622313
0.0,-0.25,-171.34186140506606
0.0,-0.25,-145.0764130497395
0.0,-0.25,-159.70521860426493
0.0,-0.25,-139.5344935768324
0.0,-0.25,-131.94026990324392
0.0,-0.25,-147.78407983424182
0.0,-0.25,-151.3799580381688
0.0,-0.25,-142.97748561629692
0.0,-0.25,-150.45776167189973
0.0,-0.25,-167.97924372112809
0.0,-0.25,-175.64560896184247
0.0,-0.25,-157.2089965686934
0.0,-0.25,-151.26716535099013
0.0,-0.25,-147.0146427431525
0.0,-0.25,-171.86486727120047
0.0,-0.25,-175.00378699549478
0.0,-0.25,-176.49624367834167
0.0,-0.25,-177.96865603755182
0.0,-0.25,-148.81825563414992
0.0,-0.25,-165.4950944634028
0.0,-0.25,-151.4606236672495
0.0,-0.25,-179.52050939636854
0.0,-0.25,-177.12241695101028
0.0,-0.25,-158.31787373715824
0.0,-0.25,-174.2016908054291
0.0,-0.25,-130.82232585719822
0.0,-0.25,-182.72189269785474
0.0,-0.25,-141.34935617617393
0.0,-0.25,-153.50758506271728
0.0,-0.25,-182.95613608081686
0.0,-0.25,-155.50092668018942
0.0,-0.25,-138.64934298910325
0.0,-0.25,-157.392202196387
0.0,-0.25,-154.89958819408633
0.0,-0.25,-153.16535366613556
0.0,-0.25,-137.96788549994594
0.0,-0.25,-159.45939215077027
0.0,-0.25,-154.16150214049975
0.0,-0.25,-153.72764008299626
0.0,-0.25,-128.9538709061373
0.0,-0.25,-187.3924203749705
0.0,-0.25,-183.46054986808062
0.0,-0.25,-172.0989386790995
0.0,-0.25,-172.42046568151622
0.0,-0.25,-193.99237920900887
0.0,-0.25,-145.92933274785324
0.0,-0.25,-184.89592603762213
0.0,-0.25,-151.83950367829337
0.0,-0.25,-176.98431692964337
0.0,-0.25,-163.27579715292865
0.0,-0.25,-166.85487033695074
0.0,-0.25,-183.6193201599518
0.0,-0.25,-134.88088339666905
0.0,-0.25,-148.12715764767606
0.0,-0.25,-175.36349332988019
0.0,-0.25,-158.9547845280842
0.0,-0.25,-128.67600977492796
0.0,-0.25,-161.9278038952528
0.0,-0.25,-173.49527976566017
0.0,-0.25,-150.50453243492572
0.0,-0.25,-149.22179877268408
0.0,-0.25,-190.3138379778077
0.0,-0.25,-150.0794811956597
0.0,-0.25,-157.8468009507151
0.0,-0.25,-159.4768355021126
0.0,-0.25,-191.49144943411508
0.0,-0.25,-160.52099208353567
0.0,-0.25,-169.88432961695835
0.0,-0.25,-185.09816178692077
0.0,-0.25,-165.98561479129452
0.0,-0.25,-157.16782745112516
0.0,-0.25,-167.5165995069334
0.0,-0.25,-131.28613032102862
0.0,-0.25,-185.68517601009495
0.0,-0.25,-168.71105509307958
0.0,-0.25,-186.9511108602206
0.0,-0.25,-140.09622054731895
0.0,-0.25,-153.62152945427206
0.0,-0.25,-153.1856254948455
0.0,-0.25,-165.520167622872
0.0,-0.25,-148.38527914391068
0.0,-0.25,-171.07569024726962
0.0,-0.25,-157.46903019479063
0.0,-0.25,-150.72255982638123
0.0,-0.25,-176.64112816235124
0.0,-0.25,-168.0641214965287
0.0,-0.25,-153.61661602087423
0.0,-0.25,-161.83390374644196
0.0,-0.25,-179.21975339441147
0.0,-0.25,-178.34648619082114
0.0,-0.25,-138.6974300784456
0.0,-0.25,-165.13113878649864
0.0,-0.25,-154.73118964971707
0.0,-0.25,-168.26091903927247
0.0,-0.25,-170.72576374580748
0.0,-0.25,-180.92324931524686
0.0,-0.25,-130.78171548334257
0.0,-0.25,-184.8218287808765
0.0,-0.25,-170.74477618751405
0.0,-0.25,-158.9586947156991
0.0,-0.25,-169.4419083110878
0.0,-0.25,-162.5192914291295
0.0,-0.25,-150.09900420911308
0.0,-0.25,-169.4241258130488
0.0,-0.25,-186.81942401979126
0.0,-0.25,-163.26310512152355
0.0,-0.25,-154.93295985157275
0.0,-0.25,-188.77248808095834
0.0,-0.25,-175.3349932525273
0.0,-0.25,-138.57479641859558
0.0,-0.25,-143.8151593463158
0.0,-0.25,-149.39182403274106
0.0,-0.25,-168.77316937353865
0.0,-0.25,-142.86962371385417
0.0,-0.25,-185.68213113475258
0.0,-0.25,-138.62212435351339
0.0,-0.25,-156.36869384520324
0.0,-0.25,-175.5688751066219
0.0,-0.25,-162.35776281152857
0.0,-0.25,-145.66310728909346
0.0,-0.25,-137.5109107303411
0.0,-0.25,-170.4602345219616
0.0,-0.25,-162.2266664963804
0.0,-0.25,-175.5522885582754
0.0,-0.25,-195.22158617084654
0.0,-0.25,-177.43456426075335
0.0,-0.25,-171.60821521838054
0.0,-0.25,-169.8491038862613
0.0,-0.25,-162.41296332884954
0.0,-0.25,-173.93893597374785
0.0,-0.25,-144.7694407896985
0.0,-0.25,-162.56440249727885
0.0,-0.25,-173.64853243726824
0.0,-0.25,-137.5352549233086
0.0,-0.25,-148.80300008674396
0.0,-0.25,-139.5331160265145
0.0,-0.25,-141.83398692929535
0.0,-0.25,-148.8272678784087
0.0,-0.25,-150.14690375701596
0.0,-0.25,-146.6178417186024
0.0,-0.25,-152.98375958228547
0.0,-0.25,-171.6142766274975
0.0,-0.25,-188.01418660644376
0.0,-0.25,-153.68379184155467
0.0,-0.25,-154.9406282458382
0.0,-0.25,-141.68952207982667
0.0,-0.25,-154.44838173788767
0.0,-0.25,-155.9996932497161
0.0,-0.25,-168.91209570680337
0.0,-0.25,-147.60798831759607
0.0,-0.25,-169.6118267936053
0.0,-0.25,-172.00360363830782
0.0,-0.25,-141.3914760992028
0.0,-0.25,-129.02768266516682
0.0,-0.25,-179.14424160453018
0.0,-0.25,-184.42300440431657
0.0,-0.25,-144.5891638442262
0.0,-0.25,-124.32492954597373
0.0,-0.25,-137.49100499381885
0.0,-0.25,-165.5116767562277
0.0,-0.25,-160.8359445378803
0.0,-0.25,-150.12206423232985
0.0,-0.25,-133.69808500419919
0.0,-0.25,-159.1797817520085
0.0,-0.25,-171.8359122015163
0.0,-0.25,-146.1830345280418
0.0,-0.25,-161.6223817586273
0.0,-0.25,-127.52038411476393
0.0,-0.25,-156.33002187120888
0.0,-0.25,-142.3965320959064
0.0,-0.25,-161.49193284785844
0.0,-0.25,-146.795564462785
0.0,-0.25,-173.1870503405504
0.0,-0.25,-178.4812541973202
0.0,-0.25,-172.13870262751692
0.0,-0.25,-172.2332282088179
0.0,-0.25,-148.5322408537841
0.0,-0.25,-167.29044589598934
0.0,-0.25,-195.4561489980608
0.0,-0.25,-180.86597719607303
0.0,-0.25,-151.38015543930004
0.0,-0.25,-166.20138380961112
0.0,-0.25,-172.61236653266494
0.0,-0.25,-151.96755858315268
0.0,-0.25,-143.087170041745
0.0,-0.25,-176.24672080005735
0.0,-0.25,-144.75190052240222
0.0,-0.25,-169.891692757496
0.0,-0.25,-140.93294376851358
0.0,-0.25,-189.95762955200206
0.0,-0.25,-134.6579348360388
0.0,-0.25,-149.4647096157714
0.0,-0.25,-150.64412075151657
0.0,-0.25,-180.04419990131342
0.0,-0.25,-141.33535843375785
0.0,-0.25,-144.85246954380287
0.0,-0.25,-142.74285345576456
0.0,-0.25,-154.33844863027502
0.0,-0.25,-160.08169679130123
0.0,-0.25,-175.62587514939966
0.0,-0.25,-161.44666850299885
0.0,-0.25,-134.22456414055574
0.0,-0.25,-150.21395133835074
0.0,-0.25,-176.20119298898206
0.0,-0.25,-174.80585203147172
0.0,-0.25,-144.27790963581
0.0,-0.25,-174.32756522338448
0.0,-0.25,-172.22259714580505
0.0,-0.25,-154.44284656481472
0.0,-0.25,-166.60571767690408
0.0,-0.25,-154.54623955940679
0.0,-0.25,-188.45799123781342
0.0,-0.25,-151.49207186175025
0.0,-0.25,-159.98932811269972
0.0,-0.25,-157.55909859071508
0.0,-0.25,-166.69276589951926
0.0,-0.25,-157.2904758394452
0.0,-0.25,-184.36907603209497
0.0,-0.25,-160.59547647343632
0.0,-0.25,-179.58832139115054
0.0,-0.25,-160.3203645185474
0.0,-0.25,-185.8253507599662
0.0,-0.25,-157.0372253291152
0.0,-0.25,-171.60827684753713
0.0,-0.25,-152.44538355810735
0.0,-0.25,-178.32802923262108
0.0,-0.25,-179.8576115028639
0.0,-0.25,-158.07878957759272
0.0,-0.25,-183.66665548536662
0.0,-0.25,-160.55113251834118
0.0,-0.25,-195.87624304390644
0.0,-0.25,-179.6777118184603
0.0,-0.25,-153.34193553455168
0.0,-0.25,-137.23748311516204
0.0,-0.25,-154.98606892152267
0.0,-0.25,-144.27120442628538
0.0,-0.25,-148.56944828688125
0.0,-0.25,-130.23698597215133
0.0,-0.25,-151.44367759093706
0.0,-0.25,-163.76996877705466
0.0,-0.25,-165.56900468703765
0.0,-0.25,-165.63620443011638
0.0,-0.25,-169.69053238099985
0.0,-0.25,-154.06672141809545
0.0,-0.25,-183.45365064618255
0.0,-0.25,-138.29515680596685
0.0,-0.25,-175.683500842605
0.0,-0.25,-170.84951321913198
0.0,-0.25,-153.904043933869
0.0,-0.25,-194.16714935300942
0.0,-0.25,-172.48723224375985
0.0,-0.25,-160.42196083016736
0.0,-0.25,-146.8516637677816
0.0,-0.25,-162.28015040380538
0.0,-0.25,-156.82263475361836
0.0,-0.25,-150.46582469798477
0.0,-0.25,-140.8283058022564
0.0,-0.25,-165.62784477928133
0.0,-0.25,-157.43230288571343
0.0,-0.25,-175.73543621346522
0.0,-0.25,-169.30573991234968
0.0,-0.25,-144.82946117486466
0.0,-0.25,-174.8995050593844
0.0,-0.25,-144.90363413939977
0.0,-0.25,-142.6811501702419
0.0,-0.25,-160.98245110595448
0.0,-0.25,-144.59208695014237
0.0,-0.25,-177.9676893113905
0.0,-0.25,-174.50337059574
0.0,-0.25,-135.5232954726851
0.0,-0.25,-177.45360996375325
0.0,-0.25,-189.60058749996142
0.0,-0.25,-166.9551368085713
0.0,-0.25,-185.6151888061905
0.0,-0.25,-151.98210766924825
0.0,-0.25,-161.68134006399677
0.0,-0.25,-188.51666119902256
0.0,-0.25,-163.52915266276423
0.0,-0.25,-155.3958547137387
0.0,-0.25,-152.88622906618858
0.0,-0.25,-176.87822121519983
0.0,-0.25,-149.91273828832345
0.0,-0.25,-177.22798828092337
0.0,-0.25,-167.71051914751035
0.0,-0.25,-180.826493756193
0.0,-0.25,-160.84398410759096
0.0,-0.25,-149.8052082306511
0.0,-0.25,-155.58299610206706
0.0,-0.25,-169.84844167268662
0.0,-0.25,-187.92092034984776
0.0,-0.25,-129.3666850061817
0.0,-0.25,-134.28568541808676
0.0,-0.25,-179.09827586524614
0.0,-0.25,-182.24885059073986
0.0,-0.25,-167.91213332430928
0.0,-0.25,-149.70778947352085
0.0,-0.25,-141.6432955519249
0.0,-0.25,-150.06561481537202
0.0,-0.25,-174.13292527917355
0.0,-0.25,-174.90681193657764
0.0,-0.25,-163.67331829082576
0.0,-0.25,-160.72369261986807
0.0,-0.25,-181.3452947227011
0.0,-0.25,-135.09661875955194
0.0,-0.25,-138.28985844256343
0.0,-0.25,-174.32989894076346
0.0,-0.25,-187.77906152098095
0.0,-0.25,-167.44978311431223
0.0,-0.25,-142.17666053626746
0.0,-0.25,-136.71603080026685
0.0,-0.25,-143.13116035591656
0.0,-0.25,-149.38743092668787
0.0,-0.25,-194.13790094637747
0.0,-0.25,-159.07364187471475
0.0,-0.25,-139.71830305449606
0.0,-0.25,-160.27476965254758
0.0,-0.25,-172.1603367458023
0.0,-0.25,-142.10022465993768
0.0,-0.25,-164.12430343930532
0.0,-0.25,-171.02010053291136
0.0,-0.25,-148.55514718198896
0.0,-0.25,-170.85604037810464
0.0,-0.25,-166.73458679978407
0.0,-0.25,-142.88254081641043
0.0,-0.25,-162.91839603432447
0.0,-0.25,-132.65662801217098
0.0,-0.25,-166.666097280631
0.0,-0.25,-155.20520642233203
0.0,-0.25,-173.79415728396012
0.0,-0.25,-156.02750371862928
0.0,-0.25,-157.89385772220845
0.0,-0.25,-160.316266186874
0.0,-0.25,-133.10823927009497
0.0,-0.25,-184.83605318065486
0.0,-0.25,-155.40026195581507
0.0,-0.25,-194.04448113433773
0.0,-0.25,-170.5708048262931
0.0,-0.25,-140.00588050312265
0.0,-0.25,-161.15971514996141
0.0,-0.25,-166.14868531347386
0.0,-0.25,-176.34046401488973
0.0,-0.25,-169.94970827933383
0.0,-0.25,-144.10848827111553
0.0,-0.25,-130.1322772240728
0.0,-0.25,-174.65358880781392
0.0,-0.25,-147.63087190216578
0.0,-0.25,-183.46260708588008
0.0,-0.25,-137.72208916307687
0.0,-0.25,-156.91038983540216
0.0,-0.25,-169.67565266646926
0.0,-0.25,-153.2684947969288
0.0,-0.25,-150.86983107956334
0.0,-0.25,-164.0403864084803
0.0,-0.25,-160.87781332226902
0.0,-0.25,-146.2504117153805
0.0,-0.25,-137.3544545258233
0.0,-0.25,-145.72875165166872
0.0,-0.25,-132.59453393534795
0.0,-0.25,-182.22871167906163
0.0,-0.25,-131.28348057403127
0.0,-0.25,-167.30369579311758
0.0,-0.25,-178.07195919212316
0.0,-0.25,-179.0131148239006
0.0,-0.25,-161.17727572748365
0.0,-0.25,-181.4659458923396
0.0,-0.25,-167.06678485690674
0.0,-0.25,-143.17088165570675
0.0,-0.25,-130.53264896458361
0.0,-0.25,-170.73829530068807
0.0,-0.25,-152.6550547170567
0.0,-0.25,-186.09705922579505
0.0,-0.25,-160.48779999283818
0.0,-0.25,-144.17054707445305
0.0,-0.25,-149.83018981096725
0.0,-0.25,-180.63998818435115
0.0,-0.25,-156.5818996307328
0.0,-0.25,-143.2451465276988
0.0,-0.25,-157.19149568425968
0.0,-0.25,-148.92749508476473
0.0,-0.25,-173.92891427942314
0.0,-0.25,-170.39822500146096
0.0,-0.25,-184.72490506805397
0.0,-0.25,-176.40056109231355
0.0,-0.25,-157.39512421543992
0.0,-0.25,-150.53666983115414
0.0,-0.25,-175.008801460808
0.0,-0.25,-152.91196904362965
0.0,-0.25,-142.40124928473637
0.0,-0.25,-138.17490602167717
0.0,-0.25,-193.94339899504993
0.0,-0.25,-148.5135317244054
0.0,-0.25,-178.91596300888352
0.0,-0.25,-165.5483224864199
0.0,-0.25,-176.51367377382286
0.0,-0.25,-175.32164781270518
0.0,-0.25,-171.8974861140159
0.0,-0.25,-154.01734584777503
0.0,-0.25,-179.91870610834994
0.0,-0.25,-167.0582446701301
0.0,-0.25,-162.66231729585726
0.0,-0.25,-192.96215350748233
0.0,-0.25,-162.32226761744892
0.0,-0.25,-160.72822699936847
0.0,-0.25,-117.09661344943972
0.0,-0.25,-162.9896839672723
0.0,-0.25,-187.2791731798925
0.0,-0.25,-151.58480485154715
0.0,-0.25,-184.90271732808725
0.0,-0.25,-141.55812875503764
0.0,-0.25,-162.91011967133417
0.0,-0.25,-143.41877165921517
0.0,-0.25,-160.02025456561006
0.0,-0.25,-194.35139834098294
0.0,-0.25,-140.27392180315252
0.0,-0.25,-163.64669374348077
0.0,-0.25,-163.55176950566656
0.0,-0.25,-151.11925685982914
0.0,-0.25,-161.34286177183833
0.0,-0.25,-161.1789215482369
0.0,-0.25,-145.20053010459685
0.0,-0.25,-187.95323836766656
0.0,-0.25,-173.34225114555025
0.0,-0.25,-173.54231068517498
0.0,-0.25,-158.88546933218325
0.0,-0.25,-182.15053387039262
0.0,-0.25,-167.43576550163743
0.0,-0.25,-145.66904444694416
0.0,-0.25,-142.64920059001136
0.0,-0.25,-165.9751413437947
0.0,-0.25,-186.56661895613348
0.0,-0.25,-191.56552054011644
0.0,-0.25,-149.30010475427818
0.0,-0.25,-145.53769317712135
0.0,-0.25,-160.54052735826042
0.0,-0.25,-149.8305072003941
0.0,-0.25,-158.18446090871677
0.0,-0.25,-174.6817658854336
0.0,-0.25,-170.5392722446077
0.0,-0.25,-151.04844769730786
0.0,-0.25,-140.67538265550692
0.0,-0.25,-187.0076482175885
0.0,-0.25,-143.1123351231361
0.0,-0.25,-163.62224380689594
0.0,-0.25,-159.04440427009527
0.0,-0.25,-197.56467589365624
0.0,-0.25,-160.92807382704555
0.0,-0.25,-167.87278280573366
0.0,-0.25,-157.65269684647407
0.0,-0.25,-158.39063349126008
0.0,-0.25,-156.20257142584683
0.0,-0.25,-173.97153789799913
0.0,-0.25,-162.5955394392809
0.0,-0.25,-186.3176854787154
0.0,-0.25,-177.4670786403332
0.0,-0.25,-145.5119523981404
0.0,-0.25,-136.61045641654997
0.0,-0.25,-176.62245851600798
0.0,-0.25,-142.61077552042107
0.0,-0.25,-125.04180169796025
0.0,-0.25,-160.12437311670337
0.0,-0.25,-153.61098252848893
0.0,-0.25,-145.87187311159417
0.0,-0.25,-162.84584897968526
0.0,-0.25,-158.68091389538984
0.0,-0.25,-182.44548323749675
0.0,-0.25,-150.74455404033327
0.0,-0.25,-191.87771797205434
0.0,-0.25,-141.05477019590322
0.0,-0.25,-160.90296577998924
0.0,-0.25,-162.57529564713434
0.0,-0.25,-175.75754806164946
0.0,-0.25,-181.78114851408998
0.0,-0.25,-179.43462126924365
0.0,-0.25,-158.59327131738587
0.0,-0.25,-153.578360731828
0.0,-0.25,-136.9590610935015
0.0,-0.25,-135.43100623781737
0.0,-0.25,-177.7709312004182
0.0,-0.25,-156.45580519477264
0.0,-0.25,-165.29303394148857
0.0,-0.25,-186.00817057845813
0.0,-0.25,-179.52021937437445
0.0,-0.25,-159.86188028491807
0.0,-0.25,-191.78245883731336
0.0,-0.25,-150.60497708788614
0.0,-0.25,-162.74713114736204
0.0,-0.25,-189.80643163885267
0.0,-0.25,-135.33157206490563
0.0,-0.25,-175.14598771754368
0.0,-0.25,-136.57682867501737
0.0,-0.25,-164.66855634867323
0.0,-0.25,-132.21326463543969
0.0,-0.25,-170.07010519054938
0.0,-0.25,-165.15430641633745
0.0,-0.25,-182.042319287795
0.0,-0.25,-163.840690616069
0.0,-0.25,-148.76109948565062
0.0,-0.25,-163.5018219186835
0.0,-0.25,-179.48628554596849
0.0,-0.25,-179.1660299736633
0.0,-0.25,-149.73051933817982
0.0,-0.25,-182.48679182715463
0.0,-0.25,-180.40951512647584
0.0,-0.25,-173.85107121483554
0.0,-0.25,-179.22405623687874
0.0,-0.25,-155.24053915293214
0.0,-0.25,-150.4287389115731
0.0,-0.25,-158.02542853580678
0.0,-0.25,-164.348839845815
0.0,-0.25,-173.14096260955205
0.0,-0.25,-162.26962237751127
0.0,-0.25,-174.4720068869475
0.0,-0.25,-161.5129950856459
0.0,-0.25,-148.62468895924144
0.0,-0.25,-150.80663902244453
0.0,-0.25,-155.8282650219939
0.0,-0.25,-189.39212097037694
0.0,-0.25,-149.08792306514633
0.0,-0.25,-160.49077946752752
0.0,-0.25,-192.87588268961065
0.0,-0.25,-152.46919840902032
0.0,-0.25,-181.2219041985639
0.0,-0.25,-196.8097938148244
0.0,-0.25,-176.3238698341091
0.0,-0.25,-156.86120600752474
0.0,-0.25,-179.09606985590523
0.0,-0.25,-164.1721139519632
0.0,-0.25,-167.33699101992084
0.0,-0.25,-160.0523361785587
0.0,-0.25,-147.31890363041134
0.0,-0.25,-163.5420691841964
0.0,-0.25,-169.45586225113493
0.0,-0.25,-178.52357395811936
0.0,-0.25,-166.32477126125286
0.0,-0.25,-158.1041708394632
0.0,-0.25,-167.98096512957042
0.0,-0.25,-190.78629369830057
0.0,-0.25,-147.17644289851512
0.0,-0.25,-189.67543662940884
0.0,-0.25,-148.6348516515482
0.0,-0.25,-172.54218598994154
0.0,-0.25,-173.05062030501725
0.0,-0.25,-181.94154106167446
0.0,-0.25,-159.12878151515
0.0,-0.25,-160.62972305345943
0.0,-0.25,-168.12370323622744
0.0,-0.25,-180.93443248896259
0.0,-0.25,-165.39304949414492
0.0,-0.25,-150.40375562366359
0.0,-0.25,-177.26567637382806
0.0,-0.25,-139.737628996038
0.0,-0.25,-156.6682396805322
0.0,-0.25,-185.5523301173698
0.0,-0.25,-157.89811042673023
0.0,-0.25,-148.98946212274177
0.0,-0.25,-146.16334126315232
0.0,-0.25,-181.46809970248444
0.0,-0.25,-179.93797855815987
0.0,-0.25,-161.02852584232502
0.0,-0.25,-193.3678402829915
0.0,-0.25,-176.02544132498107
0.0,-0.25,-179.96693826620637
0.0,-0.25,-172.27903249996933
0.0,-0.25,-158.5910428428365
0.0,-0.25,-165.35911789887487
0.0,-0.25,-165.4307811377118
0.0,-0.25,-164.20301198429627
0.0,-0.25,-167.9161529894166
0.0,-0.25,-187.9945846590439
0.0,-0.25,-142.47456501839267
0.0,-0.25,-170.01113138281949
0.0,-0.25,-162.73367257161215
0.0,-0.25,-155.56477193659524
0.0,-0.25,-175.34814863236355
0.0,-0.25,-186.3326496880856
0.0,-0.25,-173.49123034024248
0.0,-0.25,-176.97900447817773
0.0,-0.25,-141.73124551920716
0.0,-0.25,-151.2497285849483
0.0,-0.25,-164.5825915772563
0.0,-0.25,-163.47637197052595
0.0,-0.25,-153.22326354046245
0.0,-0.25,-146.6656217889934
0.0,-0.25,-165.43662049557187
0.0,-0.25,-165.2060838846448
0.0,-0.25,-147.23549944518734
0.0,-0.25,-147.86311766135975
0.0,-0.25,-181.8829725287768
0.0,-0.25,-165.06719567114905
0.0,-0.25,-182.77510848260053
0.0,-0.25,-158.13205516771114
0.0,-0.25,-121.71140855479536
0.0,-0.25,-174.88748765625087
0.0,-0.25,-176.0252574228275
0.0,-0.25,-173.06029488025297
0.0,-0.25,-159.5969157992582
0.0,-0.25,-180.46392056404414
0.0,-0.25,-147.79159283026988
0.0,-0.25,-182.30243564761105
0.0,-0.25,-179.3819011661914
0.0,-0.25,-149.38056311873646
0.0,-0.25,-171.69056235798024
0.0,-0.25,-138.70336210381652
0.0,-0.25,-143.30422086903872
0.0,-0.25,-143.83372383145038
0.0,-0.25,-161.11188576612886
0.0,-0.25,-195.17396086400558
0.0,-0.25,-188.5712963870496
0.0,-0.25,-155.21121259086192
0.0,-0.25,-193.74263783509917
0.0,-0.25,-160.21508828033066
0.0,-0.25,-149.08775319163848
0.0,-0.25,-175.32584638962607
0.0,-0.25,-148.80712453390572
0.0,-0.25,-144.98645000073574
0.0,-0.25,-179.44919047391258
0.0,-0.25,-150.9215780874807
0.0,-0.25,-169.14725790227627
0.0,-0.25,-163.52881038873048
0.0,-0.25,-166.13268320127526
0.0,-0.25,-144.43911254901582
0.0,-0.25,-182.26437740115122
0.0,-0.25,-167.56038177692628
0.0,-0.25,-172.9420212271054
0.0,-0.25,-150.95057631175882
0.0,-0.25,-148.6065281274898
0.0,-0.25,-172.30039205203286
0.0,-0.25,-190.47263964917485
0.0,-0.25,-162.5447660031586
0.0,-0.25,-196.45577843646524
0.0,-0.25,-139.59875192167735
0.0,-0.25,-147.45715434522575
0.0,-0.25,-147.54952017758797
0.0,-0.25,-188.82647146026838
0.0,-0.25,-168.62600160357894
0.0,-0.25,-149.2545007378769
0.0,-0.25,-147.78371385622174
0.0,-0.25,-156.8118818383942
0.0,-0.25,-157.51932813545034
0.0,-0.25,-173.1360520787271
0.0,-0.25,-182.58017897212233
0.0,-0.25,-151.4128001932193
0.0,-0.25,-192.11323605748848
0.0,-0.25,-158.97349298607065
0.0,-0.25,-129.02221069366402
0.0,-0.25,-150.48742061855947
0.0,-0.25,-154.1512408093608
0.0,-0.25,-168.17354080825126
0.0,-0.25,-186.50823505320938
0.0,-0.25,-150.74874413502457
0.0,-0.25,-166.7507095875981
0.0,-0.25,-156.48702505226808
0.0,-0.25,-142.23507284660562
0.0,-0.25,-172.17312613255373
0.0,-0.25,-153.61470558650493
0.0,-0.25,-193.6429354055455
0.0,-0.25,-140.03932644356058
0.0,-0.25,-143.8068045144344
0.0,-0.25,-161.78047838946242
0.0,-0.25,-168.47305140483695
0.0,-0.25,-163.4744929725841
0.0,-0.25,-162.60550822515947
0.0,-0.25,-158.86350891991984
0.0,-0.25,-151.14531134181212
0.0,-0.25,-167.353732985841
0.0,-0.25,-159.4778868671821
0.0,-0.25,-158.0153886916807
0.0,-0.25,-150.15547750620266
0.0,-0.25,-165.91038225651565
0.0,-0.25,-142.35347642271614
0.0,-0.25,-189.10422140339782
0.0,-0.25,-152.41555369072813
0.0,-0.25,-161.25611669471593
0.0,-0.25,-153.71586721516914
0.0,-0.25,-173.87907395414112
0.0,-0.25,-167.0972300495212
0.0,-0.25,-196.39629560347447
0.0,-0.25,-180.73988265902545
0.0,-0.25,-174.18282773546105
0.0,-0.25,-165.67828036115603
0.0,-0.25,-150.34138940819074
0.0,-0.25,-175.77731429124887
0.0,-0.25,-163.61066281293336
0.0,-0.25,-145.90078357169585
0.0,-0.25,-151.85651836952044
0.0,-0.25,-146.80427621122433
0.0,-0.25,-165.39271215054
0.0,-0.25,-164.64196260693043
0.0,-0.25,-196.72515800078273
0.0,-0.25,-164.8902286089093
0.0,-0.25,-160.37256739167017
0.0,-0.25,-188.49887274717244
0.0,-0.25,-178.89826672694696
0.0,-0.25,-155.9324480539963
0.0,-0.25,-150.50266224175505
0.0,-0.25,-162.41898536796006
0.0,-0.25,-136.33528691388892
0.0,-0.25,-165.440538250972
0.0,-0.25,-172.5717043194718
0.0,-0.25,-166.93124003263688
0.0,-0.25,-150.18631429598534
0.0,-0.25,-171.13626592996158
0.0,-0.25,-175.72259082315452
0.0,-0.25,-160.24640980450164
0.0,-0.25,-172.14117754679248
0.0,-0.25,-165.46670275023388
0.0,-0.25,-198.78648263311652
0.0,-0.25,-148.99046130274792
0.0,-0.25,-172.28585905885234
0.0,-0.25,-161.3557532282349
0.0,-0.25,-167.8819289477496
0.0,-0.25,-149.1263276645598
0.0,-0.25,-172.11646480428135
0.0,-0.25,-180.9853423232581
0.0,-0.25,-140.9793505712265
0.0,-0.25,-154.55554717054116
0.0,-0.25,-161.75415399329674
0.0,-0.25,-167.30281111417756
0.0,-0.25,-140.313183767887
0.0,-0.25,-174.49610201507878
0.0,-0.25,-169.81513510095644
0.0,-0.25,-159.09027395925511
0.0,-0.25,-160.9337132861222
0.0,-0.25,-169.85858480920749
0.0,-0.25,-175.47663843152313
0.0,-0.25,-187.99823137737815
0.0,-0.25,-141.7848068421332
0.0,-0.25,-175.44245320457796
0.0,-0.25,-163.14298499800637
0.0,-0.25,-160.7735052875507
0.0,-0.25,-149.68474350824553
0.0,-0.25,-166.65894477756635
0.0,-0.25,-173.0764848914206
0.0,-0.25,-172.14776633831397
0.0,-0.25,-183.91416327256226
0.0,-0.25,-161.90283706798448
0.0,-0.25,-147.63343108203406
0.0,-0.25,-171.17986423989421
0.0,-0.25,-165.01099323419874
0.0,-0.25,-166.44873900174102
0.0,-0.25,-167.7745952590749
0.0,-0.25,-156.18868762249167
0.0,-0.25,-161.8190558686803
0.0,-0.25,-170.00127836211695
0.0,-0.25,-156.8201510445511
0.0,-0.25,-161.00771302173405
0.0,-0.25,-176.37188441729543
0.0,-0.25,-181.3125031270653
0.0,-0.25,-151.78088408532238
0.0,-0.25,-151.82969832232484
0.0,-0.25,-156.66501110774846
0.0,-0.25,-162.46220081856552
0.0,-0.25,-138.9440783269633
0.0,-0.25,-171.37619962647145
0.0,-0.25,-162.0180431529064
0.0,-0.25,-146.1378458642119
0.0,-0.25,-187.52320102192115
0.0,-0.25,-138.03826882507406
0.0,-0.25,-146.47552474789282
0.0,-0.25,-167.3409902178153
0.0,-0.25,-168.25561710446874
0.0,-0.25,-158.55690470049055
0.0,-0.25,-164.70923103550922
0.0,-0.25,-163.48812115184109
0.0,-0.25,-160.93328304463995
0.0,-0.25,-185.29894937522235
0.0,-0.25,-156.93753957161334
0.0,-0.25,-168.37962721373705
0.0,-0.25,-131.4367800913683
0.0,-0.25,-140.20212215506146
0.0,-0.25,-173.61928686579972
0.0,-0.25,-155.11472774127085
0.0,-0.25,-135.03086150879363
0.0,-0.25,-183.42202237299904
0.0,-0.25,-153.06203459613866
0.0,-0.25,-174.095273426577
0.0,-0.25,-146.09821115715445
0.0,-0.25,-171.49751441522452
0.0,-0.25,-152.05541816160002
0.0,-0.25,-133.7185395593333
0.0,-0.25,-167.53771149393316
0.0,-0.25,-178.28610821978677
0.0,-0.25,-156.94701558345326
0.0,-0.25,-143.8998125539806
0.0,-0.25,-154.12965585678725
0.0,-0.25,-183.3396354608566
0.0,-0.25,-146.86545937597373
0.0,-0.25,-171.88619155922262
0.0,-0.25,-167.22680611952975
0.0,-0.25,-173.1593619447434
0.0,-0.25,-153.54432322197482
0.0,-0.25,-143.89937845911564
0.0,-0.25,-145.42151999807808
0.0,-0.25,-151.3495467834874
0.0,-0.25,-135.14985394661733
0.0,-0.25,-171.55231957873787
0.0,-0.25,-170.76869872581153
0.0,-0.25,-169.28928098948109
0.0,-0.25,-176.94200540703417
0.0,-0.25,-146.24916157373104
0.0,-0.25,-151.93730695367793
0.0,-0.25,-183.96887885422473
0.0,-0.25,-164.9098604107366
0.0,-0.25,-166.1375645752465
0.0,-0.25,-164.23626642795392
0.0,-0.25,-176.82267550461594
0.0,-0.25,-176.3742716399566
0.0,-0.25,-160.66890717123627
0.0,-0.25,-142.94573561117002
0.0,-0.25,-167.66598621299497
0.0,-0.25,-175.30762262625902
0.0,-0.25,-191.1524934763892
0.0,-0.25,-196.66116622428765
0.0,-0.25,-177.4978627539253
0.0,-0.25,-176.9813080257163
0.0,-0.25,-131.51969926062438
0.0,-0.25,-167.08794523051242
0.0,-0.25,-159.14664417053365
0.0,-0.25,-152.19959528800493
0.0,-0.25,-135.11141758294895
0.0,-0.25,-172.0584800704113
0.0,-0.25,-170.58777456023776
0.0,-0.25,-168.83238993018043
0.0,-0.25,-130.8492727181267
0.0,-0.25,-153.55910292161053
0.0,-0.25,-185.13509724342723
0.0,-0.25,-169.1635646892776
0.0,-0.25,-161.14962076076708
0.0,-0.25,-157.32893621804868
0.0,-0.25,-144.15897535237116
0.0,-0.25,-150.51957563160695
0.0,-0.25,-164.96451593084024
0.0,-0.25,-153.46898173355703
0.0,-0.25,-174.05644715235107
0.0,-0.25,-141.22516451229416
0.0,-0.25,-157.66575403935428
0.0,-0.25,-151.03572880940246
0.0,-0.25,-145.09495658278215
0.0,-0.25,-188.042641822945
0.0,-0.25,-163.29958370689636
0.0,-0.25,-159.30990334247372
0.0,-0.25,-184.35308029440225
0.0,-0.25,-177.02437250418402
0.0,-0.25,-185.78069631890577
0.0,-0.25,-158.90047946837407
0.0,-0.25,-174.8397312898894
0.0,-0.25,-182.50339719978618
0.0,-0.25,-135.93751520774896
0.0,-0.25,-149.93107907557476
0.0,-0.25,-158.6776729928923
0.0,-0.25,-176.83763324369818
0.0,-0.25,-165.87313605453846
0.0,-0.25,-144.71070547396135
0.0,-0.25,-179.9534318728562
0.0,-0.25,-175.60603652337625
0.0,-0.25,-165.2694731939426
0.0,-0.25,-184.3292791538455
0.0,-0.25,-180.96766986076548
0.0,-0.25,-174.28578922198557
0.0,-0.25,-159.20372930095965
0.0,-0.25,-160.21093397262112
0.0,-0.25,-169.29113309697044
0.0,-0.25,-163.781496153616
0.0,-0.25,-176.9229314706334
0.0,-0.25,-167.2086996115386
0.0,-0.25,-152.95562586149902
0.0,-0.25,-177.72082241479706
0.0,-0.25,-177.52874269551364
0.0,-0.25,-155.36428930727308
0.0,-0.25,-185.24329805516211
0.0,-0.25,-166.0546666369441
0.0,-0.25,-160.71915458104792
0.0,-0.25,-187.51150928963634
0.0,-0.25,-146.9028691441985
0.0,-0.25,-176.5322352139742
0.0,-0.25,-157.1740954280801
0.0,-0.25,-153.50042557527178
0.0,-0.25,-146.9019716983986
0.0,-0.25,-167.4560356116897
0.0,-0.25,-150.44187951367667
0.0,-0.25,-158.02709252484897
0.0,-0.25,-171.48277657384
0.0,-0.25,-146.9336013495132
0.0,-0.25,-174.85002925155783
0.0,-0.25,-158.9263735058541
0.0,-0.25,-194.19236176148766
0.0,-0.25,-170.67762406329481
0.0,-0.25,-155.59144217494884
0.0,-0.25,-152.89173581160352
0.0,-0.25,-163.9928419175383
0.0,-0.25,-155.97832724117572
0.0,-0.25,-169.31805482762837
0.0,-0.25,-176.56245484570002
0.0,-0.25,-145.9402145523321
0.0,-0.25,-149.58633254755222
0.0,-0.25,-144.72449079560133
0.0,-0.25,-151.31326846243323
0.0,-0.25,-165.587817147279
0.0,-0.25,-148.6540478392298
0.0,-0.25,-148.54340237888172
0.0,-0.25,-148.13892653569872
0.0,-0.25,-193.01357817376336
0.0,-0.25,-176.4671853827851
0.0,-0.25,-177.12508718858044
0.0,-0.25,-164.27974902242593
0.0,-0.25,-136.11993191548652
0.0,-0.25,-148.40177126240332
0.0,-0.25,-158.0411562555565
0.0,-0.25,-145.59495420207622
0.0,-0.25,-163.92845252137013
0.0,-0.25,-164.58499166545243
0.0,-0.25,-178.67626362894575
0.0,-0.25,-150.1020803374239
0.0,-0.25,-165.1283155892256
0.0,-0.25,-128.69623966785795
0.0,-0.25,-136.89345921949777
0.0,-0.25,-185.03193831200542
0.0,-0.25,-184.88565680384926
0.0,-0.25,-159.75908201002377
0.0,-0.25,-163.74759728009428
0.0,-0.25,-191.99476467337314
0.0,-0.25,-159.34885790285807
0.0,-0.25,-144.8205877750514
0.0,-0.25,-149.11556320546325
0.0,-0.25,-170.3748482854465
0.0,-0.25,-158.3522437905803
0.0,-0.25,-166.33276203601454
0.0,-0.25,-176.5812026020828
0.0,-0.25,-166.16661614298826
0.0,-0.25,-163.47664065506748
0.0,-0.25,-128.86774373574093
0.0,-0.25,-192.1402250491614
0.0,-0.25,-141.6159172960142
0.0,-0.25,-150.18110498523566
0.0,-0.25,-155.61024656131804
0.0,-0.25,-161.66063149477944
0.0,-0.25,-171.65289618182362
0.0,-0.25,-140.32870805794013
0.0,-0.25,-152.21879569495388
0.0,-0.25,-168.49751199627948
0.0,-0.25,-183.2110819902402
0.0,-0.25,-142.11653821403124
0.0,-0.25,-177.4671154163688
0.0,-0.25,-140.12350716393632
0.0,-0.25,-131.81930870906172
0.0,-0.25,-155.31999423371664
0.0,-0.25,-145.58589392116974
0.0,-0.25,-137.42709352899672
0.0,-0.25,-171.94321817932246
0.0,-0.25,-198.00189973441496
0.0,-0.25,-176.0024431587109
0.0,-0.25,-164.82092673441971
0.0,-0.25,-183.754496926111
0.0,-0.25,-181.1974931243279
0.0,-0.25,-149.19523930260098
0.0,-0.25,-155.98283433278806
0.0,-0.25,-135.9816195020928
0.0,-0.25,-145.54630023984853
0.0,-0.25,-152.77656367620435
0.0,-0.25,-164.96717098000337
0.0,-0.25,-186.414652560263
0.0,-0.25,-142.43275165249798
0.0,-0.25,-182.61417522637643
0.0,-0.25,-186.8066376921628
0.0,-0.25,-164.32804808037423
0.0,-0.25,-182.0910998574081
0.0,-0.25,-175.3823907072645
0.0,-0.25,-157.21597863256181
0.0,-0.25,-138.81340055832587
0.0,-0.25,-137.1980711737477
0.0,-0.25,-168.96328546129
0.0,-0.25,-188.52661308540831
0.0,-0.25,-171.65892152231152
0.0,-0.25,-181.8124729422296
0.0,-0.25,-176.28191461586204
0.0,-0.25,-144.49305469965702
0.0,-0.25,-145.31378814565488
0.0,-0.25,-168.86248573592437
0.0,-0.25,-174.79212745778887
0.0,-0.25,-155.4640892171241
0.0,-0.25,-171.2147519288343
0.0,-0.25,-158.09559318510273
0.0,-0.25,-138.6959099496252
0.0,-0.25,-159.48718758844998
0.0,-0.25,-166.0481708264409
0.0,-0.25,-173.9775789097699
0.0,-0.25,-164.72321115849684
0.0,-0.25,-175.6418690185411
0.0,-0.25,-176.53143843455334
0.0,-0.25,-184.4006081978449
0.0,-0.25,-155.0452504933854
0.0,-0.25,-166.31659730021977
0.0,-0.25,-154.15748583081745
0.0,-0.25,-139.1590626918106
0.0,-0.25,-133.7019597738329
0.0,-0.25,-175.54119407334304
0.0,-0.25,-185.27500082690452
0.0,-0.25,-154.2986803644321
0.0,-0.25,-175.36958281299522
0.0,-0.25,-175.76485119918058
0.0,-0.25,-180.60865547936694
0.0,-0.25,-168.8296407929394
0.0,-0.25,-150.33964657815676
0.0,-0.25,-164.9203556530785
0.0,-0.25,-158.49943619281507
0.0,-0.25,-166.03022621263557
0.0,-0.25,-150.61093305906405
0.0,-0.25,-175.60861486233068
0.0,-0.25,-177.3222036692554
0.0,-0.25,-130.98133581084494
0.0,-0.25,-153.02263697258027
0.0,-0.25,-151.88319719269992
0.0,-0.25,-154.67965152832096
0.0,-0.25,-160.95384061089763
0.0,-0.25,-170.92652116284899
0.0,-0.25,-181.8186882094538
0.0,-0.25,-166.21057437348225
0.0,-0.25,-172.8116386377313
0.0,-0.25,-157.08770130105847
0.0,-0.25,-149.63435816186907
0.0,-0.25,-137.83224039898096
0.0,-0.25,-166.59201385892058
0.0,-0.25,-173.081240744638
0.0,-0.25,-161.18161758663052
0.0,-0.25,-168.84769221150964
0.0,-0.25,-136.30205093565473
0.0,-0.25,-166.12227114782897
0.0,-0.25,-159.79296175210047
0.0,-0.25,-139.8773438200428
0.0,-0.25,-174.59072824053808
0.0,-0.25,-183.69496981081852
0.0,-0.25,-153.17286945213797
0.0,-0.25,-155.75859475915775
0.0,-0.25,-166.43434964426208
0.0,-0.25,-164.1073178831508
0.0,-0.25,-135.52321211158653
0.0,-0.25,-175.33374372399743
0.0,-0.25,-183.73092975575491
0.0,-0.25,-172.69697378372953
0.0,-0.25,-176.2605228093468
0.0,-0.25,-173.44547729948664
0.0,-0.25,-169.0452749951653
0.0,-0.25,-165.54564712516367
0.0,-0.25,-184.7763601956636
0.0,-0.25,-156.87437803209355
0.0,-0.25,-185.298314541094
0.0,-0.25,-171.5734749719534
0.0,-0.25,-146.45592683776397
0.0,-0.25,-168.20104167348615
0.0,-0.25,-181.221564945367
0.0,-0.25,-155.6313833133307
0.0,-0.25,-196.74183751652416
0.0,-0.25,-181.8996924422906
0.0,-0.25,-152.74604516047398
0.0,-0.25,-150.8155332842657
0.0,-0.25,-156.84055879517516
0.0,-0.25,-135.06222462392577
0.0,-0.25,-174.39295618098507
0.0,-0.25,-157.58363819525223
0.0,-0.25,-144.67127735744
0.0,-0.25,-144.6032602069588
0.0,-0.25,-155.20636335768683
0.0,-0.25,-150.4286325716655
0.0,-0.25,-164.96754400069847
0.0,-0.25,-169.25120092080073
0.0,-0.25,-142.2493678712321
0.0,-0.25,-164.43772823405132
0.0,-0.25,-177.7761033706967
0.0,-0.25,-157.68944654285445
0.0,-0.25,-170.61807425520118
0.0,-0.25,-158.66105124638676
0.0,-0.25,-163.71743844035856
0.0,-0.25,-139.0166303467139
0.0,-0.25,-134.03369273784918
0.0,-0.25,-155.6371320746909
0.0,-0.25,-153.0867973203529
0.0,-0.25,-173.42807185795598
0.0,-0.25,-172.47643026755125
0.0,-0.25,-174.7783023929316
0.0,-0.25,-160.88965011006232
0.0,-0.25,-164.52900669290224
0.0,-0.25,-174.8833464015407
0.0,-0.25,-188.83458671224898
0.0,-0.25,-166.10492486662443
0.0,-0.25,-169.08127801858006
0.0,-0.25,-157.74556672003425
0.0,-0.25,-183.3850013355024
0.0,-0.25,-153.99965366096038
0.0,-0.25,-145.3567853535262
0.0,-0.25,-189.57916202960678
0.0,-0.25,-189.861821361785
0.0,-0.25,-155.66663558828654
0.0,-0.25,-167.03370660946123
0.0,-0.25,-131.8042448797763
0.0,-0.25,-161.10690600874574
0.0,-0.25,-176.67502800647344
0.0,-0.25,-191.35031441361284
0.0,-0.25,-193.6404759091389
0.0,-0.25,-152.60422760892703
0.0,-0.25,-155.5770039028708
0.0,-0.25,-163.06763028129572
0.0,-0.25,-158.7869672596037
0.0,-0.25,-165.62457014391805
0.0,-0.25,-162.33239254536346
0.0,-0.25,-173.40833354741278
0.0,-0.25,-152.65625730281164
0.0,-0.25,-159.31795563149427
0.0,-0.25,-158.4887067436746
0.0,-0.25,-156.36967303331718
0.0,-0.25,-159.5999407080875
0.0,-0.25,-173.4541197597586
0.0,-0.25,-162.41815509328842
0.0,-0.25,-142.6486149963192
0.0,-0.25,-161.33037832239916
0.0,-0.25,-190.91828599398968
0.0,-0.25,-155.00710669905024
0.0,-0.25,-175.83233504701406
0.0,-0.25,-164.76718120230302
0.0,-0.25,-155.10657832021607
0.0,-0.25,-174.87686331522607
0.0,-0.25,-138.26795451867622
0.0,-0.25,-169.2362874874061
0.0,-0.25,-164.04610586153072
0.0,-0.25,-160.99520073093123
0.0,-0.25,-174.76569729968338
0.0,-0.25,-129.19443337020016
0.0,-0.25,-171.58652430619756
0.0,-0.25,-163.90559330137458
0.0,-0.25,-167.21546436452567
0.0,-0.25,-147.8371902427845
0.0,-0.25,-174.88305607662133
0.0,-0.25,-163.71080432500142
0.0,-0.25,-142.21783710206736
0.0,-0.25,-162.23930220456378
0.0,-0.25,-135.18831997074042
0.0,-0.25,-160.1681211007669
0.0,-0.25,-121.23641260934863
0.0,-0.25,-172.9392694341684
0.0,-0.25,-156.99842197308192
0.0,-0.25,-137.6339728648596
0.0,-0.25,-165.6000707739794
0.0,-0.25,-166.24677147443163
0.0,-0.25,-192.16838402017163
0.0,-0.25,-178.7181754256074
0.0,-0.25,-159.26967935002156
0.0,-0.25,-185.53301612855077
0.0,-0.25,-176.7743673909727
0.0,-0.25,-182.84810124970048
0.0,-0.25,-145.73278248813128
0.0,-0.25,-155.7104485928057
0.0,-0.25,-166.471029643271
0.0,-0.25,-177.92327243424992
0.0,-0.25,-177.52620852411263
0.0,-0.25,-169.52209697353325
0.0,-0.25,-135.7100937852232
0.0,-0.25,-176.25136764294774
0.0,-0.25,-177.03452070898746
0.0,-0.25,-153.0428554482296
0.0,-0.25,-183.20819414165547
0.0,-0.25,-178.06740577239353
0.0,-0.25,-151.65876956333753
0.0,-0.25,-162.3740332196863
0.0,-0.25,-137.90424147146024
0.0,-0.25,-165.05116903691325
0.0,-0.25,-188.70170546162916
0.0,-0.25,-180.20808997697563
0.0,-0.25,-161.86615766725583
0.0,-0.25,-166.63575797203865
0.0,-0.25,-141.94675339646122
0.0,-0.25,-158.02035415697634
0.0,-0.25,-181.66609009319222
0.0,-0.25,-140.46464556146296
0.0,-0.25,-153.8059418661586
0.0,-0.25,-183.1335959931618
0.0,-0.25,-133.45223095415815
0.0,-0.25,-150.54838210088283
0.0,-0.25,-173.29635537466675
0.0,-0.25,-167.24215306557687
0.0,-0.25,-185.20800476727146
0.0,-0.25,-146.85967891251755
0.0,-0.25,-147.65923662657883
0.0,-0.25,-164.4108619674107
0.0,-0.25,-152.79366668183525
0.0,-0.25,-162.905720858318
0.0,-0.25,-143.74400549774634
0.0,-0.25,-152.49721831969276
0.0,-0.25,-161.1754827412363
0.0,-0.25,-142.2669871653907
0.0,-0.25,-168.32358237592754
0.0,-0.25,-156.6308137546751
0.0,-0.25,-169.6146658404591
0.0,-0.25,-165.09054034590173
0.0,-0.25,-158.81154331080526
0.0,-0.25,-163.05363616633883
0.0,-0.25,-163.43887990033457
0.0,-0.25,-153.10990558268338
0.0,-0.25,-159.13746891407322
0.0,-0.25,-126.82849700016031
0.0,-0.25,-178.92163750667925
0.0,-0.25,-167.43481834933826
0.0,-0.25,-144.55673400939665
0.0,-0.25,-152.0911376401683
0.0,-0.25,-175.85200481089532
0.0,-0.25,-196.51290879938273
0.0,-0.25,-150.8970841487639
0.0,-0.25,-169.11493773199942
0.0,-0.25,-168.69895292735464
0.0,-0.25,-171.5187530796258
0.0,-0.25,-174.22968843389967
0.0,-0.25,-138.0826939317129
0.0,-0.25,-168.19547431434208
0.0,-0.25,-149.46516406048917
0.0,-0.25,-145.32078204917948
0.0,-0.25,-152.01767607526625
0.0,-0.25,-166.8577445137613
0.0,-0.25,-175.72294576581916
0.0,-0.25,-163.92198339873048
0.0,-0.25,-172.74702154603128
0.0,-0.25,-153.81023659680943
0.0,-0.25,-161.86284505512253
0.0,-0.25,-141.82409468017428
0.0,-0.25,-161.43552797315732
0.0,-0.25,-156.0750121631632
0.0,-0.25,-144.04037104168904
0.0,-0.25,-169.48732915917654
0.0,-0.25,-151.81687718249995
0.0,-0.25,-159.81634280979281
0.0,-0.25,-162.43662983679758
0.0,-0.25,-156.15190019226102
0.0,-0.25,-167.78372416961446
0.0,-0.25,-164.63676431010066
0.0,-0.25,-161.79568467418596
0.0,-0.25,-169.1860156191964
0.0,-0.25,-141.73606041793153
0.0,-0.25,-138.96532104098623
0.0,-0.25,-188.34229915663983
0.0,-0.25,-176.77655778198766
0.0,-0.25,-169.23143946770384
0.0,-0.25,-175.47272519730572
0.0,-0.25,-158.03942552698646
0.0,-0.25,-165.47558243230674
0.0,-0.25,-148.72971687360538
0.0,-0.25,-143.72105293342753
0.0,-0.25,-187.92887872459417
0.0,-0.25,-141.1692902740728
0.0,-0.25,-147.09781373588012
0.0,-0.25,-172.50563401157987
0.0,-0.25,-169.50345033442736
0.0,-0.25,-170.11551660601944
0.0,-0.25,-150.98662174604294
0.0,-0.25,-145.99103822869134
0.0,-0.25,-184.65952476948058
0.0,-0.25,-142.05301946792736
0.0,-0.25,-198.25466062464923
0.0,-0.25,-164.4990299785685
0.0,-0.25,-157.41195727323912
0.0,-0.25,-182.19097465099847
0.0,-0.25,-151.42992464195328
0.0,-0.25,-137.54174963973853
0.0,-0.25,-174.72828495452498
0.0,-0.25,-145.02493147328653
0.0,-0.25,-165.19403199465143
0.0,-0.25,-155.4158183614583
0.0,-0.25,-155.66072183768824
0.0,-0.25,-163.33415570361063
0.0,-0.25,-160.17598180156472
0.0,-0.25,-182.32326242908485
0.0,-0.25,-170.3581565943406
0.0,-0.25,-173.39165688019798
0.0,-0.25,-152.414152988941
0.0,-0.25,-177.28852035632946
0.0,-0.25,-186.31453906492746
0.0,-0.25,-156.34744703946532
0.0,-0.25,-166.67004402945173
0.0,-0.25,-185.66531879192058
0.0,-0.25,-167.175252231088
0.0,-0.25,-161.3765466215552
0.0,-0.25,-188.58993425479707
0.0,-0.25,-168.5473716374616
0.0,-0.25,-191.2087509610456
0.0,-0.25,-150.01870970378192
0.0,-0.25,-154.19680765643616
0.0,-0.25,-179.55376827188132
0.0,-0.25,-134.96689232388965
0.0,-0.25,-183.4296022503357
0.0,-0.25,-135.76885715043323
0.0,-0.25,-168.03143286880433
0.0,-0.25,-142.28564073145046
0.0,-0.25,-159.33581795150633
0.0,-0.25,-154.37080985332395
0.0,-0.25,-166.9239590932956
0.0,-0.25,-134.04394944135257
0.0,-0.25,-192.5442784607064
0.0,-0.25,-145.86400483162967
0.0,-0.25,-189.9944631577144
0.0,-0.25,-185.7227835010864
0.0,-0.25,-177.9588066361735
0.0,-0.25,-188.06218217659028
0.0,-0.25,-162.06899767611742
0.0,-0.25,-136.85107766939834
0.0,-0.25,-137.3061401498374
0.0,-0.25,-167.43959704734814
0.0,-0.25,-188.17158137184575
0.0,-0.25,-182.6075579829734
0.0,-0.25,-172.15171035826455
0.0,-0.25,-185.08430234720893
0.0,-0.25,-184.09667578385148
0.0,-0.25,-169.16985359065123
0.0,-0.25,-171.05354743610124
0.0,-0.25,-183.6560734831932
0.0,-0.25,-166.71096098315834
0.0,-0.25,-142.5087107007677
0.0,-0.25,-174.50330453466043
0.0,-0.25,-169.37431360679162
0.0,-0.25,-162.65557995873434
0.0,-0.25,-158.39536068872647
0.0,-0.25,-175.6098729639872
0.0,-0.25,-153.95371723610302
0.0,-0.25,-153.57925121528697
0.0,-0.25,-175.68777714800362
0.0,-0.25,-128.77232935665796
0.0,-0.25,-161.58539782337394
0.0,-0.25,-185.56097312273877
0.0,-0.25,-165.45170329481343
0.0,-0.25,-157.30845588575215
0.0,-0.25,-144.75328700262128
0.0,-0.25,-152.045481264669
0.0,-0.25,-139.02880926065734
0.0,-0.25,-174.99494113143336
0.0,-0.25,-147.9900280864878
0.0,-0.25,-187.29646075203698
0.0,-0.25,-192.52326288166591
0.0,-0.25,-184.19324857181812
0.0,-0.25,-155.19515684262302
0.0,-0.25,-148.4332263701254
0.0,-0.25,-133.85769638819446
0.0,-0.25,-145.64085239991644
0.0,-0.25,-158.65542797418573
0.0,-0.25,-129.54448364053832
0.0,-0.25,-154.25593061642454
0.0,-0.25,-158.13402901438042
0.0,-0.25,-146.67719507091488
0.0,-0.25,-174.54617341077866
0.0,-0.25,-164.52272448577398
0.0,-0.25,-181.1699959091769
0.0,-0.25,-191.4890159133925
0.0,-0.25,-183.9471803554631
0.0,-0.25,-166.33274026757675
0.0,-0.25,-166.83916201702922
0.0,-0.25,-140.04473505061597
0.0,-0.25,-139.31330640753023
0.0,-0.25,-175.6505068835397
0.0,-0.25,-172.06949546873184
0.0,-0.25,-191.94795117607921
0.0,-0.25,-167.34926659981505
0.0,-0.25,-171.95330003093608
0.0,-0.25,-147.5682203688001
0.0,-0.25,-160.34961383597363
0.0,-0.25,-172.76381016506215
0.0,-0.25,-168.94106223121975
0.0,-0.25,-151.51150211924147
0.0,-0.25,-179.91680516004357
0.0,-0.25,-162.7725099159443
0.0,-0.25,-176.76893780046817
0.0,-0.25,-154.1521929476541
0.0,-0.25,-149.4486898479102
0.0,-0.25,-179.26326985823565
0.0,-0.25,-124.39669869778504
0.0,-0.25,-159.4628062860775
0.0,-0.25,-169.02553883322375
0.0,-0.25,-155.79142098174952
0.0,-0.25,-161.31313694923614
0.0,-0.25,-153.23951413562705
0.0,-0.25,-167.5146654962949
0.0,-0.25,-178.94457078973326
0.0,-0.25,-160.75780847206593
0.0,-0.25,-164.31906197975968
0.0,-0.25,-194.62700898793716
0.0,-0.25,-166.900924557402
0.0,-0.25,-187.84393455377023
0.0,-0.25,-157.04983031233596
0.0,-0.25,-162.81836379059249
0.0,-0.25,-138.3373790186956
0.0,-0.25,-169.1198703884804
0.0,-0.25,-150.62569603780128
0.0,-0.25,-186.35715783607472
0.0,-0.25,-174.19577630193163
0.0,-0.25,-170.49123964886232
0.0,-0.25,-185.95720345073602
0.0,-0.25,-183.4054334050915
0.0,-0.25,-190.713748867881
0.0,-0.25,-136.52564259085997
0.0,-0.25,-166.3667800286778
0.0,-0.25,-145.8301670282233
0.0,-0.25,-164.24126066699452
0.0,-0.25,-183.28426660725117
0.0,-0.25,-194.78369369569452
0.0,-0.25,-159.1523816979711
0.0,-0.25,-131.58083363500887
0.0,-0.25,-152.3126610876579
0.0,-0.25,-136.05935071563215
0.0,-0.25,-191.2850026417017
0.0,-0.25,-189.7706477774761
0.0,-0.25,-179.33536026418932
0.0,-0.25,-175.83864636907612
0.0,-0.25,-179.6528007870865
0.0,-0.25,-165.50788871686544
0.0,-0.25,-189.12370415894947
0.0,-0.25,-166.93847664540598
0.0,-0.25,-140.66859657816744
0.0,-0.25,-162.45804937729042
0.0,-0.25,-185.37162553182912
0.0,-0.25,-158.61254713949
0.0,-0.25,-184.6683238238367
0.0,-0.25,-147.44508067129496
0.0,-0.25,-189.59828529294785
0.0,-0.25,-175.4472484393075
0.0,-0.25,-169.03784844837602
0.0,-0.25,-150.91327296429634
0.0,-0.25,-165.3716844365863
0.0,-0.25,-169.33543453789665
0.0,-0.25,-172.4305009125141
0.0,-0.25,-165.8257676292992
0.0,-0.25,-154.18659797265315
0.0,-0.25,-158.04583342683358
0.0,-0.25,-140.90368572510508
0.0,-0.25,-157.31673117318348
0.0,-0.25,-156.4411584974801
0.0,-0.25,-140.4447888728782
0.0,-0.25,-159.4617527902777
0.0,-0.25,-157.72329368764204
0.0,-0.25,-142.86182843997076
0.0,-0.25,-160.7507060947111
0.0,-0.25,-150.520317315387
0.0,-0.25,-137.9050609720973
0.0,-0.25,-151.80704117510606
0.0,-0.25,-152.7232452237869
0.0,-0.25,-151.77966715386972
0.0,-0.25,-173.06955053928436
0.0,-0.25,-150.27364290799255
0.0,-0.25,-176.48461161927472
0.0,-0.25,-181.4551950759318
0.0,-0.25,-141.43453021951007
0.0,-0.25,-157.51817773489503
0.0,-0.25,-153.45113305438255
0.0,-0.25,-147.81653251640458
0.0,-0.25,-185.5074254764154
0.0,-0.25,-185.75255525102284
0.0,-0.25,-185.81908852886974
0.0,-0.25,-140.86256195027102
0.0,-0.25,-135.1857430720582
0.0,-0.25,-164.6838951977788
0.0,-0.25,-186.29974047314508
0.0,-0.25,-166.07236412489746
0.0,-0.25,-167.43880224248466
0.0,-0.25,-164.26282419554377
0.0,-0.25,-177.9670905048294
0.0,-0.25,-151.74319650725772
0.0,-0.25,-182.0041859575154
0.0,-0.25,-136.59503333078644
0.0,-0.25,-174.75771984299817
0.0,-0.25,-172.77451463441886
0.0,-0.25,-171.44874656631384
0.0,-0.25,-135.9138157496267
0.0,-0.25,-162.7775916922616
0.0,-0.25,-170.12446670060538
0.0,-0.25,-141.17650699784198
0.0,-0.25,-170.70922437889203
0.0,-0.25,-150.49236954001898
0.0,-0.25,-185.52978819115634
0.0,-0.25,-159.1127031700276
0.0,-0.25,-149.04935537996548
0.0,-0.25,-163.65706101429544
0.0,-0.25,-164.29199154216673
0.0,-0.25,-153.66652177729853
0.0,-0.25,-174.3660230494323
0.0,-0.25,-132.81349206349805
0.0,-0.25,-172.23756973601286
0.0,-0.25,-166.27315270219037
0.0,-0.25,-146.9013554844064
0.0,-0.25,-155.7008252864986
0.0,-0.25,-175.4562077238253
0.0,-0.25,-156.09813454805033
0.0,-0.25,-154.89960661513996
0.0,-0.25,-177.53904271691803
0.0,-0.25,-179.55479571557524
0.0,-0.25,-162.9789801871241
0.0,-0.25,-160.04592495254303
0.0,-0.25,-149.48916951953976
0.0,-0.25,-189.08690343182775
0.0,-0.25,-170.775769300463
0.0,-0.25,-162.60214405333363
0.0,-0.25,-162.4040435003153
0.0,-0.25,-187.43679934740706
0.0,-0.25,-199.0763841106742
0.0,-0.25,-176.46618926525784
0.0,-0.25,-154.08828710098783
0.0,-0.25,-180.69814187070833
0.0,-0.25,-190.1145319286995
0.0,-0.25,-145.37707084247774
0.0,-0.25,-186.65174394795932
0.0,-0.25,-164.0673714969846
0.0,-0.25,-176.6492958869295
0.0,-0.25,-154.8614088793123
0.0,-0.25,-160.21095255335604
0.0,-0.25,-150.63602805391452
0.0,-0.25,-159.0762860866469
0.0,-0.25,-167.96803922933043
0.0,-0.25,-176.09632511146643
0.0,-0.25,-174.44989452521355
0.0,-0.25,-179.32188232882373
0.0,-0.25,-172.6401383315961
0.0,-0.25,-156.85311323260365
0.0,-0.25,-135.6283840042422
0.0,-0.25,-189.9751504337894
0.0,-0.25,-182.42428061110445
0.0,-0.25,-162.9516923899818
0.0,-0.25,-171.54008640919153
0.0,-0.25,-159.97019071214595
0.0,-0.25,-170.75848473028213
0.0,-0.25,-155.0048152714576
0.0,-0.25,-144.69067951109986
0.0,-0.25,-157.0281742776437
0.0,-0.25,-154.82352293621497
0.0,-0.25,-167.14817377858225
0.0,-0.25,-161.69558634247727
0.0,-0.25,-193.10883688174673
0.0,-0.25,-166.60570772472997
0.0,-0.25,-156.2912828874861
0.0,-0.25,-159.93226927253576
0.0,-0.25,-160.87188679773348
0.0,-0.25,-166.7194343904116
0.0,-0.25,-169.90667848287814
0.0,-0.25,-149.38904879978202
0.0,-0.25,-164.93808141954568
0.0,-0.25,-139.9990862584997
0.0,-0.25,-166.99200599555854
0.0,-0.25,-170.84575214617246
0.0,-0.25,-160.95986961489808
0.0,-0.25,-189.6738709013196
0.0,-0.25,-137.81028552518845
0.0,-0.25,-163.73565270536932
0.0,-0.25,-161.24299157200684
0.0,-0.25,-190.24531663179522
0.0,-0.25,-187.29358463246393
0.0,-0.25,-171.2195506352231
0.0,-0.25,-144.75666657618123
0.0,-0.25,-158.94842957564342
0.0,-0.25,-180.70847222487748
0.0,-0.25,-156.609573016978
0.0,-0.25,-169.4007217233147
0.0,-0.25,-170.10898443508245
0.0,-0.25,-145.28242246572444
0.0,-0.25,-147.1718254810977
0.0,-0.25,-139.45228381564547
0.0,-0.25,-160.65540526638048
0.0,-0.25,-164.11999023862552
0.0,-0.25,-155.64144204009983
0.0,-0.25,-161.2682057526522
0.0,-0.25,-158.6358996398139
0.0,-0.25,-171.01387192477316
0.0,-0.25,-154.85086923559086
0.0,-0.25,-156.75912730068302
0.0,-0.25,-155.25326145386035
0.0,-0.25,-155.6148986754662
0.0,-0.25,-159.42745261558318
0.0,-0.25,-140.92228524917374
0.0,-0.25,-144.00439506417362
0.0,-0.25,-162.95827084264144
0.0,-0.25,-150.1636049430299
0.0,-0.25,-163.86223898675706
0.0,-0.25,-152.20276802026092
0.0,-0.25,-153.5615811405978
0.0,-0.25,-150.32419116664366
0.0,-0.25,-180.68486552270724
0.0,-0.25,-179.75544408092657
0.0,-0.25,-166.3769351001952
0.0,-0.25,-184.31453497406494
0.0,-0.25,-179.05166949524653
0.0,-0.25,-160.3731363466628
0.0,-0.25,-185.33097255021465
0.0,-0.25,-159.79428955290723
0.0,-0.25,-149.7828147798198
0.0,-0.25,-187.2857199555335
0.0,-0.25,-156.80891180903558
0.0,-0.25,-150.8945339511806
0.0,-0.25,-165.68326841803787
0.0,-0.25,-175.83022123885223
0.0,-0.25,-171.46258067308932
0.0,-0.25,-169.92064828065733
0.0,-0.25,-165.29758948250827
0.0,-0.25,-160.2359429159031
0.0,-0.25,-139.12416459636196
0.0,-0.25,-173.05269520633883
0.0,-0.25,-145.4256614206317
0.0,-0.25,-159.60982140898963
0.0,-0.25,-180.37942241195202
0.0,-0.25,-141.07504803183255
0.0,-0.25,-160.51001909378047
0.0,-0.25,-159.10628142378684
0.0,-0.25,-144.65445799396707
0.0,-0.25,-137.60931954093456
0.0,-0.25,-165.4147432358068
0.0,-0.25,-177.74047590414543
0.0,-0.25,-150.19062386001
0.0,-0.25,-183.94844091519636
0.0,-0.25,-171.15361978684348
0.0,-0.25,-193.69704360423694
0.0,-0.25,-153.76727336279342
0.0,-0.25,-176.08793103424685
0.0,-0.25,-160.4902884024155
0.0,-0.25,-159.31911298248733
0.0,-0.25,-176.30070663130323
0.0,-0.25,-167.2751227303687
0.0,-0.25,-195.3121466179247
0.0,-0.25,-129.44513916334205
0.0,-0.25,-176.10892539619036
0.0,-0.25,-150.73911298406156
0.0,-0.25,-169.37133923282383
0.0,-0.25,-162.88704254450107
0.0,-0.25,-172.8705454088002
0.0,-0.25,-154.62853831825603
0.0,-0.25,-154.28486871345422
0.0,-0.25,-147.399073897201
0.0,-0.25,-150.8491090360741
0.0,-0.25,-154.2332037270077
0.0,-0.25,-154.21168206335022
0.0,-0.25,-145.44062460662076
0.0,-0.25,-142.57912267079192
0.0,-0.25,-152.0711193404788
0.0,-0.25,-150.37028488623372
0.0,-0.25,-162.38947180805982
0.0,-0.25,-154.44862237545382
0.0,-0.25,-178.28469381859924
0.0,-0.25,-140.79273697896932
0.0,-0.25,-196.40770139759334
0.0,-0.25,-158.90631930537904
0.0,-0.25,-158.02922935110402
0.0,-0.25,-169.37500975514308
0.0,-0.25,-189.81173395127107
0.0,-0.25,-163.28553462933004
0.0,-0.25,-166.9714096247952
0.0,-0.25,-172.82333013830518
0.0,-0.25,-170.23035921088402
0.0,-0.25,-179.2576449584589
0.0,-0.25,-146.63702157254883
0.0,-0.25,-157.3526138979722
0.0,-0.25,-187.26907321803742
0.0,-0.25,-179.2402270473219
0.0,-0.25,-173.83990861652424
0.0,-0.25,-152.64058324242777
0.0,-0.25,-155.77343174075216
0.0,-0.25,-142.8144882531696
0.0,-0.25,-186.74473014287727
0.0,-0.25,-165.20791945972357
0.0,-0.25,-138.92773359619014
0.0,-0.25,-169.5894640735608
0.0,-0.25,-131.0308651167618
0.0,-0.25,-147.04160325058893
0.0,-0.25,-136.16681762766535
0.0,-0.25,-193.82643784260287
0.0,-0.25,-151.80076068706302
0.0,-0.25,-193.78860563339887
0.0,-0.25,-191.96650618236765
0.0,-0.25,-152.1892036224245
0.0,-0.25,-188.6180098192471
0.0,-0.25,-133.05230656333248
0.0,-0.25,-159.66539653169428
0.0,-0.25,-142.6979146164857
0.0,-0.25,-128.81871561767923
0.0,-0.25,-161.20824786694476
0.0,-0.25,-153.13869075516135
0.0,-0.25,-187.82559817724996
0.0,-0.25,-159.22894173343357
0.0,-0.25,-145.93797567574242
0.0,-0.25,-141.73476915614975
0.0,-0.25,-166.79606639785146
0.0,-0.25,-146.184108578087
0.0,-0.25,-145.55260988210398
0.0,-0.25,-146.5627754011575
0.0,-0.25,-146.9182626404052
0.0,-0.25,-174.53715317959174
0.0,-0.25,-149.80122733282363
0.0,-0.25,-157.98280129556193
0.0,-0.25,-151.58101547417672
0.0,-0.25,-157.4575680365219
0.0,-0.25,-167.86242309622997
0.0,-0.25,-171.47818459411712
0.0,-0.25,-165.64533248420452
0.0,-0.25,-166.59337750744857
0.0,-0.25,-145.05065464623513
0.0,-0.25,-179.32555788804777
0.0,-0.25,-198.64020176650092
0.0,-0.25,-151.14317824174978
0.0,-0.25,-176.03068693883122
0.0,-0.25,-182.58234744531296
0.0,-0.25,-164.58343403934776
0.0,-0.25,-162.1857321786279
0.0,-0.25,-180.95012779116712
0.0,-0.25,-168.08820987816057
0.0,-0.25,-186.78655040042568
0.0,-0.25,-176.07995875392555
0.0,-0.25,-178.92057727929287
0.0,-0.25,-180.7537757456203
0.0,-0.25,-184.67161291601533
0.0,-0.25,-166.52306473635832
0.0,-0.25,-190.14416477520592
0.0,-0.25,-189.7192286450589
0.0,-0.25,-151.65150072182618
0.0,-0.25,-148.04930960057598
0.0,-0.25,-169.39115747810973
0.0,-0.25,-162.05622627063784
0.0,-0.25,-160.24190706539832
0.0,-0.25,-169.2561246258761
0.0,-0.25,-184.49504780376532
0.0,-0.25,-161.222731254305
0.0,-0.25,-173.00445538415227
0.0,-0.25,-196.56571789090594
0.0,-0.25,-150.52684200462997
0.0,-0.25,-167.5961586240053
0.0,-0.25,-198.0613445525818
0.0,-0.25,-160.29965380733367
0.0,-0.25,-140.51853167292316
0.0,-0.25,-159.4729964546965
0.0,-0.25,-169.8551042884636
0.0,-0.25,-163.5525192162818
0.0,-0.25,-143.4101939998198
0.0,-0.25,-193.2727799904238
0.0,-0.25,-150.24194732464645
0.0,-0.25,-183.8992715684385
0.0,-0.25,-160.7454181540428
0.0,-0.25,-167.84024811345367
0.0,-0.25,-158.84851304503718
0.0,-0.25,-184.43751869264773
0.0,-0.25,-153.20287436171463
0.0,-0.25,-140.55253066839444
0.0,-0.25,-155.55667238633328
0.0,-0.25,-147.2485641268491
0.0,-0.25,-151.28615020423516
0.0,-0.25,-162.35488237033712
0.0,-0.25,-180.89056412000429
0.0,-0.25,-177.69801239595574
0.0,-0.25,-142.57793099281082
0.0,-0.25,-196.82437313636714
0.0,-0.25,-178.34457340165486
0.0,-0.25,-140.735696961123
0.0,-0.25,-137.42625039264885
0.0,-0.25,-149.07136539072317
0.0,-0.25,-146.2051197955381
0.0,-0.25,-182.03412832675406
0.0,-0.25,-169.6031464150549
0.0,-0.25,-181.8769599314751
0.0,-0.25,-142.99116414692156
0.0,-0.25,-136.1307231581436
0.0,-0.25,-135.1281435227378
0.0,-0.25,-161.21629207137553
0.0,-0.25,-171.8177363345491
0.0,-0.25,-135.5743365472678
0.0,-0.25,-162.02135554115588
0.0,-0.25,-183.9579889241268
0.0,-0.25,-148.3423500699321
0.0,-0.25,-159.24655145312616
0.0,-0.25,-176.04976955384728
0.0,-0.25,-142.44330380478576
0.0,-0.25,-165.75530979787865
0.0,-0.25,-148.42317888651172
0.0,-0.25,-178.39199478645438
0.0,-0.25,-147.73808642220652
0.0,-0.25,-170.7806501653575
0.0,-0.25,-136.5761794555137
0.0,-0.25,-156.50778933356486
0.0,-0.25,-139.765494819289
0.0,-0.25,-169.20545654150519
0.0,-0.25,-174.4620358163532
0.0,-0.25,-173.36192905928888
0.0,-0.25,-150.50804475032382
0.0,-0.25,-180.89638296205905
0.0,-0.25,-161.96307424738615
0.0,-0.25,-171.75766587362932
0.0,-0.25,-167.16758464251996
0.0,-0.25,-177.08536464753143
0.0,-0.25,-146.56714102388233
0.0,-0.25,-173.8496386819618
0.0,-0.25,-147.26457338472144
0.0,-0.25,-175.05464139029962
0.0,-0.25,-166.0391747316625
0.0,-0.25,-177.67100890424132
0.0,-0.25,-151.81533428674783
0.0,-0.25,-165.4312762096778
0.0,-0.25,-156.98720572901223
0.0,-0.25,-184.47311919075668
0.0,-0.25,-183.81965603421787
0.0,-0.25,-141.78008862501738
0.0,-0.25,-148.59461998696642
0.0,-0.25,-171.83242627067085
0.0,-0.25,-170.02412601860883
0.0,-0.25,-142.64756789536597
0.0,-0.25,-150.1704188015109
0.0,-0.25,-153.95964147208116
0.0,-0.25,-143.37878159386142
0.0,-0.25,-137.79084202534725
0.0,-0.25,-138.78031643419482
0.0,-0.25,-178.53898143153913
0.0,-0.25,-173.11731750607032
0.0,-0.25,-159.8764243008075
0.0,-0.25,-145.70130183949055
0.0,-0.25,-162.02402851568922
0.0,-0.25,-184.10725833527198
0.0,-0.25,-170.67093176545174
0.0,-0.25,-148.9609143689788
0.0,-0.25,-158.58902115707747
0.0,-0.25,-158.3192430606561
0.0,-0.25,-164.34694303817733
0.0,-0.25,-147.27587635082728
0.0,-0.25,-178.04501852238212
0.0,-0.25,-151.31506792815173
0.0,-0.25,-145.67877888052615
0.0,-0.25,-169.80964448866501
0.0,-0.25,-155.00730923618966
0.0,-0.25,-141.67959629169516
0.0,-0.25,-164.42023396756238
0.0,-0.25,-151.48015952993555
0.0,-0.25,-159.61088975110417
0.0,-0.25,-139.59278063756267
0.0,-0.25,-163.39073844799321
0.0,-0.25,-139.3775183407544
0.0,-0.25,-147.9357493186772
0.0,-0.25,-176.99942714378957
0.0,-0.25,-144.23352165696997
0.0,-0.25,-164.07154092427987
0.0,-0.25,-184.7231671371388
0.0,-0.25,-156.9251574258049
0.0,-0.25,-172.65815007134128
0.0,-0.25,-182.70522668415362
0.0,-0.25,-151.15421999750183
0.0,-0.25,-184.38404542346706
0.0,-0.25,-187.2824705297851
0.0,-0.25,-158.08385280037209
0.0,-0.25,-162.43831292873256
0.0,-0.25,-156.5585095100118
0.0,-0.25,-139.32505572206273
0.0,-0.25,-173.23387279258577
0.0,-0.25,-173.42941632788492
0.0,-0.25,-130.8337819029445
0.0,-0.25,-160.17340572893514
0.0,-0.25,-151.68867461806903
0.0,-0.25,-143.27256738048087
0.0,-0.25,-188.79498820350628
0.0,-0.25,-156.56743281309215
0.0,-0.25,-144.61595284592386
0.0,-0.25,-167.38168876857844
0.0,-0.25,-133.01601840317406
0.0,-0.25,-156.5481966288426
0.0,-0.25,-164.09927479282322
0.0,-0.25,-165.06877665097664
0.0,-0.25,-158.72277050362428
0.0,-0.25,-144.0266927409728
0.0,-0.25,-159.46022536002275
0.0,-0.25,-145.76940416128977
0.0,-0.25,-171.01447035451505
0.0,-0.25,-179.60854889135405
0.0,-0.25,-164.77760104919452
0.0,-0.25,-161.7792905744366
0.0,-0.25,-187.51480846891968
0.0,-0.25,-160.0673801145794
0.0,-0.25,-139.87627805488015
0.0,-0.25,-169.22500467470476
0.0,-0.25,-167.67362158326497
0.0,-0.25,-154.06508759483714
0.0,-0.25,-178.25706873889897
0.0,-0.25,-151.15170027353642
0.0,-0.25,-164.27727368334197
0.0,-0.25,-170.87746274939232
0.0,-0.25,-153.94036965742131
0.0,-0.25,-155.8057165418444
0.0,-0.25,-182.74989555524556
0.0,-0.25,-174.81842906919775
0.0,-0.25,-139.60111132415213
0.0,-0.25,-170.32615986483063
0.0,-0.25,-128.71909236006638
0.0,-0.25,-149.01599915861513
0.0,-0.25,-158.07610137529716
0.0,-0.25,-166.6390107249062
0.0,-0.25,-151.05910977511428
0.0,-0.25,-153.2349725262957
0.0,-0.25,-145.30374603380562
0.0,-0.25,-125.74179225958665
0.0,-0.25,-148.28291845091158
0.0,-0.25,-142.68477346612605
0.0,-0.25,-155.31428939394954
0.0,-0.25,-151.98835511932572
0.0,-0.25,-160.68456716453395
0.0,-0.25,-181.09926866388497
0.0,-0.25,-167.39440245793347
0.0,-0.25,-179.36548250683734
0.0,-0.25,-173.16063406803565
0.0,-0.25,-147.41885980909845
0.0,-0.25,-157.38472883030516
0.0,-0.25,-137.99102302340373
0.0,-0.25,-161.41256652744545
0.0,-0.25,-175.31806376456566
0.0,-0.25,-167.05785354473122
0.0,-0.25,-165.20910088538932
0.0,-0.25,-176.81741335771682
0.0,-0.25,-170.07258233766345
0.0,-0.25,-137.2873097277132
0.0,-0.25,-190.56163092166517
0.0,-0.25,-177.0457677883745
0.0,-0.25,-161.7760159618931
0.0,-0.25,-149.75759663478345
0.0,-0.25,-151.35509174825393
0.0,-0.25,-175.98372714128112
0.0,-0.25,-165.6526522966015
0.0,-0.25,-163.78679683287416
0.0,-0.25,-171.7032658495364
0.0,-0.25,-152.51901905338238
0.0,-0.25,-172.9127939528815
0.0,-0.25,-193.65069095811407
0.0,-0.25,-156.98464679645696
0.0,-0.25,-179.65706168332298
0.0,-0.25,-164.0781659943048
0.0,-0.25,-186.70618135733807
0.0,-0.25,-184.2631230871483
0.0,-0.25,-161.15812697982213
0.0,-0.25,-178.4750040846466
0.0,-0.25,-169.11413435847808
0.0,-0.25,-175.54327488776536
0.0,-0.25,-141.1712981829772
0.0,-0.25,-177.1964382397382
0.0,-0.25,-174.46816235948432
0.0,-0.25,-164.89903907061355
0.0,-0.25,-155.20675124436946
0.0,-0.25,-153.79350431867073
0.0,-0.25,-150.45526557157837
0.0,-0.25,-136.99046305780277
0.0,-0.25,-187.7032387377819
0.0,-0.25,-186.5820413455371
0.0,-0.25,-153.22714430649393
0.0,-0.25,-162.12263895142547
0.0,-0.25,-166.01452005078718
0.0,-0.25,-151.0915545619055
0.0,-0.25,-164.05102243540904
0.0,-0.25,-171.5142527284977
0.0,-0.25,-159.7379687876747
0.0,-0.25,-163.68971252534925
0.0,-0.25,-184.28549831271866
0.0,-0.25,-179.7304577043159
0.0,-0.25,-177.83822940165598
0.0,-0.25,-159.61792438213502
0.0,-0.25,-132.63971594653196
0.0,-0.25,-171.59315456866568
0.0,-0.25,-158.26765931018397
0.0,-0.25,-165.3927505836989
0.0,-0.25,-139.0853492603485
0.0,-0.25,-182.83211150390508
0.0,-0.25,-178.23823733359967
0.0,-0.25,-151.42503372924185
0.0,-0.25,-172.41216302798105
0.0,-0.25,-174.5637036895065
0.0,-0.25,-158.0424167999547
0.0,-0.25,-141.6555250730273
0.0,-0.25,-176.5948187805803
0.0,-0.25,-172.0446035844436
0.0,-0.25,-160.145852497516
0.0,-0.25,-178.6811874006076
0.0,-0.25,-177.18942421017047
0.0,-0.25,-131.09369635420643
0.0,-0.25,-153.4929164448835
0.0,-0.25,-156.80225313434107
0.0,-0.25,-152.0730550419077
0.0,-0.25,-193.5569241728605
0.0,-0.25,-161.54021175626457
0.0,-0.25,-129.13691477485247
0.0,-0.25,-167.54711524607217
0.0,-0.25,-167.610166458032
0.0,-0.25,-148.82120854542475
0.0,-0.25,-164.96048936913914
0.0,-0.25,-164.89139397359253
0.0,-0.25,-166.079398494233
0.0,-0.25,-159.85054082747823
0.0,-0.25,-135.5430529137256
0.0,-0.25,-163.695061521346
0.0,-0.25,-145.1016019679262
0.0,-0.25,-133.55594637862689
0.0,-0.25,-170.10508763262862
0.0,-0.25,-162.31131415754356
0.0,-0.25,-189.5514092980405
0.0,-0.25,-143.3976331813044
0.0,-0.25,-166.02413355487667
0.0,-0.25,-162.66234255872683
0.0,-0.25,-153.69848621723534
0.0,-0.25,-192.92762376225855
0.0,-0.25,-144.86454090166234
0.0,-0.25,-192.8947079685444
0.0,-0.25,-171.86140444560422
0.0,-0.25,-157.7380832121999
0.0,-0.25,-140.4403644518252
0.0,-0.25,-168.87162074491897
0.0,-0.25,-133.82893090175577
0.0,-0.25,-158.64170439515232
0.0,-0.25,-190.99048027649658
0.0,-0.25,-185.64969247519724
0.0,-0.25,-138.81921798322088
0.0,-0.25,-161.81873123176166
0.0,-0.25,-135.41764274090784
0.0,-0.25,-167.57245970402795
0.0,-0.25,-161.6036875003541
0.0,-0.25,-153.2251013958984
0.0,-0.25,-165.96657564043272
0.0,-0.25,-175.2866210817152
0.0,-0.25,-135.92837616140415
0.0,-0.25,-171.1639009524714
0.0,-0.25,-159.7082636126763
0.0,-0.25,-139.0142935258215
0.0,-0.25,-167.24497750104254
0.0,-0.25,-143.9175692184956
0.0,-0.25,-167.6443880492295
0.0,-0.25,-161.60128514950304
0.0,-0.25,-168.34844447184258
0.0,-0.25,-194.51473090289352
0.0,-0.25,-151.7105600620879
0.0,-0.25,-142.64429839777324
0.0,-0.25,-159.62614815777485
0.0,-0.25,-144.12589447952172
0.0,-0.25,-137.53428873899892
0.0,-0.25,-184.476998558126
0.0,-0.25,-188.33494872327967
0.0,-0.25,-173.12769644894567
0.0,-0.25,-165.91941117448354
0.0,-0.25,-163.87132614352416
0.0,-0.25,-164.93118214688613
0.0,-0.25,-139.5048579774352
0.0,-0.25,-149.84675738667653
0.0,-0.25,-160.52128352376712
0.0,-0.25,-159.03987022419824
0.0,-0.25,-169.9942682704037
0.0,-0.25,-170.9903012151492
0.0,-0.25,-166.68031214059422
0.0,-0.25,-160.75818569592482
0.0,-0.25,-177.5904602890732
0.0,-0.25,-177.7369668818675
0.0,-0.25,-147.7021824557548
0.0,-0.25,-161.58195050063705
0.0,-0.25,-132.5067799341524
0.0,-0.25,-179.2222030628952
0.0,-0.25,-157.3690696436273
0.0,-0.25,-163.3015457261793
0.0,-0.25,-172.49340317723914
0.0,-0.25,-175.26791682009352
0.0,-0.25,-141.5095981904481
0.0,-0.25,-156.7566486337752
0.0,-0.25,-180.14619305180963
0.0,-0.25,-187.29757557626556
0.0,-0.25,-176.403756800219
0.0,-0.25,-165.16878701019655
0.0,-0.25,-186.70243092134703
0.0,-0.25,-142.57724120849136
0.0,-0.25,-167.76340517753255
0.0,-0.25,-172.57042552491706
0.0,-0.25,-171.2751078419691
0.0,-0.25,-186.46496380009484
0.0,-0.25,-193.25276698401956
0.0,-0.25,-174.24729588488907
0.0,-0.25,-149.46347272047396
0.0,-0.25,-172.03526950164905
0.0,-0.25,-156.62689496336884
0.0,-0.25,-164.55648724593811
0.0,-0.25,-169.908871578047
0.0,-0.25,-157.8130717285433
0.0,-0.25,-193.3889723399938
0.0,-0.25,-184.03052395846734
0.0,-0.25,-181.6020899328729
0.0,-0.25,-165.72714296050825
0.0,-0.25,-152.2862703274874
0.0,-0.25,-148.9122062370693
0.0,-0.25,-144.75936183837592
0.0,-0.25,-144.81446608930437
0.0,-0.25,-170.4344678635001
0.0,-0.25,-169.04348973107096
0.0,-0.25,-157.5939712050292
0.0,-0.25,-139.60831890644891
0.0,-0.25,-161.08657328764272
0.0,-0.25,-136.68190965133914
0.0,-0.25,-192.39415108310183
0.0,-0.25,-162.15852183177032
0.0,-0.25,-142.07644043264162
0.0,-0.25,-163.30895925791694
0.0,-0.25,-173.83059055014888
0.0,-0.25,-165.5208950233606
0.0,-0.25,-173.74857888065358
0.0,-0.25,-173.01878361623739
0.0,-0.25,-165.36587146698838
0.0,-0.25,-163.03659650938152
0.0,-0.25,-193.59637138370138
0.0,-0.25,-140.69924842430848
0.0,-0.25,-142.99794874071807
0.0,-0.25,-161.324267793541
0.0,-0.25,-152.8957854129682
0.0,-0.25,-191.1226599055296
0.0,-0.25,-170.5199324628544
0.0,-0.25,-145.24153987392506
0.0,-0.25,-154.93059010711008
0.0,-0.25,-138.00756096231882
0.0,-0.25,-178.9266083065974
0.0,-0.25,-143.38309028051674
0.0,-0.25,-174.96405515253284
0.0,-0.25,-172.95288978230965
0.0,-0.25,-185.34776719916613
0.0,-0.25,-164.2210882441563
0.0,-0.25,-151.08168813102657
0.0,-0.25,-182.9412353883022
0.0,-0.25,-181.71043601352136
0.0,-0.25,-131.4070415896986
0.0,-0.25,-161.04217997904703
0.0,-0.25,-164.41633488324842
0.0,-0.25,-148.2203514073158
0.0,-0.25,-167.89779106915816
0.0,-0.25,-153.97943879104008
0.0,-0.25,-152.59934814263912
0.0,-0.25,-156.07760217407616
0.0,-0.25,-169.2950404814389
0.0,-0.25,-174.92992302649867
0.0,-0.25,-179.11876758694257
0.0,-0.25,-132.40783230723457
0.0,-0.25,-146.32420569461706
0.0,-0.25,-163.07983827537385
0.0,-0.25,-152.4437595769829
0.0,-0.25,-146.79168715033052
0.0,-0.25,-168.58842156809402
0.0,-0.25,-187.37315679623165
0.0,-0.25,-171.4574428929669
0.0,-0.25,-175.4370477315788
0.0,-0.25,-173.0767150283664
0.0,-0.25,-178.23424415768545
0.0,-0.25,-164.31603777496267
0.0,-0.25,-169.5944829901623
0.0,-0.25,-138.84354559158726
0.0,-0.25,-140.78589278313456
0.0,-0.25,-188.80085772556816
0.0,-0.25,-156.86407099470236
0.0,-0.25,-156.13018395019762
0.0,-0.25,-139.63233486137844
0.0,-0.25,-178.26884723186964
0.0,-0.25,-166.2163885458665
0.0,-0.25,-135.92522120541796
0.0,-0.25,-180.91325800471984
0.0,-0.25,-162.17948915404824
0.0,-0.25,-164.73145692895324
0.0,-0.25,-144.59451117053592
0.0,-0.25,-151.48652228787185
0.0,-0.25,-165.6740853902921
0.0,-0.25,-157.1724473358134
0.0,-0.25,-177.3562320757979
0.0,-0.25,-180.0205239737152
0.0,-0.25,-168.47063123095933
0.0,-0.25,-180.02641986496903
0.0,-0.25,-130.76091083948762
0.0,-0.25,-180.55067384907196
0.0,-0.25,-137.75534846666196
0.0,-0.25,-170.53350014812415
0.0,-0.25,-177.84554672432205
0.0,-0.25,-179.1198018913614
0.0,-0.25,-149.91933894215484
0.0,-0.25,-135.28913968534584
0.0,-0.25,-145.25782754761204
0.0,-0.25,-147.1441631441726
0.0,-0.25,-145.77917754910646
0.0,-0.25,-182.2022699747309
0.0,-0.25,-185.49922563864249
0.0,-0.25,-157.05467743516934
0.0,-0.25,-138.41501803511713
0.0,-0.25,-159.31390699406734
0.0,-0.25,-177.5691246139412
0.0,-0.25,-158.5048963946958
0.0,-0.25,-183.45048979761702
0.0,-0.25,-166.71368997359312
0.0,-0.25,-154.1862860085608
0.0,-0.25,-188.87480944297536
0.0,-0.25,-160.83210111411523
0.0,-0.25,-157.66417563929303
0.0,-0.25,-159.13086475825537
0.0,-0.25,-176.73489298207824
0.0,-0.25,-168.14073125124008
0.0,-0.25,-143.0962148312769
0.0,-0.25,-150.1985754860434
0.0,-0.25,-186.80106950524416
0.0,-0.25,-183.53173741892954
0.0,-0.25,-178.27437763691466
0.0,-0.25,-148.4460212440861
0.0,-0.25,-158.69896839630033
0.0,-0.25,-138.5533167184591
0.0,-0.25,-156.93757462967548
0.0,-0.25,-149.8686766642373
0.0,-0.25,-146.74946212296345
0.0,-0.25,-161.02511531404488
0.0,-0.25,-175.4162340181109
0.0,-0.25,-157.70484404590104
0.0,-0.25,-166.40528306076445
0.0,-0.25,-151.1422973437297
0.0,-0.25,-172.9289232306793
0.0,-0.25,-168.96433854919306
0.0,-0.25,-162.922394315673
0.0,-0.25,-152.48305228861284
0.0,-0.25,-167.60157179334732
0.0,-0.25,-152.82725415962156
0.0,-0.25,-175.29266029292174
0.0,-0.25,-160.48094190056847
0.0,-0.25,-150.9387259606033
0.0,-0.25,-162.98584184659555
0.0,-0.25,-169.12451444903874
0.0,-0.25,-183.42550553690205
0.0,-0.25,-157.603948282486
0.0,-0.25,-177.10484520868513
0.0,-0.25,-151.77456293454674
0.0,-0.25,-171.70936773274474
0.0,-0.25,-162.14748087311574
0.0,-0.25,-184.98614242416522
0.0,-0.25,-164.0969239958658
0.0,-0.25,-160.52174562733452
0.0,-0.25,-182.01595421065528
0.0,-0.25,-159.2123488366281
0.0,-0.25,-165.8151227438971
0.0,-0.25,-165.62060375991825
0.0,-0.25,-145.05637977063978
0.0,-0.25,-159.24203318000943
0.0,-0.25,-184.75527707366
0.0,-0.25,-166.10227433014535
0.0,-0.25,-166.0322699123816
0.0,-0.25,-167.154005318421
0.0,-0.25,-197.88398508692106
0.0,-0.25,-180.63924937598333
0.0,-0.25,-169.3198969672246
0.0,-0.25,-144.4169362945762
0.0,-0.25,-157.35556102470022
0.0,-0.25,-176.50490714496271
0.0,-0.25,-144.97368479637217
0.0,-0.25,-159.40158841859173
0.0,-0.25,-172.78268482987224
0.0,-0.25,-151.15522338959804
0.0,-0.25,-153.57045960688424
0.0,-0.25,-181.95283702468984
0.0,-0.25,-188.49424702580458
0.0,-0.25,-163.65860203791917
0.0,-0.25,-154.50742729641104
0.0,-0.25,-166.3672740551251
0.0,-0.25,-156.22010522189706
0.0,-0.25,-139.1689036211899
0.0,-0.25,-183.9873635426068
0.0,-0.25,-165.14225203387656
0.0,-0.25,-157.6281081693553
0.0,-0.25,-166.06124382170577
0.0,-0.25,-164.54638954595387
0.0,-0.25,-165.9382399505144
0.0,-0.25,-171.93372834543462
0.0,-0.25,-158.7328983884201
0.0,-0.25,-147.5513962754833
0.0,-0.25,-165.13714428494248
0.0,-0.25,-154.7770610930591
0.0,-0.25,-170.7676962063964
0.0,-0.25,-177.6492430625512
0.0,-0.25,-151.1361404833903
0.0,-0.25,-167.34018261547268
0.0,-0.25,-179.63781082404992
0.0,-0.25,-152.31058052545472
0.0,-0.25,-139.77587361041478
0.0,-0.25,-163.12049749407518
0.0,-0.25,-171.8787758880601
0.0,-0.25,-178.0268119211015
0.0,-0.25,-179.92414848876462
0.0,-0.25,-162.74331163290591
0.0,-0.25,-157.11165803379572
0.0,-0.25,-165.65881098906482
0.0,-0.25,-186.86309111868042
0.0,-0.25,-155.7836744483235
0.0,-0.25,-167.112359358004
0.0,-0.25,-144.94675110586095
0.0,-0.25,-171.38777769186598
0.0,-0.25,-168.34931511735243
0.0,-0.25,-175.34745994775074
0.0,-0.25,-184.9565538627028
0.0,-0.25,-187.26818531215667
0.0,-0.25,-154.21336005888344
0.0,-0.25,-166.27724589889564
0.0,-0.25,-131.83300915580395
0.0,-0.25,-167.0637945957674
0.0,-0.25,-156.39236462704326
0.0,-0.25,-171.77216396084677
0.0,-0.25,-169.0494278304037
0.0,-0.25,-170.9683614683235
0.0,-0.25,-137.27833371238685
0.0,-0.25,-151.17229799778244
0.0,-0.25,-176.88520427666697
0.0,-0.25,-184.7580070442342
0.0,-0.25,-159.9480116457017
0.0,-0.25,-155.04492831247154
0.0,-0.25,-141.16032098778768
0.0,-0.25,-157.76253883062063
0.0,-0.25,-167.29103336438973
0.0,-0.25,-150.54593183445485
0.0,-0.25,-147.80114198509025
0.0,-0.25,-157.65849338959853
0.0,-0.25,-168.26272188915232
0.0,-0.25,-177.9927689107347
0.0,-0.25,-142.38674937503913
0.0,-0.25,-167.6904998163835
0.0,-0.25,-160.23144753709312
0.0,-0.25,-159.41401060314124
0.0,-0.25,-166.13526902175605
0.0,-0.25,-160.56996814476176
0.0,-0.25,-147.21144256395178
0.0,-0.25,-167.13825409507618
0.0,-0.25,-189.53939170525788
0.0,-0.25,-185.66030689783773
0.0,-0.25,-156.34250623999634
0.0,-0.25,-160.51134521397015
0.0,-0.25,-163.75226182761477
0.0,-0.25,-166.92971079117632
0.0,-0.25,-144.26059258052652
0.0,-0.25,-160.01588156107908
0.0,-0.25,-149.7356916112372
0.0,-0.25,-168.91572418622565
0.0,-0.25,-164.3616876492555
0.0,-0.25,-140.87372314933938
0.0,-0.25,-150.06059922872114
0.0,-0.25,-158.8530651715997
0.0,-0.25,-157.39310528517288
0.0,-0.25,-194.89498683189964
0.0,-0.25,-159.0005379172105
0.0,-0.25,-165.8351894515661
0.0,-0.25,-146.5216088031494
0.0,-0.25,-158.37140675548667
0.0,-0.25,-146.42085662162023
0.0,-0.25,-146.90799063328845
0.0,-0.25,-144.13900792610139
0.0,-0.25,-156.41267933330155
0.0,-0.25,-131.07350982163166
0.0,-0.25,-196.96018216226955
0.0,-0.25,-146.77310676137242
0.0,-0.25,-183.0261854020715
0.0,-0.25,-149.81781852134927
0.0,-0.25,-167.67462358968857
0.0,-0.25,-165.59934149253593
0.0,-0.25,-194.08811203823086
0.0,-0.25,-183.2595296147004
0.0,-0.25,-143.37198232521695
0.0,-0.25,-125.75104090260912
0.0,-0.25,-136.47001764156568
0.0,-0.25,-174.26759900075976
0.0,-0.25,-151.83432944538427
0.0,-0.25,-149.93617401171457
0.0,-0.25,-168.39645017971864
0.0,-0.25,-132.7507270498365
0.0,-0.25,-171.7636118350867
0.0,-0.25,-158.22109104095097
0.0,-0.25,-158.1643477490156
0.0,-0.25,-164.1260531793614
0.0,-0.25,-178.7484140661677
0.0,-0.25,-175.69702713193146
0.0,-0.25,-183.7641191711045
0.0,-0.25,-180.60121798182917
0.0,-0.25,-170.7414217054519
0.0,-0.25,-170.57252473735412
0.0,-0.25,-165.59446140473207
0.0,-0.25,-142.2661686408107
0.0,-0.25,-167.31653566190434
0.0,-0.25,-140.67404401851726
0.0,-0.25,-158.43191420570372
0.0,-0.25,-172.52913584590596
0.0,-0.25,-197.22536206673385
0.0,-0.25,-145.56751353898886
0.0,-0.25,-144.0247088333327
0.0,-0.25,-194.0060422711182
0.0,-0.25,-166.39084100861743
0.0,-0.25,-167.19879033332148
0.0,-0.25,-162.79879584342345
0.0,-0.25,-135.9881837434575
0.0,-0.25,-160.23798225477006
0.0,-0.25,-172.74312028716213
0.0,-0.25,-173.58781917218428
0.0,-0.25,-162.87705438644448
0.0,-0.25,-141.57030693995074
0.0,-0.25,-123.6226213405957
0.0,-0.25,-177.93143123952996
0.0,-0.25,-151.37994863237205
0.0,-0.25,-156.03597448431475
0.0,-0.25,-149.2690584834297
0.0,-0.25,-156.63137797385517
0.0,-0.25,-161.90594814532838
0.0,-0.25,-166.76136223461512
0.0,-0.25,-151.90658369581377
0.0,-0.25,-155.72936995478912
0.0,-0.25,-157.18756341792502
0.0,-0.25,-178.89033289024536
0.0,-0.25,-173.20051849975079
0.0,-0.25,-165.6840652771077
0.0,-0.25,-157.10958983476584
0.0,-0.25,-164.74616695973822
0.0,-0.25,-161.62619195511695
0.0,-0.25,-155.0698278327637
0.0,-0.25,-148.13116806983948
0.0,-0.25,-155.86976412831763
0.0,-0.25,-170.90537400174273
0.0,-0.25,-163.69684071954433
0.0,-0.25,-161.2154654503264
0.0,-0.25,-166.61584071995233
0.0,-0.25,-164.50034404622656
0.0,-0.25,-164.780540907559
0.0,-0.25,-171.0773177354378
0.0,-0.25,-171.3333376028685
0.0,-0.25,-130.07684807851112
0.0,-0.25,-162.06348297398935
0.0,-0.25,-155.41623408521403
0.0,-0.25,-168.88128585371766
0.0,-0.25,-155.66846180641681
0.0,-0.25,-183.23495422043018
0.0,-0.25,-191.2623808436471
0.0,-0.25,-158.04001307082018
0.0,-0.25,-145.25300897247877
0.0,-0.25,-187.73873590867478
0.0,-0.25,-144.5712090834064
0.0,-0.25,-156.52913661534615
0.0,-0.25,-170.60310156865572
0.0,-0.25,-160.47816810082927
0.0,-0.25,-161.75832223294762
0.0,-0.25,-186.44216476161213
0.0,-0.25,-169.775899718836
0.0,-0.25,-178.0475295442528
0.0,-0.25,-165.19273168780907
0.0,-0.25,-157.6345319928452
0.0,-0.25,-164.08312515603035
0.0,-0.25,-161.45316195320183
0.0,-0.25,-186.5067121661483
0.0,-0.25,-173.38862982383267
0.0,-0.25,-153.23779730741282
0.0,-0.25,-173.57875085184594
0.0,-0.25,-162.3092346744306
0.0,-0.25,-169.10323466797246
0.0,-0.25,-184.5413598132355
0.0,-0.25,-168.1849146599568
0.0,-0.25,-144.23412046154922
0.0,-0.25,-134.1335875819266
0.0,-0.25,-155.68591409195002
0.0,-0.25,-153.68550396286878
0.0,-0.25,-162.09733087874417
0.0,-0.25,-170.9761083077581
0.0,-0.25,-162.40320494068231
0.0,-0.25,-181.95288513966887
0.0,-0.25,-151.91378610605474
0.0,-0.25,-145.90711830369617
0.0,-0.25,-187.10369319864915
0.0,-0.25,-195.8201790718783
0.0,-0.25,-163.28297552406218
0.0,-0.25,-148.7658444859537
0.0,-0.25,-169.88523473118582
0.0,-0.25,-149.34883761787813
0.0,-0.25,-183.15063043315357
0.0,-0.25,-158.90850189779172
0.0,-0.25,-174.08742963620233
0.0,-0.25,-144.9126126932279
0.0,-0.25,-161.30291838315367
0.0,-0.25,-158.9683983691286
0.0,-0.25,-167.87274039441937
0.0,-0.25,-161.05946466338887
0.0,-0.25,-183.78253941434886
0.0,-0.25,-152.40621401774686
0.0,-0.25,-170.52299792424822
0.0,-0.25,-146.84167485642934
0.0,-0.25,-135.9630060297361
0.0,-0.25,-143.9433937660467
0.0,-0.25,-163.0992406030261
0.0,-0.25,-133.58866436549818
0.0,-0.25,-166.95369599913494
0.0,-0.25,-180.57955294124113
0.0,-0.25,-179.37164347042128
0.0,-0.25,-186.70364767958165
0.0,-0.25,-158.05783782754688
0.0,-0.25,-185.75457692095637
0.0,-0.25,-158.39320900022386
0.0,-0.25,-168.53931034084073
0.0,-0.25,-182.73947217765658
0.0,-0.25,-172.77861651768083
0.0,-0.25,-158.8663889236818
0.0,-0.25,-150.66378229291968
0.0,-0.25,-194.05314315535597
0.0,-0.25,-162.74149186984343
0.0,-0.25,-142.72365224339393
0.0,-0.25,-156.30141145626504
0.0,-0.25,-177.05027326678922
0.0,-0.25,-142.7860044332853
0.0,-0.25,-182.49342868724628
0.0,-0.25,-199.9844946777757
0.0,-0.25,-167.97081365547692
0.0,-0.25,-155.86750088640852
0.0,-0.25,-160.38359969335644
0.0,-0.25,-164.6731856317708
0.0,-0.25,-141.5991770572417
0.0,-0.25,-166.3271166309396
0.0,-0.25,-165.4802030389055
0.0,-0.25,-167.67792831202337
0.0,-0.25,-184.36740329529823
0.0,-0.25,-146.48068552790457
0.0,-0.25,-150.35874261014965
0.0,-0.25,-153.7359466263622
0.0,-0.25,-150.6361106835047
0.0,-0.25,-192.66726488819478
0.0,-0.25,-149.40410220096723
0.0,-0.25,-146.2072443828212
0.0,-0.25,-142.63856000230695
0.0,-0.25,-189.05450862204054
0.0,-0.25,-147.60261613003243
0.0,-0.25,-136.2866223867275
0.0,-0.25,-161.8772080520678
0.0,-0.25,-164.18702973930826
0.0,-0.25,-179.7945913667241
0.0,-0.25,-144.26612174515103
0.0,-0.25,-149.34242992966415
0.0,-0.25,-169.37791838038387
0.0,-0.25,-174.20858384691718
0.0,-0.25,-180.6366044724542
0.0,-0.25,-180.67606822464973
0.0,-0.25,-164.95312620620996
0.0,-0.25,-158.3675456762307
0.0,-0.25,-173.90216652229316
0.0,-0.25,-172.89918221385528
0.0,-0.25,-171.02741983742374
0.0,-0.25,-165.9234374611826
0.0,-0.25,-161.98863897309013
0.0,-0.25,-169.36553981053612
0.0,-0.25,-166.02805968207022
0.0,-0.25,-173.47713192090785
0.0,-0.25,-151.59667519025714
0.0,-0.25,-149.6859547994627
0.0,-0.25,-163.93925859842543
0.0,-0.25,-144.8377669269756
0.0,-0.25,-150.74187219134373
0.0,-0.25,-151.31267099971893
0.0,-0.25,-182.67066877742639
0.0,-0.25,-153.80387634494215
0.0,-0.25,-167.1729338463973
0.0,-0.25,-159.28357117963927
0.0,-0.25,-178.82176635427734
0.0,-0.25,-170.28324460614212
0.0,-0.25,-147.98436496768824
0.0,-0.25,-173.6806019079299
0.0,-0.25,-189.80136533002704
0.0,-0.25,-158.17429944703935
0.0,-0.25,-161.53267959878744
0.0,-0.25,-182.8521883946981
0.0,-0.25,-174.94225826679173
0.0,-0.25,-149.28892552486755
0.0,-0.25,-169.46959234115226
0.0,-0.25,-153.12582357609722
0.0,-0.25,-165.87879351989224
0.0,-0.25,-168.82135474558424
0.0,-0.25,-150.46326171595953
0.0,-0.25,-153.3222120843455
0.0,-0.25,-164.88770208862556
0.0,-0.25,-147.0638228409804
0.0,-0.25,-171.59782138427553
0.0,-0.25,-161.53488206891998
0.0,-0.25,-162.5588642922827
0.0,-0.25,-132.2907988568195
0.0,-0.25,-145.49158878820307
0.0,-0.25,-138.98590595316116
0.0,-0.25,-149.6232778934271
0.0,-0.25,-154.3497647181062
0.0,-0.25,-178.52755388619605
0.0,-0.25,-135.49254577914422
0.0,-0.25,-182.55392524060832
0.0,-0.25,-175.32769771434437
0.0,-0.25,-153.41630407680145
0.0,-0.25,-175.57646031979024
0.0,-0.25,-130.63400352240808
0.0,-0.25,-144.13493349445142
0.0,-0.25,-139.82022686448417
0.0,-0.25,-149.63855676630644
0.0,-0.25,-171.79950253275757
0.0,-0.25,-163.63490080022964
0.0,-0.25,-140.50495287965677
0.0,-0.25,-155.34644608726114
0.0,-0.25,-172.2338486616238
0.0,-0.25,-146.75856029119674
0.0,-0.25,-148.00381692790677
0.0,-0.25,-146.32666812757375
0.0,-0.25,-183.9942906898721
0.0,-0.25,-153.88335800534668
0.0,-0.25,-168.6444508428164
0.0,-0.25,-163.4611628049407
0.0,-0.25,-150.2594670027557
0.0,-0.25,-178.49866615222209
0.0,-0.25,-188.86538792794977
0.0,-0.25,-147.8616987210999
0.0,-0.25,-171.10888576372915
0.0,-0.25,-149.48559115953034
0.0,-0.25,-137.75199223802323
0.0,-0.25,-156.60835975427162
0.0,-0.25,-166.97162089394976
0.0,-0.25,-155.12696177103783
0.0,-0.25,-153.9708060000334
0.0,-0.25,-178.03801019345906
0.0,-0.25,-157.94503862855925
0.0,-0.25,-166.33656757248366
0.0,-0.25,-157.15547868143875
0.0,-0.25,-155.21023901225666
0.0,-0.25,-163.93820079625846
0.0,-0.25,-153.976379145303
0.0,-0.25,-158.96606161538134
0.0,-0.25,-170.75286042744037
0.0,-0.25,-180.5230183958997
0.0,-0.25,-145.6191406880811
0.0,-0.25,-176.03286803841493
0.0,-0.25,-167.70282820980307
0.0,-0.25,-173.61818894436934
0.0,-0.25,-149.55268655228713
0.0,-0.25,-188.03578926962314
0.0,-0.25,-151.93390055573468
0.0,-0.25,-189.6292630137829
0.0,-0.25,-168.78946720575823
0.0,-0.25,-171.94223298656223
0.0,-0.25,-168.70725868780323
0.0,-0.25,-188.9578292178341
0.0,-0.25,-144.1359906778513
0.0,-0.25,-124.46915710700108
0.0,-0.25,-153.16425369181104
0.0,-0.25,-161.33816929462023
0.0,-0.25,-157.59768238694878
0.0,-0.25,-149.36894098765453
0.0,-0.25,-141.12010947752995
0.0,-0.25,-184.13583414196654
0.0,-0.25,-172.70328396907996
0.0,-0.25,-171.59574461091267
0.0,-0.25,-155.84475940940752
0.0,-0.25,-145.0848699385918
0.0,-0.25,-196.0088613644076
0.0,-0.25,-147.99164805687764
0.0,-0.25,-178.1242827236114
0.0,-0.25,-151.22989488820608
0.0,-0.25,-163.10608574711082
0.0,-0.25,-166.78587748162474
0.0,-0.25,-179.0046694237974
0.0,-0.25,-161.56843795293122
0.0,-0.25,-184.9150847000486
0.0,-0.25,-180.88980627489894
0.0,-0.25,-157.6453166452677
0.0,-0.25,-178.01974926005303
0.0,-0.25,-178.170343217395
0.0,-0.25,-164.7355759925753
0.0,-0.25,-163.37873197641375
0.0,-0.25,-167.6568704650762
0.0,-0.25,-177.49400421505013
0.0,-0.25,-141.9158714546485
0.0,-0.25,-154.16073823806138
0.0,-0.25,-174.64394327512346
0.0,-0.25,-184.9429688744535
0.0,-0.25,-166.22228063880226
0.0,-0.25,-140.63820331270827
0.0,-0.25,-173.86414411361287
0.0,-0.25,-151.05165983938392
0.0,-0.25,-167.34988705478034
0.0,-0.25,-171.9430923401559
0.0,-0.25,-153.09798349000022
0.0,-0.25,-182.78634131627086
0.0,-0.25,-164.65003651492714
0.0,-0.25,-159.09443567657536
0.0,-0.25,-149.3068907402437
0.0,-0.25,-158.3869495054637
0.0,-0.25,-152.94487720516761
0.0,-0.25,-137.28778135769508
0.0,-0.25,-176.48335101083558
0.0,-0.25,-145.4312388736379
0.0,-0.25,-179.19811963572164
0.0,-0.25,-164.15442898111016
0.0,-0.25,-172.33002989284384
0.0,-0.25,-172.6970160952103
0.0,-0.25,-165.54837834793287
0.0,-0.25,-177.1489073308612
0.0,-0.25,-181.823199944516
0.0,-0.25,-157.22220537413344
0.0,-0.25,-169.573670979306
0.0,-0.25,-182.4622910512243
0.0,-0.25,-186.0172686237398
0.0,-0.25,-148.12422318271862
0.0,-0.25,-159.4900427838608
0.0,-0.25,-167.46072657290063
0.0,-0.25,-156.4165705859416
0.0,-0.25,-153.3619547996162
0.0,-0.25,-177.24739164274766
0.0,-0.25,-175.48162221143593
0.0,-0.25,-156.92509816927915
0.0,-0.25,-159.9652839334547
0.0,-0.25,-175.15581437850372
0.0,-0.25,-182.38945356398403
0.0,-0.25,-166.74327716267175
0.0,-0.25,-168.381819954315
0.0,-0.25,-178.48322355086967
0.0,-0.25,-139.12335151840125
0.0,-0.25,-183.31893497848066
0.0,-0.25,-176.86110487213188
0.0,-0.25,-137.39723619496203
0.0,-0.25,-162.4700943174506
0.0,-0.25,-156.8039972754878
0.0,-0.25,-181.4357578738565
0.0,-0.25,-164.06904309391106
0.0,-0.25,-171.85006423345266
0.0,-0.25,-145.97558026604605
0.0,-0.25,-184.965563639889
0.0,-0.25,-171.6331841622646
0.0,-0.25,-150.09745874747372
0.0,-0.25,-176.59666011779885
0.0,-0.25,-147.61146267386184
0.0,-0.25,-145.79154384074718
0.0,-0.25,-161.7299979105587
0.0,-0.25,-160.89260614836329
0.0,-0.25,-162.77053165126546
0.0,-0.25,-166.55233184904677
0.0,-0.25,-171.96627717410445
0.0,-0.25,-155.5842089662548
0.0,-0.25,-160.46899344074714
0.0,-0.25,-159.7749963727936
0.0,-0.25,-195.01860352812176
0.0,-0.25,-137.2565016339502
0.0,-0.25,-178.2177151263928
0.0,-0.25,-150.8422371097195
0.0,-0.25,-164.075025551657
0.0,-0.25,-140.66011989713073
0.0,-0.25,-160.70283248849367
0.0,-0.25,-186.2530744803862
0.0,-0.25,-173.878426416358
0.0,-0.25,-182.18548898485375
0.0,-0.25,-163.48932959723342
0.0,-0.25,-165.01480825478177
0.0,-0.25,-153.65791722261284
0.0,-0.25,-185.43848469342288
0.0,-0.25,-151.7631764318407
0.0,-0.25,-167.00180042549587
0.0,-0.25,-177.3357993081498
0.0,-0.25,-153.10127383467199
0.0,-0.25,-185.20625994795998
0.0,-0.25,-168.30759456435442
0.0,-0.25,-159.70243605701097
0.0,-0.25,-166.3294746817548
0.0,-0.25,-143.5025698218231
0.0,-0.25,-153.08858979455957
0.0,-0.25,-159.20463104623056
0.0,-0.25,-162.78355097206787
0.0,-0.25,-196.2487219447514
0.0,-0.25,-149.23104389171536
0.0,-0.25,-181.03257445023942
0.0,-0.25,-177.87034371811802
0.0,-0.25,-160.6203057050936
0.0,-0.25,-163.83737247775844
0.0,-0.25,-174.7083710966471
0.0,-0.25,-149.38573083775702
0.0,-0.25,-178.43124066721035
0.0,-0.25,-138.8617182267076
0.0,-0.25,-147.70526205138765
0.0,-0.25,-159.13768321396873
0.0,-0.25,-154.57575131903675
0.0,-0.25,-168.39966089608538
0.0,-0.25,-149.66135031113674
0.0,-0.25,-129.84565330479586
0.0,-0.25,-166.883509393314
0.0,-0.25,-183.7796509856749
0.0,-0.25,-159.9516668165605
0.0,-0.25,-156.67942737454246
0.0,-0.25,-178.89495743835613
0.0,-0.25,-151.55519675664473
0.0,-0.25,-171.30957786287627
0.0,-0.25,-143.98986802741283
0.0,-0.25,-141.6571259852079
0.0,-0.25,-192.6721249875817
0.0,-0.25,-189.68264333994037
0.0,-0.25,-153.15314013802916
0.0,-0.25,-142.76949721458794
0.0,-0.25,-166.04712967469266
0.0,-0.25,-175.1030843143264
0.0,-0.25,-187.09114404745273
0.0,-0.25,-160.76011514058686
0.0,-0.25,-168.55906612503287
0.0,-0.25,-148.0677790541174
0.0,-0.25,-165.39976262307297
0.0,-0.25,-166.7658974206164
0.0,-0.25,-144.6348165221839
0.0,-0.25,-158.26537895836995
0.0,-0.25,-173.76332086583082
0.0,-0.25,-146.60040290005352
0.0,-0.25,-153.54540139139874
0.0,-0.25,-163.41145029540385
0.0,-0.25,-157.86576559937004
0.0,-0.25,-151.6734851012654
0.0,-0.25,-178.63736896401045
0.0,-0.25,-175.21983864485998
0.0,-0.25,-176.59895514469585
0.0,-0.25,-160.69387744205224
0.0,-0.25,-169.47106636398757
0.0,-0.25,-175.6658017293083
0.0,-0.25,-198.8272945825027
0.0,-0.25,-157.2116771375952
0.0,-0.25,-169.5664354904743
0.0,-0.25,-172.2078387419722
0.0,-0.25,-170.64630710253462
0.0,-0.25,-131.93080721953433
0.0,-0.25,-157.58390240868553
0.0,-0.25,-152.9953085066775
0.0,-0.25,-166.6773682208343
0.0,-0.25,-145.2942185005336
0.0,-0.25,-170.64731102096417
0.0,-0.25,-150.40080081743181
0.0,-0.25,-155.14506561520082
0.0,-0.25,-163.84173942450033
0.0,-0.25,-165.80590949194374
0.0,-0.25,-163.32100527627145
0.0,-0.25,-163.5419107189199
0.0,-0.25,-179.61005718053096
0.0,-0.25,-184.47080066668025
0.0,-0.25,-161.52982611240245
0.0,-0.25,-140.76165417888865
0.0,-0.25,-164.11054386854505
0.0,-0.25,-175.20892979064894
0.0,-0.25,-166.89458942537743
0.0,-0.25,-159.63493711348625
0.0,-0.25,-128.43165610745046
0.0,-0.25,-156.44408316702214
0.0,-0.25,-137.97901241527998
0.0,-0.25,-177.29850141775668
0.0,-0.25,-147.25071717993123
0.0,-0.25,-134.89563020345048
0.0,-0.25,-181.70811046821268
0.0,-0.25,-171.7144742857491
0.0,-0.25,-196.06014357820314
0.0,-0.25,-177.57085078332193
0.0,-0.25,-154.72032226226693
0.0,-0.25,-150.5426581916711
0.0,-0.25,-154.92979064514782
0.0,-0.25,-161.68193004261104
0.0,-0.25,-189.41639266830427
0.0,-0.25,-145.43482674718481
0.0,-0.25,-166.73961876888958
0.0,-0.25,-149.90968439055587
0.0,-0.25,-174.33095720386837
0.0,-0.25,-148.60141920798856
0.0,-0.25,-156.30385369476454
0.0,-0.25,-165.63699664112758
0.0,-0.25,-172.91962723342934
0.0,-0.25,-155.39777904377627
0.0,-0.25,-195.12461489477096
0.0,-0.25,-158.83739818202915
0.0,-0.25,-191.52308268245073
0.0,-0.25,-157.21937499534596
0.0,-0.25,-174.1730159811205
0.0,-0.25,-137.19133393412844
0.0,-0.25,-186.86120915574304
0.0,-0.25,-167.05475749347244
0.0,-0.25,-176.92461913037744
0.0,-0.25,-147.62231612546236
0.0,-0.25,-161.52589637711634
0.0,-0.25,-160.40130546896967
0.0,-0.25,-151.56558599740308
0.0,-0.25,-175.94270722019604
0.0,-0.25,-147.27739245955274
0.0,-0.25,-149.4003979548503
0.0,-0.25,-145.10242854148296
0.0,-0.25,-182.1892687559729
0.0,-0.25,-163.744488155931
0.0,-0.25,-182.41148993377806
0.0,-0.25,-133.38507419180237
0.0,-0.25,-161.99894634233627
0.0,-0.25,-168.00416831862992
0.0,-0.25,-162.56148113077876
0.0,-0.25,-175.69569627987343
0.0,-0.25,-175.19393430762443
0.0,-0.25,-171.69238121233727
0.0,-0.25,-155.222058191357
0.0,-0.25,-161.96104351365682
0.0,-0.25,-193.02417695772778
0.0,-0.25,-157.02671871563774
0.0,-0.25,-175.35896075691377
0.0,-0.25,-137.15968406224792
0.0,-0.25,-165.21533829720872
0.0,-0.25,-151.4923275571243
0.0,-0.25,-155.02783438113534
0.0,-0.25,-140.73287119074735
0.0,-0.25,-186.71252982026328
0.0,-0.25,-183.78840216941077
0.0,-0.25,-162.57677330299666
0.0,-0.25,-171.0156029573201
0.0,-0.25,-165.44352288396803
0.0,-0.25,-135.69068670920024
0.0,-0.25,-161.16725196583516
0.0,-0.25,-189.49861132089708
0.0,-0.25,-143.15008915084948
0.0,-0.25,-176.1160402801642
0.0,-0.25,-143.4270494293063
0.0,-0.25,-153.78510941226745
0.0,-0.25,-184.76945594005878
0.0,-0.25,-183.95075087690594
0.0,-0.25,-140.49471180908708
0.0,-0.25,-174.78597357362506
0.0,-0.25,-167.72224470641777
0.0,-0.25,-146.85237403459115
0.0,-0.25,-191.59760485656574
0.0,-0.25,-185.49499697352653
0.0,-0.25,-166.00910862881884
0.0,-0.25,-163.5206615749816
0.0,-0.25,-128.68394437770397
0.0,-0.25,-149.88853734871782
0.0,-0.25,-164.04347436914568
0.0,-0.25,-176.9757051747769
0.0,-0.25,-137.6446778402504
0.0,-0.25,-143.15053547790816
0.0,-0.25,-185.29639245193462
0.0,-0.25,-157.02238933501266
0.0,-0.25,-173.6843090117648
0.0,-0.25,-158.73739887044027
0.0,-0.25,-191.7722830700143
0.0,-0.25,-158.32460112683202
0.0,-0.25,-163.16491768903995
0.0,-0.25,-169.4066158815776
0.0,-0.25,-137.7755261882992
0.0,-0.25,-180.01086103565174
0.0,-0.25,-142.33716121383284
0.0,-0.25,-169.67701420319278
0.0,-0.25,-141.05098595170733
0.0,-0.25,-158.39347376575333
0.0,-0.25,-159.97477094647797
0.0,-0.25,-181.04973194694784
0.0,-0.25,-132.32993267393425
0.0,-0.25,-149.4100129027466
0.0,-0.25,-162.82474680589004
0.0,-0.25,-177.7352784978091
0.0,-0.25,-154.16590350447393
0.0,-0.25,-181.33636186858288
0.0,-0.25,-169.87631513739933
0.0,-0.25,-194.0324333027082
0.0,-0.25,-161.22336591837797
0.0,-0.25,-169.3997775653474
0.0,-0.25,-150.499891118581
0.0,-0.25,-163.9766868836406
0.0,-0.25,-138.4277695631479
0.0,-0.25,-180.00412931952687
0.0,-0.25,-193.21307184089068
0.0,-0.25,-157.72047651426095
0.0,-0.25,-162.98270615820664
0.0,-0.25,-168.73383186760464
0.0,-0.25,-161.15867423754688
0.0,-0.25,-177.58322689462952
0.0,-0.25,-171.07545705770505
0.0,-0.25,-163.7067545562205
0.0,-0.25,-185.84387958407046
0.0,-0.25,-158.63125877988725
0.0,-0.25,-146.2741237689197
0.0,-0.25,-174.15761068775703
0.0,-0.25,-158.00449077459686
0.0,-0.25,-193.16257676930164
0.0,-0.25,-164.84145897303745
0.0,-0.25,-155.61695764995034
0.0,-0.25,-151.5957101753413
0.0,-0.25,-166.44040665394445
0.0,-0.25,-171.85944957383052
0.0,-0.25,-183.27794858939762
0.0,-0.25,-159.4734061556337
0.0,-0.25,-176.2807462846239
0.0,-0.25,-139.86490739285355
0.0,-0.25,-190.91202917510307
0.0,-0.25,-158.39362547729877
0.0,-0.25,-174.5655503151892
0.0,-0.25,-150.73643570311455
0.0,-0.25,-158.66637045733347
0.0,-0.25,-174.39639492972086
0.0,-0.25,-185.3447148924612
0.0,-0.25,-174.29756533801674
0.0,-0.25,-160.62689542367326
0.0,-0.25,-174.4230863149049
0.0,-0.25,-136.62914290840806
0.0,-0.25,-139.3871230816978
0.0,-0.25,-135.52939042539185
0.0,-0.25,-164.00964643033336
0.0,-0.25,-181.4093958496905
0.0,-0.25,-154.9181149453924
0.0,-0.25,-179.6628042040291
0.0,-0.25,-154.6164606482873
0.0,-0.25,-184.4397982875179
0.0,-0.25,-158.85145817598047
0.0,-0.25,-162.58219633467365
0.0,-0.25,-138.23952939522482
0.0,-0.25,-155.56206339728303
0.0,-0.25,-133.98557940616362
0.0,-0.25,-175.9383318604099
0.0,-0.25,-138.85351226589546
0.0,-0.25,-163.31582037102166
0.0,-0.25,-154.0581254687641
0.0,-0.25,-185.8644330736997
0.0,-0.25,-152.22456494892583
0.0,-0.25,-187.43261794880686
0.0,-0.25,-163.66006003573463
0.0,-0.25,-142.6380595059831
0.0,-0.25,-194.38103420729124
0.0,-0.25,-132.86322987004021
0.0,-0.25,-163.12997862007887
0.0,-0.25,-184.3135019165201
0.0,-0.25,-137.31594811551165
0.0,-0.25,-172.42466592573734
0.0,-0.25,-170.08262108999298
0.0,-0.25,-173.30426766300448
0.0,-0.25,-165.25964493685402
0.0,-0.25,-183.20054029257747
0.0,-0.25,-150.41982730559505
0.0,-0.25,-142.69263828194204
0.0,-0.25,-181.28471348524937
0.0,-0.25,-148.72485390620696
0.0,-0.25,-148.0776817699021
0.0,-0.25,-176.04953925278244
0.0,-0.25,-140.75910056685922
0.0,-0.25,-165.29936352452742
0.0,-0.25,-163.29797654925653
0.0,-0.25,-165.77122000700118
0.0,-0.25,-169.11264655410287
0.0,-0.25,-163.2949446595978
0.0,-0.25,-135.17824259455438
0.0,-0.25,-151.7887091326416
0.0,-0.25,-129.68760016280248
0.0,-0.25,-143.05630301826395
0.0,-0.25,-159.78287036434472
0.0,-0.25,-134.9846855893677
0.0,-0.25,-162.37417299418212
0.0,-0.25,-151.98097418895605
0.0,-0.25,-173.1753773861808
0.0,-0.25,-170.80935591311905
0.0,-0.25,-168.08399596277098
0.0,-0.25,-160.6815264770915
0.0,-0.25,-169.84132092428254
0.0,-0.25,-174.57569924915822
0.0,-0.25,-154.0497515895921
0.0,-0.25,-163.2275136112976
0.0,-0.25,-159.2263950799839
0.0,-0.25,-167.1688020218272
0.0,-0.25,-158.96694369048768
0.0,-0.25,-152.2385138155837
0.0,-0.25,-167.3365433656246
0.0,-0.25,-154.0237954842289
0.0,-0.25,-173.0592082142771
0.0,-0.25,-174.55048469169512
0.0,-0.25,-144.62996477424804
0.0,-0.25,-161.98647218388632
0.0,-0.25,-147.36839216573495
0.0,-0.25,-150.36297249964872
0.0,-0.25,-161.89493267066786
0.0,-0.25,-154.4286846569036
0.0,-0.25,-139.72807455510807
0.0,-0.25,-161.29529645877358
0.0,-0.25,-162.99730685681098
0.0,-0.25,-142.46796750389848
0.0,-0.25,-177.42210105976613
0.0,-0.25,-131.95239138834916
0.0,-0.25,-177.49714803401983
0.0,-0.25,-128.78618611693807
0.0,-0.25,-160.64294339112678
0.0,-0.25,-163.61122960461378
0.0,-0.25,-134.5299780020859
0.0,-0.25,-167.79756268763634
0.0,-0.25,-188.4849731308498
0.0,-0.25,-170.6003269362387
0.0,-0.25,-140.66460187282595
0.0,-0.25,-173.8396517287679
0.0,-0.25,-140.20026503969183
0.0,-0.25,-164.44041970177713
0.0,-0.25,-136.073476574687
0.0,-0.25,-165.4433009154764
0.0,-0.25,-145.04120493000582
0.0,-0.25,-141.5248993504477
0.0,-0.25,-174.42898947207058
0.0,-0.25,-147.6113098261249
0.0,-0.25,-163.54839056940136
0.0,-0.25,-173.79247213271617
0.0,-0.25,-131.93441929408468
0.0,-0.25,-147.19132890469547
0.0,-0.25,-131.99602288264305
0.0,-0.25,-145.69860063165336
0.0,-0.25,-157.88876476481735
0.0,-0.25,-167.44010655631806
0.0,-0.25,-142.88923214153422
0.0,-0.25,-178.7627563494192
0.0,-0.25,-191.40408800128586
0.0,-0.25,-156.46569960239486
0.0,-0.25,-147.31040675221936
0.0,-0.25,-182.90439384044373
0.0,-0.25,-161.19958852219406
0.0,-0.25,-181.8639976536186
0.0,-0.25,-172.43864224155183
0.0,-0.25,-167.53072318589722
0.0,-0.25,-164.74920971332617
0.0,-0.25,-165.7598625157744
0.0,-0.25,-177.87126476238242
0.0,-0.25,-187.82732633047002
0.0,-0.25,-156.24797247971105
0.0,-0.25,-150.2362627504677
0.0,-0.25,-185.45004923385073
0.0,-0.25,-172.06191360249292
0.0,-0.25,-162.7518895059615
0.0,-0.25,-181.76716795883803
0.0,-0.25,-178.29953745742728
0.0,-0.25,-173.28027113025777
0.0,-0.25,-189.6088972403876
0.0,-0.25,-151.84910931397602
0.0,-0.25,-166.57772167570374
0.0,-0.25,-143.65123396657881
0.0,-0.25,-183.5377460699992
0.0,-0.25,-158.3609043799609
0.0,-0.25,-142.27859513365084
0.0,-0.25,-183.12749306759795
0.0,-0.25,-140.8481214838834
0.0,-0.25,-187.09271408789405
0.0,-0.25,-155.06299959617152
0.0,-0.25,-149.12484191716084
0.0,-0.25,-164.39751256252822
0.0,-0.25,-137.00389604625732
0.0,-0.25,-166.8682892812704
0.0,-0.25,-156.87754372447048
0.0,-0.25,-144.6405814100943
0.0,-0.25,-152.84443065711133
0.0,-0.25,-173.4050694634922
0.0,-0.25,-169.78509099958407
0.0,-0.25,-188.78743217200687
0.0,-0.25,-162.54567450872446
0.0,-0.25,-136.42150751827037
0.0,-0.25,-161.0118431093676
0.0,-0.25,-174.96087070835353
0.0,-0.25,-136.9891895409201
0.0,-0.25,-199.55459430076468
0.0,-0.25,-142.42794181936102
0.0,-0.25,-144.7072227969072
0.0,-0.25,-131.97762770982575
0.0,-0.25,-165.01195572475203
0.0,-0.25,-144.5528283695276
0.0,-0.25,-157.82338543186435
0.0,-0.25,-132.16983802104093
0.0,-0.25,-142.41270603305344
0.0,-0.25,-169.279637544831
0.0,-0.25,-140.5485448755073
0.0,-0.25,-183.78196745315913
0.0,-0.25,-185.83387210619668
0.0,-0.25,-159.35586907263334
0.0,-0.25,-171.65974031532383
0.0,-0.25,-169.17257099314116
0.0,-0.25,-155.57289402920284
0.0,-0.25,-140.42259884798378
0.0,-0.25,-158.95407042132067
0.0,-0.25,-175.4320680007532
0.0,-0.25,-187.84352874217734
0.0,-0.25,-143.8576542092003
0.0,-0.25,-163.0897049529455
0.0,-0.25,-171.9895841745621
0.0,-0.25,-162.90113520762267
0.0,-0.25,-155.11163237178155
0.0,-0.25,-164.21374012823836
0.0,-0.25,-135.99151486399586
0.0,-0.25,-156.86227322414373
0.0,-0.25,-142.31226379924675
0.0,-0.25,-132.99898573612091
0.0,-0.25,-152.94387959535777
0.0,-0.25,-158.77218481154173
0.0,-0.25,-164.80338982250683
0.0,-0.25,-183.82712074435264
0.0,-0.25,-155.9668444986269
0.0,-0.25,-156.47506470103127
0.0,-0.25,-167.75739071928058
0.0,-0.25,-164.40627741768373
0.0,-0.25,-157.84944398189336
0.0,-0.25,-159.2450313533177
0.0,-0.25,-188.24735382887587
0.0,-0.25,-175.02825425092414
0.0,-0.25,-146.706671808203
0.0,-0.25,-178.8496764059195
0.0,-0.25,-155.13057871271963
0.0,-0.25,-169.55350078537055
0.0,-0.25,-186.62529144129294
0.0,-0.25,-146.51050296554877
0.0,-0.25,-191.34058261979735
0.0,-0.25,-155.7087030125035
0.0,-0.25,-146.3333576217843
0.0,-0.25,-169.7779041951525
0.0,-0.25,-137.05838579453282
0.0,-0.25,-148.89636829791436
0.0,-0.25,-144.44966402072947
0.0,-0.25,-175.23242131819708
0.0,-0.25,-150.32549530085294
0.0,-0.25,-157.76046938905472
0.0,-0.25,-178.17101800954853
0.0,-0.25,-167.90392220087415
0.0,-0.25,-176.65649124633129
0.0,-0.25,-141.72897917966608
0.0,-0.25,-186.51639470882574
0.0,-0.25,-147.71745575133642
0.0,-0.25,-139.5452600311869
0.0,-0.25,-150.4212256745068
0.0,-0.25,-133.45471950013018
0.0,-0.25,-195.05050494854086
0.0,-0.25,-159.70454364218963
0.0,-0.25,-174.58605618194886
0.0,-0.25,-168.47320808151665
0.0,-0.25,-135.55730288505322
0.0,-0.25,-176.33593571276808
0.0,-0.25,-169.27187301975522
0.0,-0.25,-151.3512174554264
0.0,-0.25,-156.90076740883683
0.0,-0.25,-133.46238183803567
0.0,-0.25,-146.44345519907012
0.0,-0.25,-169.43429199517283
0.0,-0.25,-165.49910495092794
0.0,-0.25,-128.05750642116024
0.0,-0.25,-157.99678097547977
0.0,-0.25,-152.66390361303854
0.0,-0.25,-166.31524978636625
0.0,-0.25,-161.02589213647448
0.0,-0.25,-168.51884041526253
0.0,-0.25,-184.11426552608486
0.0,-0.25,-176.7588344483831
0.0,-0.25,-156.55959958957396
0.0,-0.25,-147.51721789254927
0.0,-0.25,-146.55817117439287
0.0,-0.25,-154.4994724312565
0.0,-0.25,-171.66854807207636
0.0,-0.25,-153.22414678011944
0.0,-0.25,-136.72060555607834
0.0,-0.25,-162.34316701609677
0.0,-0.25,-127.31164318295703
0.0,-0.25,-180.1980760734895
0.0,-0.25,-142.62910245323897
0.0,-0.25,-176.60835186645267
0.0,-0.25,-147.53448903214755
0.0,-0.25,-154.36516426221374
0.0,-0.25,-160.96026771157756
0.0,-0.25,-146.68039863041406
0.0,-0.25,-172.96127458823074
0.0,-0.25,-190.51090582102145
0.0,-0.25,-166.6333392638935
0.0,-0.25,-138.79138663967916
0.0,-0.25,-156.16816736821204
0.0,-0.25,-175.26946182093306
0.0,-0.25,-144.9222839763095
0.0,-0.25,-169.44845206796202
0.0,-0.25,-135.34703742589804
0.0,-0.25,-153.49664198172337
0.0,-0.25,-179.3938507635736
0.0,-0.25,-170.21823878137891
0.0,-0.25,-142.21670687931024
0.0,-0.25,-166.5737625167021
0.0,-0.25,-171.02851222662918
0.0,-0.25,-164.9484684904497
0.0,-0.25,-151.21730341901753
0.0,-0.25,-144.4209240910708
0.0,-0.25,-157.57616523309719
0.0,-0.25,-180.48030058260076
0.0,-0.25,-172.93823527232962
0.0,-0.25,-133.78749738130722
0.0,-0.25,-168.85174858518585
0.0,-0.25,-170.68276964822772
0.0,-0.25,-177.84076483180783
0.0,-0.25,-129.36971298359413
0.0,-0.25,-149.94613146904567
0.0,-0.25,-147.29830058851306
0.0,-0.25,-149.21705054292542
0.0,-0.25,-135.56935196156252
0.0,-0.25,-169.56470814372267
0.0,-0.25,-187.24570992778467
0.0,-0.25,-142.68132366927907
0.0,-0.25,-169.76392770899514
0.0,-0.25,-175.63580883204838
0.0,-0.25,-155.45228287196335
0.0,-0.25,-169.02308058612755
0.0,-0.25,-151.99725677508815
0.0,-0.25,-145.43569286198033
0.0,-0.25,-154.65418588292096
0.0,-0.25,-155.36008852797974
0.0,-0.25,-165.95111362358466
0.0,-0.25,-154.30084438608853
0.0,-0.25,-189.17749465346094
0.0,-0.25,-145.18239492307654
0.0,-0.25,-168.8372373384991
0.0,-0.25,-163.57524777452065
0.0,-0.25,-170.3524885226723
0.0,-0.25,-198.33924911354077
0.0,-0.25,-177.7009592862675
0.0,-0.25,-171.67758689866477
0.0,-0.25,-162.62027557278523
0.0,-0.25,-158.94960763430686
0.0,-0.25,-169.9204964344525
0.0,-0.25,-156.26296682006208
0.0,-0.25,-176.24851348097877
0.0,-0.25,-130.83854517867843
0.0,-0.25,-153.95170891412576
0.0,-0.25,-163.28566907302684
0.0,-0.25,-153.6686036891053
0.0,-0.25,-179.9137124381832
0.0,-0.25,-136.8135368360038
0.0,-0.25,-169.19077218715478
0.0,-0.25,-146.7308644184782
0.0,-0.25,-174.48577792125744
0.0,-0.25,-177.15833948468241
0.0,-0.25,-147.97767037014322
0.0,-0.25,-160.27775314990473
0.0,-0.25,-173.4760454082906
0.0,-0.25,-160.76017702738847
0.0,-0.25,-134.46925049391504
0.0,-0.25,-169.40166458141258
0.0,-0.25,-177.12706220354744
0.0,-0.25,-166.9470688063278
0.0,-0.25,-169.14222378295412
0.0,-0.25,-147.42024255092514
0.0,-0.25,-171.4919856220661
0.0,-0.25,-155.00397053030247
0.0,-0.25,-160.5522611697567
0.0,-0.25,-183.1726333843907
0.0,-0.25,-176.14862300007795
0.0,-0.25,-175.59558047404076
0.0,-0.25,-187.52656996084642
0.0,-0.25,-183.94031924863097
0.0,-0.25,-141.23550496697945
0.0,-0.25,-148.0652057689724
0.0,-0.25,-161.7918336865493
0.0,-0.25,-165.47938013664182
0.0,-0.25,-161.19600912512675
0.0,-0.25,-164.4581137445797
0.0,-0.25,-184.9999659820713
0.0,-0.25,-177.77511231892424
0.0,-0.25,-160.60331145581756
0.0,-0.25,-133.93505696938104
0.0,-0.25,-151.43779940543592
0.0,-0.25,-157.79889522530348
0.0,-0.25,-153.55172310919633
0.0,-0.25,-185.47846830071202
0.0,-0.25,-143.83513051960352
0.0,-0.25,-194.76047674704856
0.0,-0.25,-186.29501168727802
0.0,-0.25,-169.48428090397292
0.0,-0.25,-142.88239672379578
0.0,-0.25,-164.31942179597948
0.0,-0.25,-141.62337175863672
0.0,-0.25,-162.0098067355559
0.0,-0.25,-150.12569331309206
0.0,-0.25,-192.48390721191174
0.0,-0.25,-174.07717067577283
0.0,-0.25,-165.33890407956923
0.0,-0.25,-165.9650830695884
0.0,-0.25,-180.22571561960686
0.0,-0.25,-180.7022302581977
0.0,-0.25,-182.51151541436295
0.0,-0.25,-146.46864635021
0.0,-0.25,-165.81262025674968
0.0,-0.25,-159.07960469881502
0.0,-0.25,-162.62869034453547
0.0,-0.25,-149.17786476608467
0.0,-0.25,-165.34479811919994
0.0,-0.25,-159.93420238841927
0.0,-0.25,-168.64273860079692
0.0,-0.25,-169.2570137203271
0.0,-0.25,-139.45405117480007
0.0,-0.25,-151.7628450590549
0.0,-0.25,-165.17422890159958
0.0,-0.25,-197.3037350900652
0.0,-0.25,-176.55981927834475
0.0,-0.25,-168.2947154022828
0.0,-0.25,-133.31429524813737
0.0,-0.25,-160.84053618258108
0.0,-0.25,-179.19546309927972
0.0,-0.25,-136.94288980398758
0.0,-0.25,-159.87724906893592
0.0,-0.25,-145.42942642595978
0.0,-0.25,-146.7798873230349
0.0,-0.25,-172.80704318532102
0.0,-0.25,-160.52108586017903
0.0,-0.25,-191.80888553056818
0.0,-0.25,-158.1892023290711
0.0,-0.25,-141.2637302651662
0.0,-0.25,-152.97745403291736
0.0,-0.25,-183.67203782217175
0.0,-0.25,-164.03315714587723
0.0,-0.25,-184.13977129056616
0.0,-0.25,-150.88324293686233
0.0,-0.25,-170.3774221695096
0.0,-0.25,-182.65064941387257
0.0,-0.25,-171.9025074881345
0.0,-0.25,-130.0411091915501
0.0,-0.25,-151.91450214806247
0.0,-0.25,-176.90804780661338
0.0,-0.25,-176.8339143939621
0.0,-0.25,-178.76886217701903
0.0,-0.25,-171.24549819093704
0.0,-0.25,-177.95363644282136
0.0,-0.25,-154.96581271871904
0.0,-0.25,-138.55270530744045
0.0,-0.25,-140.59931701470228
0.0,-0.25,-148.47397393306971
0.0,-0.25,-177.02686175312203
0.0,-0.25,-194.73560093331042
0.0,-0.25,-170.2091952040527
0.0,-0.25,-166.85665666855922
0.0,-0.25,-176.1855217473831
0.0,-0.25,-137.26294701020228
0.0,-0.25,-153.4354408406408
0.0,-0.25,-175.51871643752602
0.0,-0.25,-152.98458425562652
0.0,-0.25,-184.94360022188138
0.0,-0.25,-149.80442022332136
0.0,-0.25,-159.35262543263647
0.0,-0.25,-175.10354008012226
0.0,-0.25,-154.93731396879335
0.0,-0.25,-160.30287247546465
0.0,-0.25,-177.5632427152885
0.0,-0.25,-186.00220395054333
0.0,-0.25,-161.41438661775786
0.0,-0.25,-157.03135663162354
0.0,-0.25,-144.99206371627167
0.0,-0.25,-162.1870634726543
0.0,-0.25,-133.81406464837764
0.0,-0.25,-158.29231332554522
0.0,-0.25,-136.84154455138398
0.0,-0.25,-152.52598225612863
0.0,-0.25,-158.98260160416368
0.0,-0.25,-163.21395541711726
0.0,-0.25,-154.61502791601697
0.0,-0.25,-150.39946306942525
0.0,-0.25,-136.15887669426368
0.0,-0.25,-146.23106882314988
0.0,-0.25,-147.7993633260307
0.0,-0.25,-143.58496046166738
0.0,-0.25,-175.1467670345839
0.0,-0.25,-167.13568776379617
0.0,-0.25,-161.6351823467022
0.0,-0.25,-144.69413864574113
0.0,-0.25,-131.1246539063051
0.0,-0.25,-141.61271867689385
0.0,-0.25,-152.09472271257462
0.0,-0.25,-166.06383054261548
0.0,-0.25,-168.34486058446154
0.0,-0.25,-160.59442745611815
0.0,-0.25,-159.98230636535934
0.0,-0.25,-162.79235276172372
0.0,-0.25,-174.005825288677
0.0,-0.25,-170.58009826774412
0.0,-0.25,-168.15461340196643
0.0,-0.25,-157.96958252552253
0.0,-0.25,-161.53492582131628
0.0,-0.25,-151.42449376700426
0.0,-0.25,-170.483194663634
0.0,-0.25,-186.0755973296818
0.0,-0.25,-167.0887271928039
0.0,-0.25,-162.46519227360557
0.0,-0.25,-178.77959423140055
0.0,-0.25,-147.0872988448313
0.0,-0.25,-173.16992874116465
0.0,-0.25,-183.2275056912133
0.0,-0.25,-157.11379701946993
0.0,-0.25,-169.27050958674693
0.0,-0.25,-161.7000353539493
0.0,-0.25,-159.4910604857909
0.0,-0.25,-140.83606613803664
0.0,-0.25,-158.3853886367721
0.0,-0.25,-140.74388317230526
0.0,-0.25,-175.81033097504525
0.0,-0.25,-153.83225563417716
0.0,-0.25,-160.6240055688437
0.0,-0.25,-157.05170472622612
0.0,-0.25,-141.96552426753777
0.0,-0.25,-159.66591004045063
0.0,-0.25,-134.27659119596203
0.0,-0.25,-175.71851216348975
0.0,-0.25,-171.73173041025555
0.0,-0.25,-163.24010042008516
0.0,-0.25,-176.51730895515016
0.0,-0.25,-148.29026051844926
0.0,-0.25,-176.20724003223873
0.0,-0.25,-190.15203299361426
0.0,-0.25,-168.82309627615763
0.0,-0.25,-174.26033158899938
0.0,-0.25,-152.70934175708643
0.0,-0.25,-122.92730757197926
0.0,-0.25,-172.69375392468734
0.0,-0.25,-186.82487077612802
0.0,-0.25,-182.0257011857784
0.0,-0.25,-192.53472091146395
0.0,-0.25,-130.9110393933496
0.0,-0.25,-172.6853604410285
0.0,-0.25,-149.0265740958405
0.0,-0.25,-146.50251239525537
0.0,-0.25,-182.34801089325956
0.0,-0.25,-151.48758130153317
0.0,-0.25,-147.48168282853675
0.0,-0.25,-190.2806138114433
0.0,-0.25,-169.2510018448114
0.0,-0.25,-194.40283654673019
0.0,-0.25,-137.84853162703095
0.0,-0.25,-141.53473328762942
0.0,-0.25,-185.91256830845072
0.0,-0.25,-176.0428578160933
0.0,-0.25,-169.20778060327825
0.0,-0.25,-175.5203860664301
0.0,-0.25,-192.3181088589058
0.0,-0.25,-151.34855467225464
0.0,-0.25,-173.29478541425732
0.0,-0.25,-179.29403014781153
0.0,-0.25,-143.1651465895953
0.0,-0.25,-169.17281250938973
0.0,-0.25,-147.97719522198182
0.0,-0.25,-184.66114810029356
0.0,-0.25,-173.31612574020156
0.0,-0.25,-152.5093664153938
0.0,-0.25,-152.12302066988357
0.0,-0.25,-194.11211595309567
0.0,-0.25,-172.25506279772839
0.0,-0.25,-172.9844359708301
0.0,-0.25,-181.592492231166
0.0,-0.25,-139.85735818449638
0.0,-0.25,-134.13626930444855
0.0,-0.25,-138.9443087439964
0.0,-0.25,-134.33346464717852
0.0,-0.25,-145.75552185706815
0.0,-0.25,-162.5649177742051
0.0,-0.25,-146.01976002507143
0.0,-0.25,-161.11403430098673
0.0,-0.25,-133.57220783460775
0.0,-0.25,-180.42136621768927
0.0,-0.25,-173.49049160159254
0.0,-0.25,-165.3399967882061
0.0,-0.25,-132.00939751288945
0.0,-0.25,-147.05478643422902
0.0,-0.25,-174.91513567261342
0.0,-0.25,-175.77542274120142
0.0,-0.25,-194.25278482197552
0.0,-0.25,-166.84665830124788
0.0,-0.25,-164.20924595090224
0.0,-0.25,-161.43282397961576
0.0,-0.25,-156.80544231816242
0.0,-0.25,-179.49605162446238
0.0,-0.25,-139.22107626557863
0.0,-0.25,-129.63643711798522
0.0,-0.25,-155.48482965152894
0.0,-0.25,-161.85839237678329
0.0,-0.25,-151.96541090776213
0.0,-0.25,-163.0513058703291
0.0,-0.25,-152.36933599152871
0.0,-0.25,-181.83183822679976
0.0,-0.25,-168.89889256571774
0.0,-0.25,-166.6617890761918
0.0,-0.25,-126.51340842121273
0.0,-0.25,-164.74077657259164
0.0,-0.25,-147.2831745530505
0.0,-0.25,-150.1000410834656
0.0,-0.25,-166.86009461291997
0.0,-0.25,-168.396274483044
0.0,-0.25,-164.21736426413628
0.0,-0.25,-157.93234971197253
0.0,-0.25,-164.46315465954305
0.0,-0.25,-141.34674545907617
0.0,-0.25,-175.66568026150915
0.0,-0.25,-171.50905984898196
0.0,-0.25,-159.07673332419378
0.0,-0.25,-162.4604357499672
0.0,-0.25,-147.5061587304241
0.0,-0.25,-191.20403477255752
0.0,-0.25,-152.66641073500494
0.0,-0.25,-177.59970052747337
0.0,-0.25,-193.7452341356161
0.0,-0.25,-177.35339794995053
0.0,-0.25,-159.13043300074168
0.0,-0.25,-167.1841978626122
0.0,-0.25,-170.3549715047761
0.0,-0.25,-165.12569151317993
0.0,-0.25,-153.7488558569166
0.0,-0.25,-165.28011023403323
0.0,-0.25,-184.1838464987522
0.0,-0.25,-144.05147205961393
0.0,-0.25,-150.02666433489046
0.0,-0.25,-176.43071149415408
0.0,-0.25,-173.48647514468792
0.0,-0.25,-178.12421433405362
0.0,-0.25,-157.56700706906489
0.0,-0.25,-167.8074893244795
0.0,-0.25,-192.35148196441307
0.0,-0.25,-142.10970313370612
0.0,-0.25,-142.25106194244322
0.0,-0.25,-160.84493267312817
0.0,-0.25,-129.77791216125235
0.0,-0.25,-162.39868916172222
0.0,-0.25,-140.54545416034549
0.0,-0.25,-158.27166339867242
0.0,-0.25,-145.78642166346893
0.0,-0.25,-184.51845660004264
0.0,-0.25,-193.21136726778724
0.0,-0.25,-138.88953060244177
0.0,-0.25,-154.12659868075744
0.0,-0.25,-144.74477842464398
0.0,-0.25,-162.1392231702462
0.0,-0.25,-175.82764121285726
0.0,-0.25,-170.77634184687838
0.0,-0.25,-176.06446445783087
0.0,-0.25,-163.82294800817104
0.0,-0.25,-150.85100787118972
0.0,-0.25,-188.93822175246117
0.0,-0.25,-163.85381823153674
0.0,-0.25,-166.98316314047543
0.0,-0.25,-166.16190198649116
0.0,-0.25,-164.54036550978722
0.0,-0.25,-166.28752986557592
0.0,-0.25,-156.2896430256401
0.0,-0.25,-167.67015339622114
0.0,-0.25,-169.5819024390609
0.0,-0.25,-164.0616975137727
0.0,-0.25,-154.30010849057805
0.0,-0.25,-174.21024483432373
0.0,-0.25,-187.88795620326516
0.0,-0.25,-152.02929637854655
0.0,-0.25,-158.28770094519396
0.0,-0.25,-169.1411318092965
0.0,-0.25,-166.13047281623363
0.0,-0.25,-159.88571320692404
0.0,-0.25,-162.18160821449766
0.0,-0.25,-137.61212176150352
0.0,-0.25,-162.1313089272827
0.0,-0.25,-189.28447536533483
0.0,-0.25,-175.79260816678863
0.0,-0.25,-139.07857048859677
0.0,-0.25,-143.94577961991192
0.0,-0.25,-164.70075243154702
0.0,-0.25,-149.67171980856057
0.0,-0.25,-151.46413001866594
0.0,-0.25,-149.24672141245549
0.0,-0.25,-186.0107392598051
0.0,-0.25,-168.56149627280325
0.0,-0.25,-139.5129635150501
0.0,-0.25,-156.36991794572987
0.0,-0.25,-179.96896807192024
0.0,-0.25,-160.78654504635992
0.0,-0.25,-165.01237033059036
0.0,-0.25,-148.21528824697128
0.0,-0.25,-178.21365328548436
0.0,-0.25,-138.2981438697099
0.0,-0.25,-157.06559073534982
0.0,-0.25,-152.79866582144885
0.0,-0.25,-185.4051838744394
0.0,-0.25,-142.84589820690385
0.0,-0.25,-150.20680617645556
0.0,-0.25,-147.1462095716546
0.0,-0.25,-137.96278779377187
0.0,-0.25,-153.8358211453132
0.0,-0.25,-144.74862696203922
0.0,-0.25,-188.20156379034123
0.0,-0.25,-173.47899344064686
0.0,-0.25,-170.282549888562
0.0,-0.25,-162.34567555882128
0.0,-0.25,-152.07516567256954
0.0,-0.25,-183.80114064831915
0.0,-0.25,-165.09381546227976
0.0,-0.25,-149.20998126839868
0.0,-0.25,-175.4383599176836
0.0,-0.25,-181.53837149495283
0.0,-0.25,-153.843845004446
0.0,-0.25,-157.03729776846853
0.0,-0.25,-158.5962807295622
0.0,-0.25,-184.5443993824441
0.0,-0.25,-177.74118803159303
0.0,-0.25,-189.73036660958638
0.0,-0.25,-128.61347801953576
0.0,-0.25,-150.21875577093414
0.0,-0.25,-132.5899264056998
0.0,-0.25,-178.46963366995462
0.0,-0.25,-176.538249673024
0.0,-0.25,-177.1892180207372
0.0,-0.25,-157.4095441682191
0.0,-0.25,-158.7334396394784
0.0,-0.25,-156.12820883486003
0.0,-0.25,-130.78429997360118
0.0,-0.25,-166.01077593918689
0.0,-0.25,-143.5131238454943
0.0,-0.25,-162.63697476497634
0.0,-0.25,-141.86654058242308
0.0,-0.25,-163.39448327769634
0.0,-0.25,-166.8788427183986
0.0,-0.25,-158.55942532937857
0.0,-0.25,-180.38543419459657
0.0,-0.25,-130.4711763881959
0.0,-0.25,-182.44916157848317
0.0,-0.25,-171.40102972421744
0.0,-0.25,-165.73049829768135
0.0,-0.25,-177.46614553323658
0.0,-0.25,-156.9878328744313
0.0,-0.25,-158.33869184726603
0.0,-0.25,-152.15920643097593
0.0,-0.25,-134.47595225892962
0.0,-0.25,-151.94683936868952
0.0,-0.25,-160.14606698471619
0.0,-0.25,-147.67935192646254
0.0,-0.25,-170.36802783077223
0.0,-0.25,-121.75240210355135
0.0,-0.25,-151.95507978865538
0.0,-0.25,-162.52636581710257
0.0,-0.25,-173.88584751650296
0.0,-0.25,-143.40269191266694
0.0,-0.25,-155.19625893205034
0.0,-0.25,-167.59427188462303
0.0,-0.25,-162.8748011436012
0.0,-0.25,-146.38901493851995
0.0,-0.25,-172.7398994825912
0.0,-0.25,-154.32095615871677
0.0,-0.25,-158.79565665110343
0.0,-0.25,-146.84600750397428
0.0,-0.25,-166.48238097299753
0.0,-0.25,-147.65000735567463
0.0,-0.25,-163.7730173655495
0.0,-0.25,-163.5764817476898
0.0,-0.25,-160.99268851641247
0.0,-0.25,-156.57687741271533
0.0,-0.25,-157.3689770214643
0.0,-0.25,-156.81257272389206
0.0,-0.25,-169.14027189590632
0.0,-0.25,-140.71642662913032
0.0,-0.25,-130.70613547280996
0.0,-0.25,-170.47091404831895
0.0,-0.25,-134.67438410160185
0.0,-0.25,-156.33073814173986
0.0,-0.25,-176.57690354896877
0.0,-0.25,-153.18253634212752
0.0,-0.25,-147.4415036205861
0.0,-0.25,-198.81298560161162
0.0,-0.25,-134.92691232687383
0.0,-0.25,-169.6166003383731
0.0,-0.25,-173.1978146212341
0.0,-0.25,-147.45980891643023
0.0,-0.25,-157.64191890654865
0.0,-0.25,-176.00849844662667
0.0,-0.25,-138.5842837011309
0.0,-0.25,-149.51745087972714
0.0,-0.25,-171.5158665292329
0.0,-0.25,-139.24477435624976
0.0,-0.25,-161.69220588749164
0.0,-0.25,-153.16123513138797
0.0,-0.25,-177.0131423942582
0.0,-0.25,-137.36170272382114
0.0,-0.25,-152.31922693568728
0.0,-0.25,-174.10459448276583
0.0,-0.25,-181.29605418673256
0.0,-0.25,-163.0283826260459
0.0,-0.25,-155.1182024041364
0.0,-0.25,-161.78533225221452
0.0,-0.25,-153.88351942538605
0.0,-0.25,-177.5273586370827
0.0,-0.25,-130.2530951448284
0.0,-0.25,-176.40347086299568
0.0,-0.25,-169.75992267838944
0.0,-0.25,-160.9136647655065
0.0,-0.25,-165.87166567924123
0.0,-0.25,-150.47615437535066
0.0,-0.25,-136.66176402186719
0.0,-0.25,-166.7767535127951
0.0,-0.25,-178.27563126236424
0.0,-0.25,-182.41361567108544
0.0,-0.25,-173.2866651862704
0.0,-0.25,-151.29593626452453
0.0,-0.25,-163.42711766739032
0.0,-0.25,-171.58341816706061
0.0,-0.25,-181.50204625730655
0.0,-0.25,-189.68871424129642
0.0,-0.25,-189.85774741269717
0.0,-0.25,-132.90688206395455
0.0,-0.25,-177.01784494391237
0.0,-0.25,-149.0410099218457
0.0,-0.25,-162.87085092683495
0.0,-0.25,-183.16892603029856
0.0,-0.25,-153.1655834415688
0.0,-0.25,-191.98407101844282
0.0,-0.25,-158.09928107743374
0.0,-0.25,-185.63809512977807
0.0,-0.25,-140.02833430049694
0.0,-0.25,-173.75805917910176
0.0,-0.25,-169.52576571604203
0.0,-0.25,-163.2975412474159
0.0,-0.25,-128.1839548805393
0.0,-0.25,-141.0066807288171
0.0,-0.25,-157.07939793911765
0.0,-0.25,-181.43241245497344
0.0,-0.25,-134.27904551920543
0.0,-0.25,-182.823476486962
0.0,-0.25,-132.4369147128035
0.0,-0.25,-180.83835454725548
0.0,-0.25,-145.42568944735913
0.0,-0.25,-169.1992875161337
0.0,-0.25,-157.73289210208148
0.0,-0.25,-153.65636194063654
0.0,-0.25,-180.5985765247296
0.0,-0.25,-169.7882435033291
0.0,-0.25,-151.14239706892027
0.0,-0.25,-149.8286057158629
0.0,-0.25,-182.84955317485995
0.0,-0.25,-153.66447299079945
0.0,-0.25,-183.33886980695067
0.0,-0.25,-165.74567741565554
0.0,-0.25,-175.2164167078274
0.0,-0.25,-152.74863046441305
0.0,-0.25,-177.18908678511028
0.0,-0.25,-182.11355335183518
0.0,-0.25,-143.56385460640317
0.0,-0.25,-179.45731997273825
0.0,-0.25,-172.7961568774714
0.0,-0.25,-161.47894791570172
0.0,-0.25,-167.71351197144696
0.0,-0.25,-154.95800083097535
0.0,-0.25,-183.31251587187387
0.0,-0.25,-164.71527779236595
0.0,-0.25,-163.86876932757772
0.0,-0.25,-188.58747760455992
0.0,-0.25,-156.36855719423357
0.0,-0.25,-152.22147990832352
0.0,-0.25,-176.47748005814879
0.0,-0.25,-144.50984370474248
0.0,-0.25,-196.85712447205597
0.0,-0.25,-146.01595754016807
0.0,-0.25,-197.76469808124824
0.0,-0.25,-171.94831862652092
0.0,-0.25,-166.85340225155807
0.0,-0.25,-160.5631161769788
0.0,-0.25,-178.16825896504918
0.0,-0.25,-133.39448514419394
0.0,-0.25,-179.68929023311296
0.0,-0.25,-182.6011351692644
0.0,-0.25,-164.0499060806548
0.0,-0.25,-176.02237430687535
0.0,-0.25,-153.18647750854518
0.0,-0.25,-159.61751030863684
0.0,-0.25,-149.35671141215172
0.0,-0.25,-182.55252092820908
0.0,-0.25,-169.20877770310454
0.0,-0.25,-180.67408402453205
0.0,-0.25,-148.51005403016114
0.0,-0.25,-160.9683919966076
0.0,-0.25,-165.04213914537058
0.0,-0.25,-191.7495413391305
0.0,-0.25,-138.45345435326692
0.0,-0.25,-164.42408689683162
0.0,-0.25,-172.81209392093643
0.0,-0.25,-173.22688138565513
0.0,-0.25,-159.90194058667785
0.0,-0.25,-170.04360461798285
0.0,-0.25,-171.93218860299942
0.0,-0.25,-180.98964827931502
0.0,-0.25,-160.8527961622153
0.0,-0.25,-171.95976171916587
0.0,-0.25,-168.702829061878
0.0,-0.25,-153.18748071370368
0.0,-0.25,-186.5641037848986
0.0,-0.25,-150.1461598445326
0.0,-0.25,-167.24416474242028
0.0,-0.25,-149.36872969394508
0.0,-0.25,-181.5143839171799
0.0,-0.25,-143.02930246480352
0.0,-0.25,-162.2840433953504
0.0,-0.25,-165.47252523523304
0.0,-0.25,-177.20526707158612
0.0,-0.25,-173.1360450662531
0.0,-0.25,-156.8053300761523
0.0,-0.25,-154.8556548245087
0.0,-0.25,-141.6054284590848
0.0,-0.25,-146.8301560014216
0.0,-0.25,-138.07392961714316
0.0,-0.25,-138.10714141366984
0.0,-0.25,-150.22825497870446
0.0,-0.25,-169.76809525185368
0.0,-0.25,-186.36031662803276
0.0,-0.25,-184.58774689014274
0.0,-0.25,-169.42267168472003
0.0,-0.25,-153.0726926641636
0.0,-0.25,-159.06489782998116
0.0,-0.25,-173.53480809873813
0.0,-0.25,-154.4599581876908
0.0,-0.25,-171.02869836209953
0.0,-0.25,-185.05761627798674
0.0,-0.25,-148.36775988887499
0.0,-0.25,-150.6905251703971
0.0,-0.25,-194.69311534249422
0.0,-0.25,-175.36456214432724
0.0,-0.25,-158.42782648766783
0.0,-0.25,-158.55704036029445
0.0,-0.25,-157.99268712376852
0.0,-0.25,-174.7242286894131
0.0,-0.25,-151.09598945183606
0.0,-0.25,-148.6400669102029
0.0,-0.25,-147.23423606249264
0.0,-0.25,-163.28961991227098
0.0,-0.25,-153.5842556878511
0.0,-0.25,-158.97850420054567
0.0,-0.25,-175.54032110083716
0.0,-0.25,-177.91330216869832
0.0,-0.25,-177.40328283870798
0.0,-0.25,-157.52788313769747
0.0,-0.25,-142.41744988969796
0.0,-0.25,-149.05288848229773
0.0,-0.25,-164.035233641083
0.0,-0.25,-172.74214708469245
0.0,-0.25,-148.659444282989
0.0,-0.25,-136.08539458074983
0.0,-0.25,-191.46302687907067
0.0,-0.25,-166.16522799464568
0.0,-0.25,-165.35026298645292
0.0,-0.25,-174.31137971156863
0.0,-0.25,-175.72676942568012
0.0,-0.25,-163.6477339568127
0.0,-0.25,-147.75323788164494
0.0,-0.25,-165.13287293526687
0.0,-0.25,-152.95760796101843
0.0,-0.25,-167.93644228028876
0.0,-0.25,-184.47640569241398
0.0,-0.25,-165.87577229873418
0.0,-0.25,-182.91216728784485
0.0,-0.25,-164.30996470493292
0.0,-0.25,-140.69532008643978
0.0,-0.25,-170.1968033655679
0.0,-0.25,-189.19511958511072
0.0,-0.25,-140.7355125539179
0.0,-0.25,-157.75086947910333
0.0,-0.25,-163.76756250029834
0.0,-0.25,-162.982538024416
0.0,-0.25,-154.1389595914285
0.0,-0.25,-194.0977618532853
0.0,-0.25,-189.6443213821402
0.0,-0.25,-153.66544205069553
0.0,-0.25,-190.88058744555147
0.0,-0.25,-187.9760459647192
0.0,-0.25,-172.2434482586373
0.0,-0.25,-148.4939972507088
0.0,-0.25,-160.39039131038436
0.0,-0.25,-153.99188236635118
0.0,-0.25,-168.29393898016687
0.0,-0.25,-133.07693404829547
0.0,-0.25,-181.63154174161093
0.0,-0.25,-152.83746697971335
0.0,-0.25,-147.2383023846871
0.0,-0.25,-165.53733652621685
0.0,-0.25,-169.4726034366661
0.0,-0.25,-142.7338601655418
0.0,-0.25,-160.13182031547709
0.0,-0.25,-185.37082892974323
0.0,-0.25,-176.4105139460389
0.0,-0.25,-164.76168052809464
0.0,-0.25,-172.32748281896204
0.0,-0.25,-182.73484230122642
0.0,-0.25,-146.47725498327955
0.0,-0.25,-139.78783900920715
0.0,-0.25,-155.30839568376734
0.0,-0.25,-172.81965666129204
0.0,-0.25,-153.39001538435573
0.0,-0.25,-195.0999340008918
0.0,-0.25,-173.01625059202095
0.0,-0.25,-150.08186055984055
0.0,-0.25,-158.91653489943351
0.0,-0.25,-148.44155076375523
0.0,-0.25,-171.45567933828096
0.0,-0.25,-142.8468787839115
0.0,-0.25,-149.1766066150737
0.0,-0.25,-141.9117138860419
0.0,-0.25,-179.21961759226423
0.0,-0.25,-170.1330054019472
0.0,-0.25,-177.67261686154555
0.0,-0.25,-172.22430466231467
0.0,-0.25,-183.82377243477418
0.0,-0.25,-135.3423282776394
0.0,-0.25,-157.45378184517833
0.0,-0.25,-178.23797168542652
0.0,-0.25,-168.1913470178438
0.0,-0.25,-161.04229482164772
0.0,-0.25,-189.26596482847773
0.0,-0.25,-146.12857916410834
0.0,-0.25,-179.643253426158
0.0,-0.25,-175.3477918940529
0.0,-0.25,-147.35661084993842
0.0,-0.25,-159.16106806138365
0.0,-0.25,-152.6016698074524
0.0,-0.25,-164.77600302381356
0.0,-0.25,-142.95149444826617
0.0,-0.25,-169.80978718087175
0.0,-0.25,-159.35344898144234
0.0,-0.25,-157.55998894247392
0.0,-0.25,-167.10421048156718
0.0,-0.25,-140.63865171895694
0.0,-0.25,-171.90184596096117
0.0,-0.25,-175.61153005761926
0.0,-0.25,-157.2210975742757
0.0,-0.25,-188.05713488416433
0.0,-0.25,-134.42359045034345
0.0,-0.25,-140.5461226726135
0.0,-0.25,-157.5638597791699
0.0,-0.25,-154.30647416051906
0.0,-0.25,-139.74943673883595
0.0,-0.25,-147.45052660263192
0.0,-0.25,-163.66840712758102
0.0,-0.25,-161.45602728742568
0.0,-0.25,-152.0582350901297
0.0,-0.25,-170.39185944468198
0.0,-0.25,-163.14699590535602
0.0,-0.25,-169.5450529592161
0.0,-0.25,-146.59911459826097
0.0,-0.25,-175.78921575754785
0.0,-0.25,-162.2770243822448
0.0,-0.25,-188.3135816027408
0.0,-0.25,-171.10791755479252
0.0,-0.25,-164.5387574150898
0.0,-0.25,-180.89314763560023
0.0,-0.25,-150.36470815845948
0.0,-0.25,-159.8721304343086
0.0,-0.25,-174.09316445374336
0.0,-0.25,-151.76533427798097
0.0,-0.25,-164.6535404981853
0.0,-0.25,-165.7679136233675
0.0,-0.25,-128.80465196803846
0.0,-0.25,-142.91307158127174
0.0,-0.25,-153.98528045337432
0.0,-0.25,-156.2991431247541
0.0,-0.25,-179.35748006316769
0.0,-0.25,-141.72883372474348
0.0,-0.25,-146.5626579091196
0.0,-0.25,-174.66505230611526
0.0,-0.25,-159.99219760873794
0.0,-0.25,-168.31759112776982
0.0,-0.25,-167.95387095271408
0.0,-0.25,-155.34573982635104
0.0,-0.25,-174.66169569224414
0.0,-0.25,-168.5703541025968
0.0,-0.25,-163.99178750670382
0.0,-0.25,-176.8588258255698
0.0,-0.25,-174.3184217726885
0.0,-0.25,-157.83161943588667
0.0,-0.25,-188.5659623772843
0.0,-0.25,-191.35698289731377
0.0,-0.25,-150.47351287508826
0.0,-0.25,-184.54808782714218
0.0,-0.25,-169.8642872023389
0.0,-0.25,-175.67745288623482
0.0,-0.25,-142.22683597386697
0.0,-0.25,-166.69074731106681
0.0,-0.25,-136.38211302088956
0.0,-0.25,-161.9289709151308
0.0,-0.25,-164.55094077424795
0.0,-0.25,-174.48319689497583
0.0,-0.25,-145.29315098507956
0.0,-0.25,-152.796268041546
0.0,-0.25,-147.30600310327807
0.0,-0.25,-149.95618023913235
0.0,-0.25,-150.83790030761756
0.0,-0.25,-181.35406552433764
0.0,-0.25,-151.4324569615742
0.0,-0.25,-175.12453395418416
0.0,-0.25,-161.25002052882465
0.0,-0.25,-167.92348572945974
0.0,-0.25,-178.44607501017035
0.0,-0.25,-170.94290212979337
0.0,-0.25,-170.69821862376168
0.0,-0.25,-165.31949792796442
0.0,-0.25,-175.47241955682117
0.0,-0.25,-191.31676282759537
0.0,-0.25,-173.88889728990017
0.0,-0.25,-150.90800456502737
0.0,-0.25,-148.7772367490965
0.0,-0.25,-132.5242685348354
0.0,-0.25,-156.36375711560834
0.0,-0.25,-148.48736820713484
0.0,-0.25,-167.88205379372573
0.0,-0.25,-169.63077417915162
0.0,-0.25,-192.9999870331787
0.0,-0.25,-151.0088537906835
0.0,-0.25,-141.04883178023468
0.0,-0.25,-173.7121271007329
0.0,-0.25,-158.17835546659592
0.0,-0.25,-156.86004505334458
0.0,-0.25,-171.2465900389717
0.0,-0.25,-146.8961264921447
0.0,-0.25,-191.99083073559112
0.0,-0.25,-168.85941283553325
0.0,-0.25,-162.47497905103663
0.0,-0.25,-156.27271456897026
0.0,-0.25,-151.56135276242316
0.0,-0.25,-177.92205155492437
0.0,-0.25,-155.2041488985659
0.0,-0.25,-183.08715921584306
0.0,-0.25,-169.8537776845865
0.0,-0.25,-157.49113348138968
0.0,-0.25,-156.356323857913
0.0,-0.25,-170.3185574285512
0.0,-0.25,-164.16527774513435
0.0,-0.25,-159.10318370199442
0.0,-0.25,-158.08716195766877
0.0,-0.25,-175.75145348568705
0.0,-0.25,-148.81138283470696
0.0,-0.25,-153.95744722490898
0.0,-0.25,-129.8509073448252
0.0,-0.25,-184.25021238774175
0.0,-0.25,-185.58406345267784
0.0,-0.25,-181.54967020085755
0.0,-0.25,-181.14105603915667
0.0,-0.25,-161.71039853616713
0.0,-0.25,-156.69195166977013
0.0,-0.25,-158.30385565851626
0.0,-0.25,-163.81270400534896
0.0,-0.25,-174.0521500330328
0.0,-0.25,-175.5276531194221
0.0,-0.25,-189.62914684631767
0.0,-0.25,-136.01806317798287
0.0,-0.25,-168.78717516592582
0.0,-0.25,-172.22184377498883
0.0,-0.25,-156.249287965328
0.0,-0.25,-192.7122938519281
0.0,-0.25,-154.88343982904613
0.0,-0.25,-141.517359527143
0.0,-0.25,-142.9680679554709
0.0,-0.25,-155.27131460119324
0.0,-0.25,-143.91619457114376
0.0,-0.25,-156.97583267772163
0.0,-0.25,-177.97551589598274
0.0,-0.25,-182.94488687323064
0.0,-0.25,-151.80293081000198
0.0,-0.25,-142.48601097000747
0.0,-0.25,-159.62634987005046
0.0,-0.25,-155.19890711434863
0.0,-0.25,-179.90268524264377
0.0,-0.25,-172.44713043285557
0.0,-0.25,-144.27570211013915
0.0,-0.25,-179.3772601594012
0.0,-0.25,-163.9561148497387
0.0,-0.25,-163.07928804733942
0.0,-0.25,-148.20450769220216
0.0,-0.25,-138.58878902304778
0.0,-0.25,-170.10916295095208
0.0,-0.25,-166.45063945767268
0.0,-0.25,-152.78231287293303
0.0,-0.25,-171.11515030883257
0.0,-0.25,-169.26469466678878
0.0,-0.25,-142.86576491063934
0.0,-0.25,-147.30885929356714
0.0,-0.25,-138.118280007117
0.0,-0.25,-174.34823392309355
0.0,-0.25,-189.401627532706
0.0,-0.25,-154.39288157800527
0.0,-0.25,-145.17937611353398
0.0,-0.25,-145.66399407311513
0.0,-0.25,-162.30637607256236
0.0,-0.25,-138.96531219229118
0.0,-0.25,-162.626024286208
0.0,-0.25,-137.45487417331336
0.0,-0.25,-172.23540674165181
0.0,-0.25,-179.28310416745003
0.0,-0.25,-175.23423730425205
0.0,-0.25,-175.08422820717237
0.0,-0.25,-178.39938903432574
0.0,-0.25,-145.41339289914396
0.0,-0.25,-161.77294702956993
0.0,-0.25,-175.03219050438673
0.0,-0.25,-169.0288680104134
0.0,-0.25,-146.2609731415112
0.0,-0.25,-182.20051183600387
0.0,-0.25,-158.91283362623034
0.0,-0.25,-140.24906981033553
0.0,-0.25,-157.10375357598684
0.0,-0.25,-170.20565600136487
0.0,-0.25,-185.31244210083847
0.0,-0.25,-160.04314496609788
0.0,-0.25,-141.20228566934614
0.0,-0.25,-153.53928948475186
0.0,-0.25,-130.9357154244502
0.0,-0.25,-168.0916638801547
0.0,-0.25,-165.3384099581871
0.0,-0.25,-162.67535075115214
0.0,-0.25,-178.17988033418763
0.0,-0.25,-167.30163013640467
0.0,-0.25,-151.48499675373193
0.0,-0.25,-175.87971354284713
0.0,-0.25,-167.7853832008908
0.0,-0.25,-172.90292441219358
0.0,-0.25,-133.96141932669215
0.0,-0.25,-183.021197783144
0.0,-0.25,-153.9967157766853
0.0,-0.25,-155.3298156061874
0.0,-0.25,-135.7782549420818
0.0,-0.25,-161.29103943374162
0.0,-0.25,-171.76740401732823
0.0,-0.25,-179.3363589036131
0.0,-0.25,-151.99138168060276
0.0,-0.25,-160.77917067931034
0.0,-0.25,-141.4097386202303
0.0,-0.25,-185.9602156153678
0.0,-0.25,-134.05869402881194
0.0,-0.25,-165.78818735074373
0.0,-0.25,-149.23716765451
0.0,-0.25,-154.2363388700302
0.0,-0.25,-135.51616887060635
0.0,-0.25,-134.63972681070436
0.0,-0.25,-163.90366042417278
0.0,-0.25,-172.43103841743343
0.0,-0.25,-154.84808027879012
0.0,-0.25,-189.38512516404555
0.0,-0.25,-160.4399309072388
0.0,-0.25,-164.48766142538548
0.0,-0.25,-168.21044879417056
0.0,-0.25,-147.3445588314968
0.0,-0.25,-146.45716095725
0.0,-0.25,-185.107191401747
0.0,-0.25,-158.114770676029
0.0,-0.25,-161.47329388193234
0.0,-0.25,-146.48049114596975
0.0,-0.25,-169.64348237102863
0.0,-0.25,-166.3258054055475
0.0,-0.25,-135.78397328531068
0.0,-0.25,-131.4922970860505
0.0,-0.25,-146.3006840986747
0.0,-0.25,-159.95170230126712
0.0,-0.25,-131.80976568364508
0.0,-0.25,-138.84289892409672
0.0,-0.25,-135.2449153143327
0.0,-0.25,-146.2185782642294
0.0,-0.25,-181.7774280004312
0.0,-0.25,-185.41928456087902
0.0,-0.25,-164.2539586475015
0.0,-0.25,-182.40071028306488
0.0,-0.25,-182.25724559549295
0.0,-0.25,-146.1157852712385
0.0,-0.25,-176.65581731693433
0.0,-0.25,-169.00067861618606
0.0,-0.25,-144.97326685770193
0.0,-0.25,-174.82757920859288
0.0,-0.25,-160.59588130476317
0.0,-0.25,-145.27283924783183
0.0,-0.25,-174.6301160432809
0.0,-0.25,-191.3485208644846
0.0,-0.25,-191.85673309811253
0.0,-0.25,-165.9596031270716
0.0,-0.25,-162.75683668905896
0.0,-0.25,-165.364429339731
0.0,-0.25,-156.59601280088359
0.0,-0.25,-151.19446703149873
0.0,-0.25,-163.88562368602325
0.0,-0.25,-163.64716151410667
0.0,-0.25,-178.15682788586912
0.0,-0.25,-159.59603987773812
0.0,-0.25,-178.0835519811104
0.0,-0.25,-141.54989082323516
0.0,-0.25,-175.05416410241037
0.0,-0.25,-147.25259121991252
0.0,-0.25,-183.05168142921542
0.0,-0.25,-162.57869761628672
0.0,-0.25,-134.3800836149345
0.0,-0.25,-161.45234722527857
0.0,-0.25,-184.84748374903725
0.0,-0.25,-136.11118781478774
0.0,-0.25,-187.13146695756714
0.0,-0.25,-194.6613022888444
0.0,-0.25,-171.60825905172769
0.0,-0.25,-151.2721047661918
0.0,-0.25,-149.4037935363381
0.0,-0.25,-131.58897234325804
0.0,-0.25,-174.4093771090602
0.0,-0.25,-189.6257146119923
0.0,-0.25,-152.57132041365332
0.0,-0.25,-172.49147332165504
0.0,-0.25,-172.0280708517599
0.0,-0.25,-146.25289537089145
0.0,-0.25,-161.12937502067064
0.0,-0.25,-156.4628359045429
0.0,-0.25,-179.5657023094031
0.0,-0.25,-181.03168557200217
0.0,-0.25,-181.64241434505476
0.0,-0.25,-165.76687606688517
0.0,-0.25,-132.31726970578632
0.0,-0.25,-176.93666670882004
0.0,-0.25,-168.55059935122458
0.0,-0.25,-138.53486942678714
0.0,-0.25,-181.90945796922972
0.0,-0.25,-157.9722611702901
0.0,-0.25,-174.90077373107732
0.0,-0.25,-139.37221879661982
0.0,-0.25,-187.37246962303163
0.0,-0.25,-148.7311514955557
0.0,-0.25,-154.03610427329505
0.0,-0.25,-175.45453155996964
0.0,-0.25,-147.65893496819015
0.0,-0.25,-163.15944629453838
0.0,-0.25,-151.3287075402102
0.0,-0.25,-150.35698384295688
0.0,-0.25,-144.4498530541937
0.0,-0.25,-159.67519275238988
0.0,-0.25,-178.739945243898
0.0,-0.25,-144.41442212116246
0.0,-0.25,-196.98618410688067
0.0,-0.25,-152.2588524097552
0.0,-0.25,-189.82304646007663
0.0,-0.25,-154.10582576517243
0.0,-0.25,-145.3333837550134
0.0,-0.25,-154.2408797362259
0.0,-0.25,-155.36988935747206
0.0,-0.25,-166.16077185864603
0.0,-0.25,-140.32466964359193
0.0,-0.25,-164.89539859981187
0.0,-0.25,-168.98736193443403
0.0,-0.25,-160.33927799478974
0.0,-0.25,-169.8160130183495
0.0,-0.25,-147.8911430665276
0.0,-0.25,-166.35091819984368
0.0,-0.25,-149.11902805349493
0.0,-0.25,-157.70870720424702
0.0,-0.25,-168.0623776330523
0.0,-0.25,-183.55184279662015
0.0,-0.25,-155.49165314698894
0.0,-0.25,-184.42429850513548
0.0,-0.25,-147.15738838553352
0.0,-0.25,-188.8468164596333
0.0,-0.25,-166.55368637200394
0.0,-0.25,-155.38043350550782
0.0,-0.25,-130.95630864708104
0.0,-0.25,-140.43704021171968
0.0,-0.25,-141.6159124625021
0.0,-0.25,-158.58524982767395
0.0,-0.25,-170.9613181329027
0.0,-0.25,-180.63330020378825
0.0,-0.25,-179.57947731251252
0.0,-0.25,-153.31267870761047
0.0,-0.25,-177.36528135353947
0.0,-0.25,-183.1191611891869
0.0,-0.25,-170.7790955737688
0.0,-0.25,-142.73289354003967
0.0,-0.25,-157.33988678882986
0.0,-0.25,-172.26560525767206
0.0,-0.25,-188.23751137047495
0.0,-0.25,-171.73991466380926
0.0,-0.25,-144.02413148574936
0.0,-0.25,-178.9394323442334
0.0,-0.25,-192.39793740219443
0.0,-0.25,-169.89471445105386
0.0,-0.25,-170.74585228024517
0.0,-0.25,-145.46310022663877
0.0,-0.25,-174.66364736456205
0.0,-0.25,-157.60947565717728
0.0,-0.25,-176.20836371099332
0.0,-0.25,-174.3386581396819
0.0,-0.25,-162.36208755316056
0.0,-0.25,-157.09642252391754
0.0,-0.25,-165.45883494181442
0.0,-0.25,-161.1198204270105
0.0,-0.25,-168.58369953989376
0.0,-0.25,-157.68587816548816
0.0,-0.25,-153.49514294019193
0.0,-0.25,-194.50479310549724
0.0,-0.25,-196.25397596760234
0.0,-0.25,-169.1500314894967
0.0,-0.25,-174.2810625383437
0.0,-0.25,-157.90558451234924
0.0,-0.25,-167.35855740002043
0.0,-0.25,-197.81507741185985
0.0,-0.25,-134.6709635404876
0.0,-0.25,-178.5400993117779
0.0,-0.25,-130.69862147224495
0.0,-0.25,-133.72419833510367
0.0,-0.25,-187.01463078291076
0.0,-0.25,-158.84812719743553
0.0,-0.25,-151.13850523108374
0.0,-0.25,-150.0005484092954
0.0,-0.25,-173.877948285125
0.0,-0.25,-149.21046194101027
0.0,-0.25,-169.72109487206973
0.0,-0.25,-139.45890379283807
0.0,-0.25,-150.24658064949708
0.0,-0.25,-158.39549332274177
0.0,-0.25,-174.35729163449795
0.0,-0.25,-155.14211325120093
0.0,-0.25,-164.28849788985957
0.0,-0.25,-146.08114403105859
0.0,-0.25,-158.58580906434432
0.0,-0.25,-160.0724887847718
0.0,-0.25,-164.3140355084626
0.0,-0.25,-143.19588560972676
0.0,-0.25,-193.43710260047246
0.0,-0.25,-176.73774468814736
0.0,-0.25,-175.54730513971145
0.0,-0.25,-183.55626703075106
0.0,-0.25,-158.7295157578528
0.0,-0.25,-167.36684460528454
0.0,-0.25,-143.01654223160838
0.0,-0.25,-142.6510809674967
0.0,-0.25,-182.18296389794534
0.0,-0.25,-143.6325471783788
0.0,-0.25,-136.97219800978493
0.0,-0.25,-145.03244943462695
0.0,-0.25,-153.38626054792914
0.0,-0.25,-174.6411092720261
0.0,-0.25,-156.90348410713148
0.0,-0.25,-179.74174256755538
0.0,-0.25,-180.1962269263929
0.0,-0.25,-143.6180509838468
0.0,-0.25,-154.2153967695428
0.0,-0.25,-160.65354795732682
0.0,-0.25,-171.51157438734072
0.0,-0.25,-171.35306197203735
0.0,-0.25,-145.8097760878336
0.0,-0.25,-164.81021136209478
0.0,-0.25,-167.53158740374536
0.0,-0.25,-174.76045313212674
0.0,-0.25,-161.71429728322835
0.0,-0.25,-189.04167998698622
0.0,-0.25,-142.92021417626472
0.0,-0.25,-165.53561783745246
0.0,-0.25,-165.5942389599025
0.0,-0.25,-135.3327406745143
0.0,-0.25,-166.61756660686726
0.0,-0.25,-168.0365172046239
0.0,-0.25,-175.33172982984726
0.0,-0.25,-143.32159292095383
0.0,-0.25,-195.24485996165134
0.0,-0.25,-187.73972801004317
0.0,-0.25,-156.3415516218633
0.0,-0.25,-156.71889902254208
0.0,-0.25,-154.4626173939355
0.0,-0.25,-165.15247059608345
0.0,-0.25,-162.95707576962337
0.0,-0.25,-149.01280095879946
0.0,-0.25,-157.0086508613433
0.0,-0.25,-178.54856169752105
0.0,-0.25,-171.23704019244093
0.0,-0.25,-160.3484044676659
0.0,-0.25,-172.52260236895842
0.0,-0.25,-186.52917233942432
0.0,-0.25,-167.98356469405843
0.0,-0.25,-147.86447275765082
0.0,-0.25,-176.59936626677887
0.0,-0.25,-165.15110425950897
0.0,-0.25,-151.20806820056535
0.0,-0.25,-136.10577467570187
0.0,-0.25,-141.49815692335713
0.0,-0.25,-171.36303852135293
0.0,-0.25,-175.2884685158189
0.0,-0.25,-189.28005927404485
0.0,-0.25,-154.74276195782912
0.0,-0.25,-181.61914492445425
0.0,-0.25,-177.8754006079038
0.0,-0.25,-174.0749133628821
0.0,-0.25,-145.45812017346373
0.0,-0.25,-180.3966485452764
0.0,-0.25,-151.37571968060965
0.0,-0.25,-147.16796825692705
0.0,-0.25,-191.8057362527533
0.0,-0.25,-142.7854010615715
0.0,-0.25,-167.0537611599228
0.0,-0.25,-181.75222622157997
0.0,-0.25,-164.33345884119066
0.0,-0.25,-150.52472846031392
0.0,-0.25,-144.07017398264853
0.0,-0.25,-132.9993023154933
0.0,-0.25,-132.0347603067911
0.0,-0.25,-159.861719770808
0.0,-0.25,-144.2492065870474
0.0,-0.25,-194.68480247684187
0.0,-0.25,-172.07096847875908
0.0,-0.25,-150.83547868775642
0.0,-0.25,-171.749866611943
0.0,-0.25,-151.0717694426601
0.0,-0.25,-151.58855557731096
0.0,-0.25,-194.17312297210526
0.0,-0.25,-175.21158386782088
0.0,-0.25,-196.41024660256653
0.0,-0.25,-136.88256784466728
0.0,-0.25,-183.63540810522704
0.0,-0.25,-188.5032359314066
0.0,-0.25,-177.53316433540215
0.0,-0.25,-125.63165459488046
0.0,-0.25,-180.9007859380531
0.0,-0.25,-153.36966708119212
0.0,-0.25,-164.16280368961273
0.0,-0.25,-165.71402287966845
0.0,-0.25,-162.62310632250353
0.0,-0.25,-142.38955101497635
0.0,-0.25,-138.83571559506447
0.0,-0.25,-192.91315548666793
0.0,-0.25,-172.3715710371118
0.0,-0.25,-192.16266087439985
0.0,-0.25,-176.99868800377254
0.0,-0.25,-120.11403997616203
0.0,-0.25,-187.48538719688563
0.0,-0.25,-179.65834002073709
0.0,-0.25,-189.04922318725448
0.0,-0.25,-157.6953559416703
0.0,-0.25,-164.25994142354406
0.0,-0.25,-158.50304356030227
0.0,-0.25,-146.0103635376948
0.0,-0.25,-174.45643620122368
0.0,-0.25,-153.99524500403143
0.0,-0.25,-158.26428115902215
0.0,-0.25,-150.6792955456476
0.0,-0.25,-171.8689997302336
0.0,-0.25,-177.52021896694782
0.0,-0.25,-172.09029463405227
0.0,-0.25,-178.96919693888324
0.0,-0.25,-176.26932646500194
0.0,-0.25,-162.98532201142902
0.0,-0.25,-186.5701236285527
0.0,-0.25,-165.4883261085254
0.0,-0.25,-139.8194151730021
0.0,-0.25,-141.56659998870964
0.0,-0.25,-162.1278261396638
0.0,-0.25,-172.75863361376545
0.0,-0.25,-184.49467152288523
0.0,-0.25,-145.581603240973
0.0,-0.25,-153.59585604172875
0.0,-0.25,-159.90916230677377
0.0,-0.25,-174.7501024165132
0.0,-0.25,-175.1651421375903
0.0,-0.25,-165.84091516934112
0.0,-0.25,-198.66814129609665
0.0,-0.25,-132.09734780738654
0.0,-0.25,-154.81065202880615
0.0,-0.25,-168.37927383864604
0.0,-0.25,-177.66263586498945
0.0,-0.25,-156.48989847098306
0.0,-0.25,-162.74262791240352
0.0,-0.25,-155.47414957315053
0.0,-0.25,-174.16486992387945
0.0,-0.25,-164.57728851110716
0.0,-0.25,-168.05395347199612
0.0,-0.25,-168.01676470125696
0.0,-0.25,-162.61692452650746
0.0,-0.25,-172.82387048576803
0.0,-0.25,-194.36455580256776
0.0,-0.25,-164.48291278270665
0.0,-0.25,-162.3984218771194
0.0,-0.25,-141.79848722526387
0.0,-0.25,-148.3542892102536
0.0,-0.25,-158.73983234121997
0.0,-0.25,-181.88610998853008
0.0,-0.25,-177.29346026245568
0.0,-0.25,-187.88666054212743
0.0,-0.25,-138.73734405370888
0.0,-0.25,-149.00214999460826
0.0,-0.25,-164.71601240649807
0.0,-0.25,-157.8931134480608
0.0,-0.25,-158.00249765782206
0.0,-0.25,-156.67313971455474
0.0,-0.25,-163.24074326949923
0.0,-0.25,-168.31259732456516
0.0,-0.25,-139.53284500833297
0.0,-0.25,-167.4840447593737
0.0,-0.25,-177.0933247963204
0.0,-0.25,-145.24041452666336
0.0,-0.25,-174.96963182440155
0.0,-0.25,-168.41685530931775
0.0,-0.25,-150.43700678408885
0.0,-0.25,-160.53573102904443
0.0,-0.25,-169.4692436495139
0.0,-0.25,-154.68341603384349
0.0,-0.25,-169.33274400445836
0.0,-0.25,-178.06961131330533
0.0,-0.25,-189.95629714323053
0.0,-0.25,-152.37211741528782
0.0,-0.25,-195.99962827386736
0.0,-0.25,-165.36188652348952
0.0,-0.25,-181.99545977715752
0.0,-0.25,-190.00431157535937
0.0,-0.25,-157.7468711733503
0.0,-0.25,-157.3019659185823
0.0,-0.25,-150.24597762491516
0.0,-0.25,-172.66020685091422
0.0,-0.25,-192.56141341695803
0.0,-0.25,-163.15443731650268
0.0,-0.25,-152.37323889541028
0.0,-0.25,-155.92101409598442
0.0,-0.25,-157.44513313124378
0.0,-0.25,-181.22210806589612
0.0,-0.25,-170.41212524587672
0.0,-0.25,-170.77215819812608
0.0,-0.25,-174.1061396696338
0.0,-0.25,-154.57596697095565
0.0,-0.25,-184.18627557491791
0.0,-0.25,-153.41386479608485
0.0,-0.25,-164.7693618977872
0.0,-0.25,-180.46964725300438
0.0,-0.25,-135.7365199556518
0.0,-0.25,-177.02303759379933
0.0,-0.25,-132.43657698534008
0.0,-0.25,-145.35529422361836
0.0,-0.25,-129.63343596541927
0.0,-0.25,-130.45460993291056
0.0,-0.25,-168.66540427520803
0.0,-0.25,-181.4264231385862
0.0,-0.25,-159.654602540868
0.0,-0.25,-163.15068538699654
0.0,-0.25,-149.06523351586793
0.0,-0.25,-165.57800655639087
0.0,-0.25,-137.5822451707342
0.0,-0.25,-146.8009337254616
0.0,-0.25,-186.3595263486697
0.0,-0.25,-146.0305821220884
0.0,-0.25,-135.97069098941998
0.0,-0.25,-126.9499356275141
0.0,-0.25,-184.3260282274705
0.0,-0.25,-134.07615259022634
0.0,-0.25,-178.17855205182076
0.0,-0.25,-191.14685536828938
0.0,-0.25,-162.92093337964673
0.0,-0.25,-147.87275007956023
0.0,-0.25,-161.6425432289301
0.0,-0.25,-150.82244790765256
0.0,-0.25,-139.46256150782054
0.0,-0.25,-172.78648804830587
0.0,-0.25,-137.355569618894
0.0,-0.25,-179.01752521386953
0.0,-0.25,-175.8666698742198
0.0,-0.25,-195.0891545876359
0.0,-0.25,-173.77725807148877
0.0,-0.25,-194.27381069274972
0.0,-0.25,-150.96265964736202
0.0,-0.25,-190.18500654816384
0.0,-0.25,-185.77149018453676
0.0,-0.25,-169.6756960370937
0.0,-0.25,-139.91675522362115
0.0,-0.25,-158.39498940439927
0.0,-0.25,-150.01682970962005
0.0,-0.25,-172.7924900895495
0.0,-0.25,-161.05080994957538
0.0,-0.25,-175.71531862493475
0.0,-0.25,-191.81893019932167
0.0,-0.25,-164.14891334742882
0.0,-0.25,-162.26488955267828
0.0,-0.25,-174.48310195730144
0.0,-0.25,-164.7088178866862
0.0,-0.25,-155.1575219134388
0.0,-0.25,-179.40882187372233
0.0,-0.25,-186.14629931773183
0.0,-0.25,-135.20702961476542
0.0,-0.25,-165.90203857763282
0.0,-0.25,-147.78371602357677
0.0,-0.25,-179.7745817900977
0.0,-0.25,-188.98514349491774
0.0,-0.25,-161.38928051886302
0.0,-0.25,-176.4382860125787
0.0,-0.25,-163.78372699673176
0.0,-0.25,-166.81022284006846
0.0,-0.25,-144.1996073422413
0.0,-0.25,-171.71368085245692
0.0,-0.25,-163.278001354334
0.0,-0.25,-150.19804662726122
0.0,-0.25,-145.13350418182713
0.0,-0.25,-138.75836782053696
0.0,-0.25,-162.40061577630271
0.0,-0.25,-164.994507493555
0.0,-0.25,-144.3041122827389
0.0,-0.25,-158.87488653368135
0.0,-0.25,-172.35993769940615
0.0,-0.25,-195.86983208618372
0.0,-0.25,-170.7873057315223
0.0,-0.25,-194.17841753737184
0.0,-0.25,-184.4956610785028
0.0,-0.25,-182.5893979581564
0.0,-0.25,-152.33341737188425
0.0,-0.25,-145.74011735122497
0.0,-0.25,-179.3934827922035
0.0,-0.25,-149.87904078434627
0.0,-0.25,-125.75873913348495
0.0,-0.25,-159.13507263812718
0.0,-0.25,-147.51382359534225
0.0,-0.25,-173.72847211665035
0.0,-0.25,-172.50123719884715
0.0,-0.25,-167.2427143197889
0.0,-0.25,-159.3316812383907
0.0,-0.25,-153.84984482439933
0.0,-0.25,-195.30476269123494
0.0,-0.25,-166.91237070474716
0.0,-0.25,-191.5986519357447
0.0,-0.25,-158.28267934040196
0.0,-0.25,-149.52984473415526
0.0,-0.25,-166.07069119680193
0.0,-0.25,-185.8038879504254
0.0,-0.25,-192.18158571930144
0.0,-0.25,-150.95445301184304
0.0,-0.25,-151.7244364283719
0.0,-0.25,-143.62728337072605
0.0,-0.25,-193.09725784974464
0.0,-0.25,-152.06047392998533
0.0,-0.25,-177.24637467934724
0.0,-0.25,-158.18617695567968
0.0,-0.25,-137.25990484491652
0.0,-0.25,-165.57323264287672
0.0,-0.25,-130.90475337902024
0.0,-0.25,-181.45951190416503
0.0,-0.25,-165.05416726585332
0.0,-0.25,-173.76082767592604
0.0,-0.25,-184.99047134195501
0.0,-0.25,-181.3250980452025
0.0,-0.25,-192.76889703848425
0.0,-0.25,-165.19454927346445
0.0,-0.25,-151.49801913433635
0.0,-0.25,-177.17408945321492
0.0,-0.25,-155.79829040000203
0.0,-0.25,-196.27747592500597
0.0,-0.25,-163.02547802428057
0.0,-0.25,-138.68129863809915
0.0,-0.25,-152.30805566035906
0.0,-0.25,-163.92929958894084
0.0,-0.25,-178.94078725104512
0.0,-0.25,-177.97566057678944
0.0,-0.25,-180.73387224048307
0.0,-0.25,-146.50021636334833
0.0,-0.25,-182.36695710696517
0.0,-0.25,-144.95990541260042
0.0,-0.25,-142.55511227345548
0.0,-0.25,-165.71869409874182
0.0,-0.25,-176.70522193866333
0.0,-0.25,-184.32531378704218
0.0,-0.25,-151.13329935030305
0.0,-0.25,-197.64085244519254
0.0,-0.25,-145.85037822164446
0.0,-0.25,-185.64693155181592
0.0,-0.25,-185.86690596272018
0.0,-0.25,-163.4416308853898
0.0,-0.25,-164.13192198546568
0.0,-0.25,-155.54824312050226
0.0,-0.25,-179.27198227843837
0.0,-0.25,-157.96784150563522
0.0,-0.25,-186.78663393170817
0.0,-0.25,-194.72498066488905
0.0,-0.25,-163.9546953071614
0.0,-0.25,-177.89732986320308
0.0,-0.25,-141.86104739092633
0.0,-0.25,-171.0338544579382
0.0,-0.25,-130.73292777459875
0.0,-0.25,-163.55505728474017
0.0,-0.25,-149.90679386121815
0.0,-0.25,-176.713111360296
0.0,-0.25,-156.46160183908094
0.0,-0.25,-149.4551576622234
0.0,-0.25,-183.66509716811476
0.0,-0.25,-183.45541679915365
0.0,-0.25,-153.53827857959726
0.0,-0.25,-152.72364428351554
0.0,-0.25,-186.167307235454
0.0,-0.25,-150.6317595677442
0.0,-0.25,-151.63449207135898
0.0,-0.25,-136.35845842519717
0.0,-0.25,-141.07007270709633
0.0,-0.25,-168.68884139749608
0.0,-0.25,-174.94513144144327
0.0,-0.25,-179.5403334652697
0.0,-0.25,-164.87785503617056
0.0,-0.25,-146.89821543469668
0.0,-0.25,-177.39220990240628
0.0,-0.25,-166.27401448776004
0.0,-0.25,-141.12923100084825
0.0,-0.25,-162.83160711161224
0.0,-0.25,-149.2751292558173
0.0,-0.25,-165.87118715274167
0.0,-0.25,-156.6695093043562
0.0,-0.25,-172.66654358702974
0.0,-0.25,-170.77332366675296
0.0,-0.25,-160.5920242652419
0.0,-0.25,-167.48383517947138
0.0,-0.25,-178.8868551111378
0.0,-0.25,-165.9163323048164
0.0,-0.25,-192.5629717664984
0.0,-0.25,-162.02053205639572
0.0,-0.25,-139.1823436621583
0.0,-0.25,-165.87931940400776
0.0,-0.25,-143.5350685572092
0.0,-0.25,-182.06884311513983
0.0,-0.25,-167.9715791064004
0.0,-0.25,-170.89470744991908
0.0,-0.25,-145.7953125729876
0.0,-0.25,-159.9627961714046
0.0,-0.25,-167.50075063007733
0.0,-0.25,-134.11607588223393
0.0,-0.25,-166.27702454651984
0.0,-0.25,-169.83326696630843
0.0,-0.25,-137.11703606778903
0.0,-0.25,-191.08289394949807
0.0,-0.25,-176.07084238181312
0.0,-0.25,-160.4454788848799
0.0,-0.25,-170.39711915150403
0.0,-0.25,-157.46478750198673
0.0,-0.25,-167.701648933618
0.0,-0.25,-140.0306667130084
0.0,-0.25,-165.87439830760528
0.0,-0.25,-140.40407166688547
0.0,-0.25,-130.66276387323427
0.0,-0.25,-144.5839906451795
0.0,-0.25,-129.4234253308885
0.0,-0.25,-179.85024568288694
0.0,-0.25,-174.0798918771429
0.0,-0.25,-171.21208783857352
0.0,-0.25,-193.18247830704706
0.0,-0.25,-147.12503879379713
0.0,-0.25,-134.8890898154699
0.0,-0.25,-143.4524154984488
0.0,-0.25,-175.35653368003017
0.0,-0.25,-182.29909721203762
0.0,-0.25,-169.45637450839786
0.0,-0.25,-150.59688124644725
0.0,-0.25,-135.6147729483735
0.0,-0.25,-128.9478421205489
0.0,-0.25,-170.39046347376365
0.0,-0.25,-167.3952222981242
0.0,-0.25,-187.227130359902
0.0,-0.25,-167.99805383580068
0.0,-0.25,-139.45548935427612
0.0,-0.25,-139.57011397879265
0.0,-0.25,-177.32425447457027
0.0,-0.25,-152.0588825338211
0.0,-0.25,-177.2165657806487
0.0,-0.25,-148.9137747180924
0.0,-0.25,-178.80226990106135
0.0,-0.25,-159.1851425273027
0.0,-0.25,-157.83944312302324
0.0,-0.25,-153.63943199739717
0.0,-0.25,-161.78824320769675
0.0,-0.25,-173.50482133778846
0.0,-0.25,-163.86746093566245
0.0,-0.25,-192.21091057051976
0.0,-0.25,-139.3310917527982
0.0,-0.25,-174.2701527892796
0.0,-0.25,-160.4031542110476
0.0,-0.25,-155.32026702687813
0.0,-0.25,-160.58954403889877
0.0,-0.25,-160.62730968937288
0.0,-0.25,-165.08334183484013
0.0,-0.25,-157.57543060962192
0.0,-0.25,-165.7836546468142
0.0,-0.25,-163.00195356342016
0.0,-0.25,-182.29677517196498
0.0,-0.25,-183.72216800229424
0.0,-0.25,-163.31875896857122
0.0,-0.25,-160.07246733240007
0.0,-0.25,-183.29823778883355
0.0,-0.25,-142.11580097775317
0.0,-0.25,-146.4551524941191
0.0,-0.25,-183.7901440283424
0.0,-0.25,-158.21471276064392
0.0,-0.25,-183.9569497320061
0.0,-0.25,-170.55684681593493
0.0,-0.25,-143.18341277393372
0.0,-0.25,-148.5888451271991
0.0,-0.25,-173.45774447212676
0.0,-0.25,-198.90804206033968
0.0,-0.25,-161.16485543490694
0.0,-0.25,-195.89510914662486
0.0,-0.25,-167.1101628672506
0.0,-0.25,-157.46651604097462
0.0,-0.25,-169.7562898570267
0.0,-0.25,-172.60385619691823
0.0,-0.25,-162.960581721677
0.0,-0.25,-149.71042868136894
0.0,-0.25,-171.5066946053055
0.0,-0.25,-177.70592322077903
0.0,-0.25,-164.69822450301496
0.0,-0.25,-158.6433049606123
0.0,-0.25,-157.13941314240796
0.0,-0.25,-161.72940891896405
0.0,-0.25,-152.98747946997102
0.0,-0.25,-175.08424099951566
0.0,-0.25,-151.91776512710953
0.0,-0.25,-149.34805109616187
0.0,-0.25,-159.87644745739075
0.0,-0.25,-159.0685598287031
0.0,-0.25,-165.0780234193827
0.0,-0.25,-156.35425411703685
0.0,-0.25,-168.78257824711386
0.0,-0.25,-145.0158410001566
0.0,-0.25,-163.77281853505679
0.0,-0.25,-144.6371170212514
0.0,-0.25,-160.81590166035429
0.0,-0.25,-166.44017471021476
0.0,-0.25,-183.55116211659964
0.0,-0.25,-138.09307496187097
0.0,-0.25,-160.0369621906139
0.0,-0.25,-155.5000330389372
0.0,-0.25,-174.95876547982385
0.0,-0.25,-182.45152919014458
0.0,-0.25,-170.25290053419215
0.0,-0.25,-146.15083776554337
0.0,-0.25,-142.81045601255548
0.0,-0.25,-167.67482807700688
0.0,-0.25,-165.81010855992446
0.0,-0.25,-158.10990765808907
0.0,-0.25,-157.19716332139728
0.0,-0.25,-153.905487617093
0.0,-0.25,-165.9962828667497
0.0,-0.25,-155.80988334468444
0.0,-0.25,-150.30880767489109
0.0,-0.25,-139.1364362273546
0.0,-0.25,-146.68358751650587
0.0,-0.25,-132.58568717901753
0.0,-0.25,-189.54454230344226
0.0,-0.25,-152.9905609167412
0.0,-0.25,-174.59273363259345
0.0,-0.25,-179.62806311607318
0.0,-0.25,-143.14187933787147
0.0,-0.25,-189.06124152221992
0.0,-0.25,-136.82984788914013
0.0,-0.25,-141.86025153665383
0.0,-0.25,-171.01076186888213
0.0,-0.25,-148.3267754821676
0.0,-0.25,-155.62229151031207
0.0,-0.25,-143.53539267299854
0.0,-0.25,-128.96547779535848
0.0,-0.25,-155.29424697172644
0.0,-0.25,-139.4512866534512
0.0,-0.25,-163.36627790049138
0.0,-0.25,-149.54401047686113
0.0,-0.25,-164.53728167436677
0.0,-0.25,-174.4202613144914
0.0,-0.25,-160.6325569640596
0.0,-0.25,-159.62900722674098
0.0,-0.25,-164.70989802249537
0.0,-0.25,-146.08107873006367
0.0,-0.25,-190.85516418474532
0.0,-0.25,-143.27630428718246
0.0,-0.25,-176.94473623755636
0.0,-0.25,-138.46602829499975
0.0,-0.25,-156.6219782785995
0.0,-0.25,-151.84761681715094
0.0,-0.25,-173.2348206752886
0.0,-0.25,-143.35651392105834
0.0,-0.25,-195.49711659944745
0.0,-0.25,-159.5002578957185
0.0,-0.25,-154.6289971597773
0.0,-0.25,-141.2361394170142
0.0,-0.25,-166.07700137667243
0.0,-0.25,-139.5467280558722
0.0,-0.25,-151.592146265956
0.0,-0.25,-147.93459028426253
0.0,-0.25,-162.5742795177516
0.0,-0.25,-147.9115565801241
0.0,-0.25,-182.48356105410815
0.0,-0.25,-178.59179574094574
0.0,-0.25,-189.23800515671977
0.0,-0.25,-150.5629643749517
0.0,-0.25,-180.98059864093335
0.0,-0.25,-159.9504120516515
0.0,-0.25,-135.55626478452604
0.0,-0.25,-175.58518991167483
0.0,-0.25,-167.11312999939824
0.0,-0.25,-177.31622386167606
0.0,-0.25,-148.3007429954138
0.0,-0.25,-146.36546201202745
0.0,-0.25,-155.1888019541551
0.0,-0.25,-191.3604441182634
0.0,-0.25,-149.13927508445687
0.0,-0.25,-159.05498314169918
0.0,-0.25,-172.35573813996038
0.0,-0.25,-155.60754048270465
0.0,-0.25,-163.33790380807662
0.0,-0.25,-157.635013980539
0.0,-0.25,-158.61593828156893
0.0,-0.25,-157.42293374976705
0.0,-0.25,-166.64948093844043
0.0,-0.25,-150.7614216942994
0.0,-0.25,-175.36571164196783
0.0,-0.25,-173.92963814922808
0.0,-0.25,-155.2141237310428
0.0,-0.25,-141.12623988857996
0.0,-0.25,-165.33296707554476
0.0,-0.25,-175.93403696987426
0.0,-0.25,-183.38773680502047
0.0,-0.25,-195.0084824816184
0.0,-0.25,-163.04687843029353
0.0,-0.25,-129.4281319785132
0.0,-0.25,-174.5678954259297
0.0,-0.25,-163.6256721833917
0.0,-0.25,-194.51384306032375
0.0,-0.25,-170.06094029404
0.0,-0.25,-155.1283550947031
0.0,-0.25,-166.810515980308
0.0,-0.25,-174.02036584918528
0.0,-0.25,-169.14050490733655
0.0,-0.25,-146.00052998066352
0.0,-0.25,-165.11708023330903
0.0,-0.25,-162.28707467373548
0.0,-0.25,-155.10960817285698
0.0,-0.25,-162.00090319218802
0.0,-0.25,-161.58837012171736
0.0,-0.25,-144.06332024211048
0.0,-0.25,-184.94496778558292
0.0,-0.25,-146.5605465786706
0.0,-0.25,-174.0328377636564
0.0,-0.25,-157.97200586646312
0.0,-0.25,-157.72097581358494
0.0,-0.25,-173.71606261719108
0.0,-0.25,-173.08176977020227
0.0,-0.25,-164.59939094929388
0.0,-0.25,-149.9583864472981
0.0,-0.25,-179.63310569127523
0.0,-0.25,-165.01537677552608
0.0,-0.25,-175.3171587312803
0.0,-0.25,-182.44286965018645
0.0,-0.25,-137.83491053828865
0.0,-0.25,-156.08323711141915
0.0,-0.25,-168.29114819756603
0.0,-0.25,-157.6734020863143
0.0,-0.25,-169.99785930263005
0.0,-0.25,-139.17566863671215
0.0,-0.25,-149.58362099075902
0.0,-0.25,-158.9091174435194
0.0,-0.25,-162.31987897497285
0.0,-0.25,-172.92430195138442
0.0,-0.25,-190.51062916305796
0.0,-0.25,-170.04196207681883
0.0,-0.25,-152.8509144019151
0.0,-0.25,-143.73729726026738
0.0,-0.25,-145.82009223552214
0.0,-0.25,-165.97019101140995
0.0,-0.25,-133.465915451959
0.0,-0.25,-157.8142671342629
0.0,-0.25,-145.83258826608676
0.0,-0.25,-155.39961752581576
0.0,-0.25,-173.64977994345494
0.0,-0.25,-173.27881299674482
0.0,-0.25,-155.4040532206796
0.0,-0.25,-176.3002003702139
0.0,-0.25,-151.2165180552181
0.0,-0.25,-182.97222469478086
0.0,-0.25,-152.40483584194138
0.0,-0.25,-138.562924868332
0.0,-0.25,-145.62303630332323
0.0,-0.25,-188.74800400329192
0.0,-0.25,-139.0131217432861
0.0,-0.25,-172.25379952913977
0.0,-0.25,-168.13910019856618
0.0,-0.25,-158.60024926269315
0.0,-0.25,-175.0005835788509
0.0,-0.25,-174.9496574838504
0.0,-0.25,-169.64781753260954
0.0,-0.25,-172.428271747933
0.0,-0.25,-173.2317049424815
0.0,-0.25,-171.75498572206777
0.0,-0.25,-181.23872831757768
0.0,-0.25,-156.3026351293074
0.0,-0.25,-174.65155273733464
0.0,-0.25,-161.82117642886723
0.0,-0.25,-153.90619200672535
0.0,-0.25,-193.27776208539672
0.0,-0.25,-171.60239456245685
0.0,-0.25,-156.86805971751286
0.0,-0.25,-150.93427208883244
0.0,-0.25,-167.07428469709575
0.0,-0.25,-171.741165323069
0.0,-0.25,-161.3543754065774
0.0,-0.25,-153.7036218034975
0.0,-0.25,-154.1347771003239
0.0,-0.25,-165.54806059984273
0.0,-0.25,-159.00358394495206
0.0,-0.25,-150.93310626878352
0.0,-0.25,-163.0135071997567
0.0,-0.25,-185.96575634217638
0.0,-0.25,-152.31538156660216
0.0,-0.25,-175.03987874063853
0.0,-0.25,-181.91735506902975
0.0,-0.25,-152.05703733865363
0.0,-0.25,-159.53546434073377
0.0,-0.25,-171.39187244418213
0.0,-0.25,-154.31842081118737
0.0,-0.25,-189.09147718417873
0.0,-0.25,-151.08436137898508
0.0,-0.25,-183.53179629855381
0.0,-0.25,-151.62160026006106
0.0,-0.25,-191.09349950230757
0.0,-0.25,-157.09617816541186
0.0,-0.25,-144.47828147105233
0.0,-0.25,-163.03275597774078
0.0,-0.25,-168.4751282091579
0.0,-0.25,-144.0722778608762
0.0,-0.25,-170.74488444913186
0.0,-0.25,-157.11088798295978
0.0,-0.25,-142.63018323417765
0.0,-0.25,-165.97272656031225
0.0,-0.25,-196.63703941388923
0.0,-0.25,-147.35555180372216
0.0,-0.25,-166.38610824790473
0.0,-0.25,-174.09508947591436
0.0,-0.25,-153.51452055636193
0.0,-0.25,-168.98527171428356
0.0,-0.25,-170.15481979799438
0.0,-0.25,-159.27155276772044
0.0,-0.25,-178.32181612475634
0.0,-0.25,-170.41732493997395
0.0,-0.25,-178.45451699095358
0.0,-0.25,-160.94628648149714
0.0,-0.25,-169.9697396152693
0.0,-0.25,-159.79081504072118
0.0,-0.25,-150.23890672890897
0.0,-0.25,-171.98311159450958
0.0,-0.25,-148.00633704514084
0.0,-0.25,-173.32838864226272
0.0,-0.25,-127.72695626013639
0.0,-0.25,-170.57989515151033
0.0,-0.25,-168.7630647941661
0.0,-0.25,-157.6941674396177
0.0,-0.25,-152.94663350696155
0.0,-0.25,-131.0997590942354
0.0,-0.25,-172.43725239961876
0.0,-0.25,-163.46277849041863
0.0,-0.25,-134.12622618363645
0.0,-0.25,-164.7232580896476
0.0,-0.25,-141.23013625391206
0.0,-0.25,-187.73949814990738
0.0,-0.25,-156.732076109764
0.0,-0.25,-143.88300611502572
0.0,-0.25,-191.8049054134656
0.0,-0.25,-160.50424805341854
0.0,-0.25,-189.34962855340737
0.0,-0.25,-157.9194059813498
0.0,-0.25,-156.5792606855994
0.0,-0.25,-139.10812612627194
0.0,-0.25,-186.45823244735877
0.0,-0.25,-146.1658521915142
0.0,-0.25,-146.30461783135098
0.0,-0.25,-151.1727721214876
0.0,-0.25,-161.95898367022582
0.0,-0.25,-138.6241791714932
0.0,-0.25,-128.44374113030463
0.0,-0.25,-159.58773675853482
0.0,-0.25,-168.54534278111424
0.0,-0.25,-156.3439169390919
0.0,-0.25,-157.71917668602111
0.0,-0.25,-183.02655930555528
0.0,-0.25,-175.27711818782706
0.0,-0.25,-158.40370945449803
0.0,-0.25,-186.6248978051857
0.0,-0.25,-175.65401494990394
0.0,-0.25,-152.81168987022272
0.0,-0.25,-152.13519222744938
0.0,-0.25,-178.93798639424762
0.0,-0.25,-166.3593345958476
0.0,-0.25,-185.39933567385165
0.0,-0.25,-169.41497602470199
0.0,-0.25,-152.58273682650005
0.0,-0.25,-179.4416400944272
0.0,-0.25,-187.02284416278965
0.0,-0.25,-149.57506980197283
0.0,-0.25,-143.88380261148086
0.0,-0.25,-176.33915245449157
0.0,-0.25,-163.29345982656167
0.0,-0.25,-153.34460262063004
0.0,-0.25,-169.5857109009328
0.0,-0.25,-152.6709003643555
0.0,-0.25,-164.97296865732852
0.0,-0.25,-195.9090198678821
0.0,-0.25,-179.04167090837592
0.0,-0.25,-199.39789761253084
0.0,-0.25,-152.80172447369353
0.0,-0.25,-163.48676865607993
0.0,-0.25,-183.43430135655726
0.0,-0.25,-157.83628614342632
0.0,-0.25,-144.09048397495386
0.0,-0.25,-162.3512869545215
0.0,-0.25,-173.06331847781678
0.0,-0.25,-153.19079238558757
0.0,-0.25,-145.74858154588892
0.0,-0.25,-161.5131892335408
0.0,-0.25,-166.05489808448806
0.0,-0.25,-165.81574067986423
0.0,-0.25,-142.2649195861064
0.0,-0.25,-180.38920969910592
0.0,-0.25,-140.6677266195018
0.0,-0.25,-170.2524215674717
0.0,-0.25,-157.37994369872706
0.0,-0.25,-166.19839964705167
0.0,-0.25,-174.630501345037
0.0,-0.25,-149.7353922042094
0.0,-0.25,-175.55022553145238
0.0,-0.25,-150.32526355853457
0.0,-0.25,-168.10772789085945
0.0,-0.25,-169.79770749242127
0.0,-0.25,-160.96445150848564
0.0,-0.25,-159.57811382908199
0.0,-0.25,-156.58261419011205
0.0,-0.25,-178.90997776159278
0.0,-0.25,-168.74833822936486
0.0,-0.25,-131.08800912077498
0.0,-0.25,-149.5152497217691
0.0,-0.25,-152.0549431180744
0.0,-0.25,-157.15885547587087
0.0,-0.25,-165.5942963462505
0.0,-0.25,-153.8279163378786
0.0,-0.25,-165.69727124746126
0.0,-0.25,-196.61982094601285
0.0,-0.25,-165.08870097788713
0.0,-0.25,-168.32701498345904
0.0,-0.25,-166.38515686741243
0.0,-0.25,-158.32939597873417
0.0,-0.25,-147.50570088258178
0.0,-0.25,-158.40781763810713
0.0,-0.25,-170.3368557086569
0.0,-0.25,-139.0821298546746
0.0,-0.25,-150.97850879736896
0.0,-0.25,-179.4749718844471
0.0,-0.25,-144.56134795269196
0.0,-0.25,-137.38071373321347
0.0,-0.25,-154.74176084767768
0.0,-0.25,-133.70641922398067
0.0,-0.25,-130.8722725772846
0.0,-0.25,-172.7001935222897
0.0,-0.25,-180.71360612568722
0.0,-0.25,-155.57364054623577
0.0,-0.25,-145.35839582466025
0.0,-0.25,-168.05067339892244
0.0,-0.25,-146.62510428873946
0.0,-0.25,-191.38931662142917
0.0,-0.25,-133.06759700179026
0.0,-0.25,-138.66504906279422
0.0,-0.25,-158.68024064148082
0.0,-0.25,-173.36946624386331
0.0,-0.25,-136.03935127164357
0.0,-0.25,-198.0853898968304
0.0,-0.25,-182.55480605281346
0.0,-0.25,-186.4714684639174
0.0,-0.25,-179.52307983209337
0.0,-0.25,-150.32026923225476
0.0,-0.25,-167.7983536096727
0.0,-0.25,-163.8432200258643
0.0,-0.25,-162.95238879478134
0.0,-0.25,-169.67568138298105
0.0,-0.25,-169.26365537769345
0.0,-0.25,-145.8926761809553
0.0,-0.25,-169.8575365371849
0.0,-0.25,-192.07929146325586
0.0,-0.25,-180.00465759675535
0.0,-0.25,-186.46827732572177
0.0,-0.25,-143.67643974206158
0.0,-0.25,-158.6185041630037
0.0,-0.25,-145.81189406619612
0.0,-0.25,-181.92714459656364
0.0,-0.25,-167.57352869863652
0.0,-0.25,-196.42140800442857
0.0,-0.25,-173.19610923063254
0.0,-0.25,-174.34063284262817
0.0,-0.25,-175.2887599608973
0.0,-0.25,-173.59134713240616
0.0,-0.25,-148.85683721485475
0.0,-0.25,-185.18018293884222
0.0,-0.25,-141.57933508033136
0.0,-0.25,-189.68496537285478
0.0,-0.25,-165.6344834443073
0.0,-0.25,-149.0036271121165
0.0,-0.25,-177.14415230846686
0.0,-0.25,-138.67984865299513
0.0,-0.25,-186.0651859619917
0.0,-0.25,-150.97053665329196
0.0,-0.25,-168.62816595233755
0.0,-0.25,-185.18422276324375
0.0,-0.25,-194.54907928993734
0.0,-0.25,-158.56066786370062
0.0,-0.25,-149.9750598697892
0.0,-0.25,-161.86143994831377
0.0,-0.25,-192.22553978488153
0.0,-0.25,-159.34506914290122
0.0,-0.25,-190.3140263310184
0.0,-0.25,-154.5151941632972
0.0,-0.25,-145.93996740402054
0.0,-0.25,-171.06958724443757
0.0,-0.25,-153.1892334288189
0.0,-0.25,-143.15955166181442
0.0,-0.25,-182.9575184550951
0.0,-0.25,-170.94663131973738
0.0,-0.25,-172.38261968160498
0.0,-0.25,-168.75034433332652
0.0,-0.25,-161.88125403198748
0.0,-0.25,-186.8774343444794
0.0,-0.25,-187.10309587804062
0.0,-0.25,-190.97030751901028
0.0,-0.25,-145.01837232769864
0.0,-0.25,-163.69754281705852
0.0,-0.25,-168.94388583024713
0.0,-0.25,-151.7187452161558
0.0,-0.25,-167.09226063012574
0.0,-0.25,-191.8019912029943
0.0,-0.25,-147.91772265198748
0.0,-0.25,-166.08486141106408
0.0,-0.25,-178.82725377891256
0.0,-0.25,-160.09625113723638
0.0,-0.25,-151.51269012405245
0.0,-0.25,-139.15900763677703
0.0,-0.25,-160.60764172202957
0.0,-0.25,-151.84153949674558
0.0,-0.25,-168.17289133035158
0.0,-0.25,-163.63870585713155
0.0,-0.25,-145.3182010455393
0.0,-0.25,-180.04862502286386
0.0,-0.25,-153.01229940694253
0.0,-0.25,-165.5888979426475
0.0,-0.25,-178.0968257781622
0.0,-0.25,-193.61663999895524
0.0,-0.25,-165.67243797205293
0.0,-0.25,-193.95677054631645
0.0,-0.25,-191.25449654394095
0.0,-0.25,-157.2991082753577
0.0,-0.25,-184.8145645927319
0.0,-0.25,-184.33017411044676
0.0,-0.25,-135.4403396984864
0.0,-0.25,-158.4623605447269
0.0,-0.25,-172.4025867382103
0.0,-0.25,-166.30527335785862
0.0,-0.25,-165.657487328275
0.0,-0.25,-136.87600752352645
0.0,-0.25,-165.35788070430615
0.0,-0.25,-157.52520684353206
0.0,-0.25,-136.10517125214858
0.0,-0.25,-160.55554100497548
0.0,-0.25,-172.5584087374053
0.0,-0.25,-148.01479409542762
0.0,-0.25,-184.8339953444705
0.0,-0.25,-163.66247128586602
0.0,-0.25,-146.94918516660522
0.0,-0.25,-159.83765031608746
0.0,-0.25,-173.1872476258087
0.0,-0.25,-182.21529172722774
0.0,-0.25,-173.73307661185677
0.0,-0.25,-150.61618260063332
0.0,-0.25,-155.5899655289155
0.0,-0.25,-173.89989410598528
0.0,-0.25,-194.797491321382
0.0,-0.25,-189.9454501715966
0.0,-0.25,-143.91969254184326
0.0,-0.25,-145.49879115807374
0.0,-0.25,-164.19116385144903
0.0,-0.25,-182.80709826142981
0.0,-0.25,-166.19571926033336
0.0,-0.25,-160.06403592414765
0.0,-0.25,-180.0830842480997
0.0,-0.25,-164.76974466636352
0.0,-0.25,-165.18036173643887
0.0,-0.25,-176.18218207466333
0.0,-0.25,-163.5450875939133
0.0,-0.25,-157.6171238668172
0.0,-0.25,-185.16650646799306
0.0,-0.25,-184.149962738914
0.0,-0.25,-179.16136741004502
0.0,-0.25,-175.826972555457
0.0,-0.25,-144.50857924356694
0.0,-0.25,-157.31588672655474
0.0,-0.25,-149.62025814549767
0.0,-0.25,-174.7554498751483
0.0,-0.25,-140.54460414572927
0.0,-0.25,-164.02851237821687
0.0,-0.25,-162.31903143136645
0.0,-0.25,-161.09064345465524
0.0,-0.25,-150.86448359662387
0.0,-0.25,-163.02796971209656
0.0,-0.25,-166.69419554088316
0.0,-0.25,-179.53413320012962
0.0,-0.25,-161.7388916589281
0.0,-0.25,-177.258975470609
0.0,-0.25,-160.67842064939515
0.0,-0.25,-148.88430482097908
0.0,-0.25,-184.0478611706354
0.0,-0.25,-179.76970391710964
0.0,-0.25,-163.87150464625745
0.0,-0.25,-170.48291283996178
0.0,-0.25,-152.68446587870466
0.0,-0.25,-162.1864183905895
0.0,-0.25,-173.36553800602857
0.0,-0.25,-185.2036335287394
0.0,-0.25,-162.19774681365197
0.0,-0.25,-184.9682021827392
0.0,-0.25,-156.68660100039463
0.0,-0.25,-169.2739858723451
0.0,-0.25,-162.0103674525218
0.0,-0.25,-168.9181918783726
0.0,-0.25,-174.36511626210094
0.0,-0.25,-163.39853024291398
0.0,-0.25,-186.98350474632213
0.0,-0.25,-172.2709666026089
0.0,-0.25,-174.9759470413284
0.0,-0.25,-162.21959412958776
0.0,-0.25,-174.620996508381
0.0,-0.25,-141.20727489191813
0.0,-0.25,-159.58787673179637
0.0,-0.25,-165.02812866312652
0.0,-0.25,-142.3133435674577
0.0,-0.25,-158.5293730250655
0.0,-0.25,-139.32484521530856
0.0,-0.25,-180.01366304392207
0.0,-0.25,-169.71275985607588
0.0,-0.25,-185.82628792553788
0.0,-0.25,-163.35079476475838
0.0,-0.25,-163.8817179842172
0.0,-0.25,-169.4480314750557
0.0,-0.25,-159.0038945091174
0.0,-0.25,-168.00322832395662
0.0,-0.25,-156.42863061463518
0.0,-0.25,-170.5643043503732
0.0,-0.25,-163.34672349852804
0.0,-0.25,-180.6252025086117
0.0,-0.25,-184.6855698776843
0.0,-0.25,-182.02656375654823
0.0,-0.25,-173.48989553163577
0.0,-0.25,-159.11243488068203
0.0,-0.25,-170.86157172039879
0.0,-0.25,-153.6964928176875
0.0,-0.25,-177.9883926356581
0.0,-0.25,-155.0676153355336
0.0,-0.25,-153.4904401543368
0.0,-0.25,-183.06506561449694
0.0,-0.25,-136.20636338156723
0.0,-0.25,-155.96221434767037
0.0,-0.25,-163.87752789012424
0.0,-0.25,-169.9770598368578
0.0,-0.25,-134.55288938199527
0.0,-0.25,-163.1524229842883
0.0,-0.25,-160.63357043538898
0.0,-0.25,-156.8339471569998
0.0,-0.25,-156.86125838926296
0.0,-0.25,-167.36673414954456
0.0,-0.25,-196.90706605222653
0.0,-0.25,-142.61459520544267
0.0,-0.25,-167.75683264087212
0.0,-0.25,-163.03242386798883
0.0,-0.25,-180.5208794808713
0.0,-0.25,-146.9384497335011
0.0,-0.25,-167.4084918440115
0.0,-0.25,-154.4906414684458
0.0,-0.25,-137.55934323408962
0.0,-0.25,-144.28971647768103
0.0,-0.25,-175.02537099231233
0.0,-0.25,-138.5703505892699
0.0,-0.25,-160.56931578894793
0.0,-0.25,-148.11106418939494
0.0,-0.25,-174.9165960976902
0.0,-0.25,-186.3158452657597
0.0,-0.25,-166.71966387378896
0.0,-0.25,-156.72122751638653
0.0,-0.25,-141.53956367176855
0.0,-0.25,-174.7184962113008
0.0,-0.25,-158.8197564551248
0.0,-0.25,-160.05483780853535
0.0,-0.25,-157.9766310661545
0.0,-0.25,-164.88938815709244
0.0,-0.25,-148.13571199639415
0.0,-0.25,-185.4239348625209
0.0,-0.25,-160.29902526221878
0.0,-0.25,-144.78592637147491
0.0,-0.25,-144.53057682933863
0.0,-0.25,-172.8015473282765
0.0,-0.25,-155.63696955316308
0.0,-0.25,-170.686678046026
0.0,-0.25,-185.06346886341962
0.0,-0.25,-150.678234539669
0.0,-0.25,-141.85518181624275
0.0,-0.25,-149.3368307903977
0.0,-0.25,-160.51913739171883
0.0,-0.25,-166.47303268205192
0.0,-0.25,-167.1151193059608
0.0,-0.25,-173.19669311763894
0.0,-0.25,-168.4467447601627
0.0,-0.25,-163.66759147132566
0.0,-0.25,-171.74833033268692
0.0,-0.25,-146.2792612722282
0.0,-0.25,-168.39235578705373
0.0,-0.25,-164.65147331073825
0.0,-0.25,-143.26962543274848
0.0,-0.25,-162.48904168028665
0.0,-0.25,-155.27346217674756
0.0,-0.25,-139.25722265160138
0.0,-0.25,-138.18611922182654
0.0,-0.25,-181.46860969943157
0.0,-0.25,-135.66186354654306
0.0,-0.25,-158.81792514927866
0.0,-0.25,-170.76519641457895
0.0,-0.25,-136.54363755429344
0.0,-0.25,-177.36315249389548
0.0,-0.25,-177.3583800721728
0.0,-0.25,-177.40654760891934
0.0,-0.25,-172.6799364910686
0.0,-0.25,-159.61629670324194
0.0,-0.25,-166.9474418439891
0.0,-0.25,-171.20158040611454
0.0,-0.25,-155.0607009636976
0.0,-0.25,-185.66619537840268
0.0,-0.25,-161.61782818498074
0.0,-0.25,-187.97062521860343
0.0,-0.25,-138.52843446439036
0.0,-0.25,-166.66884024173544
0.0,-0.25,-184.1848823685967
0.0,-0.25,-125.31710649283157
0.0,-0.25,-167.46119094961256
0.0,-0.25,-182.76651264393857
0.0,-0.25,-150.7920467940704
0.0,-0.25,-153.5557111693226
0.0,-0.25,-146.95728625604318
0.0,-0.25,-165.53617575887236
0.0,-0.25,-147.90626817309766
0.0,-0.25,-176.44098913582954
0.0,-0.25,-163.09007753527413
0.0,-0.25,-133.30371420891237
0.0,-0.25,-160.62682308579087
0.0,-0.25,-164.4251343463472
0.0,-0.25,-142.66614701656297
0.0,-0.25,-186.86434114860967
0.0,-0.25,-170.76473512781854
0.0,-0.25,-159.90742872270604
0.0,-0.25,-183.27498944476437
0.0,-0.25,-139.39138591971468
0.0,-0.25,-170.324498643607
0.0,-0.25,-152.95111018964943
0.0,-0.25,-149.47057147650892
0.0,-0.25,-173.31001972312143
0.0,-0.25,-147.12831688198824
0.0,-0.25,-181.84194042414236
0.0,-0.25,-146.27841587252658
0.0,-0.25,-153.35295859010415
0.0,-0.25,-147.77261408917968
0.0,-0.25,-173.1030165174267
0.0,-0.25,-166.17523978322734
0.0,-0.25,-157.6286817394072
0.0,-0.25,-158.6578989682056
0.0,-0.25,-171.75952588152305
0.0,-0.25,-192.68370903333914
0.0,-0.25,-153.8141952743089
0.0,-0.25,-167.3962933044767
0.0,-0.25,-171.1788104322978
0.0,-0.25,-142.43454003919862
0.0,-0.25,-186.60252005552707
0.0,-0.25,-172.45059922164592
0.0,-0.25,-166.61419316481457
0.0,-0.25,-163.33273935728081
0.0,-0.25,-177.81371784731576
0.0,-0.25,-167.38554677830427
0.0,-0.25,-170.8707818387388
0.0,-0.25,-172.95735827789932
0.0,-0.25,-150.08029695882934
0.0,-0.25,-192.2776985666621
0.0,-0.25,-171.1617956561136
0.0,-0.25,-172.85951480631823
0.0,-0.25,-192.6961594540689
0.0,-0.25,-145.14313958600314
0.0,-0.25,-137.2847605295083
0.0,-0.25,-156.8615136300951
0.0,-0.25,-138.36045948526984
0.0,-0.25,-185.35894702312495
0.0,-0.25,-126.58138769860824
0.0,-0.25,-174.96862766265411
0.0,-0.25,-163.3282162804933
0.0,-0.25,-163.2011021956357
0.0,-0.25,-190.0218556497225
0.0,-0.25,-181.0305835971512
0.0,-0.25,-162.5631529478123
0.0,-0.25,-175.88115056233937
0.0,-0.25,-142.33979373821504
0.0,-0.25,-152.64542251191986
0.0,-0.25,-194.70672637915106
0.0,-0.25,-136.82820383750945
0.0,-0.25,-167.77932702703689
0.0,-0.25,-182.53992963861924
0.0,-0.25,-146.82745903803334
0.0,-0.25,-176.04652228733593
0.0,-0.25,-195.6354272374943
0.0,-0.25,-161.84160938933783
0.0,-0.25,-163.91742060953058
0.0,-0.25,-163.9332990481816
0.0,-0.25,-182.72770426022836
0.0,-0.25,-154.55495192226206
0.0,-0.25,-147.31338089959357
0.0,-0.25,-151.6535168289535
0.0,-0.25,-171.20249886165055
0.0,-0.25,-170.3106744843066
0.0,-0.25,-152.87367060783424
0.0,-0.25,-154.65369243161808
0.0,-0.25,-186.04380574979803
0.0,-0.25,-177.51455509900586
0.0,-0.25,-177.6213410380579
0.0,-0.25,-164.37507970893583
0.0,-0.25,-168.00371905378233
0.0,-0.25,-154.6522843989406
0.0,-0.25,-139.24125513672192
0.0,-0.25,-161.63030175645093
0.0,-0.25,-142.66407866165792
0.0,-0.25,-145.83552484191384
0.0,-0.25,-183.48304203600935
0.0,-0.25,-167.00696104127013
0.0,-0.25,-181.47544620255488
0.0,-0.25,-152.51112268879706
0.0,-0.25,-137.9197672825506
0.0,-0.25,-176.1548597020018
0.0,-0.25,-166.7547253460281
0.0,-0.25,-167.32027640733952
0.0,-0.25,-175.1314163055187
0.0,-0.25,-158.88409288019776
0.0,-0.25,-171.5596153448691
0.0,-0.25,-151.72804998513078
0.0,-0.25,-168.73510664636805
0.0,-0.25,-184.41152929283788
0.0,-0.25,-170.92568156041528
0.0,-0.25,-157.36453398044705
0.0,-0.25,-160.07738182381502
0.0,-0.25,-162.9928688191807
0.0,-0.25,-195.71046607002017
0.0,-0.25,-159.2305740109239
0.0,-0.25,-156.58068291136055
0.0,-0.25,-157.24429218783337
0.0,-0.25,-185.1058174654515
0.0,-0.25,-150.03619248128018
0.0,-0.25,-179.0552368401148
0.0,-0.25,-175.10522302451938
0.0,-0.25,-154.91499689694186
0.0,-0.25,-146.70696413755198
0.0,-0.25,-174.8383621639421
0.0,-0.25,-184.87681028872484
0.0,-0.25,-170.1023212107016
0.0,-0.25,-132.99816328535456
0.0,-0.25,-186.96729750652244
0.0,-0.25,-149.4688433740765
0.0,-0.25,-158.1142666639796
0.0,-0.25,-164.76436512856802
0.0,-0.25,-174.68391877204667
0.0,-0.25,-151.08631731297706
0.0,-0.25,-171.43599011777818
0.0,-0.25,-164.59531735364703
0.0,-0.25,-180.81905570326535
0.0,-0.25,-149.61732638469795
0.0,-0.25,-158.9557498017899
0.0,-0.25,-176.0517153585653
0.0,-0.25,-143.66426248557514
0.0,-0.25,-167.14672822280616
0.0,-0.25,-198.65834714578838
0.0,-0.25,-147.04333709638522
0.0,-0.25,-164.4189153132405
0.0,-0.25,-149.73479691407206
0.0,-0.25,-140.17663432389912
0.0,-0.25,-157.03782799377066
0.0,-0.25,-169.88410896264222
0.0,-0.25,-169.95949310549472
0.0,-0.25,-153.73365052123174
0.0,-0.25,-163.48796933293505
0.0,-0.25,-168.08599101498461
0.0,-0.25,-169.6665009579218
0.0,-0.25,-162.75816212202116
0.0,-0.25,-156.27846225312578
0.0,-0.25,-181.481790311231
0.0,-0.25,-154.374729873169
0.0,-0.25,-183.09610308389887
0.0,-0.25,-146.5407727660079
0.0,-0.25,-175.31772465297266
0.0,-0.25,-183.3053300847477
0.0,-0.25,-166.84454755125813
0.0,-0.25,-141.03303602439507
0.0,-0.25,-158.46470744762271
0.0,-0.25,-130.7846512833266
0.0,-0.25,-178.35106363641174
0.0,-0.25,-141.68157681823448
0.0,-0.25,-147.62126863877918
0.0,-0.25,-185.6395405576648
0.0,-0.25,-188.60769053326842
0.0,-0.25,-153.70019297990086
0.0,-0.25,-135.51691286029657
0.0,-0.25,-158.75931643473575
0.0,-0.25,-199.92420189162658
0.0,-0.25,-164.86086397134738
0.0,-0.25,-153.96185310930622
0.0,-0.25,-179.87243519933193
0.0,-0.25,-170.30708156149603
0.0,-0.25,-167.42891205292975
0.0,-0.25,-159.81988375731493
0.0,-0.25,-167.56088252659512
0.0,-0.25,-171.91110335228512
0.0,-0.25,-163.99287572071896
0.0,-0.25,-147.0660232241604
0.0,-0.25,-178.72028229580218
0.0,-0.25,-141.83911848894158
0.0,-0.25,-141.08820767143823
0.0,-0.25,-142.3602600907183
0.0,-0.25,-154.7743847727247
0.0,-0.25,-171.61044550959454
0.0,-0.25,-138.5355721977579
0.0,-0.25,-147.0324093484141
0.0,-0.25,-188.99185167626752
0.0,-0.25,-148.25983267522054
0.0,-0.25,-160.12198245388413
0.0,-0.25,-190.99328007021444
0.0,-0.25,-182.99259611334625
0.0,-0.25,-169.44268623493784
0.0,-0.25,-149.44191416501405
0.0,-0.25,-181.58415377682377
0.0,-0.25,-157.3375807452803
0.0,-0.25,-166.05622373836272
0.0,-0.25,-160.26478490502726
0.0,-0.25,-165.3576059930044
0.0,-0.25,-167.1861748298779
0.0,-0.25,-173.90233666615828
0.0,-0.25,-181.89304500931283
0.0,-0.25,-172.6217960336989
0.0,-0.25,-186.99884752903085
0.0,-0.25,-173.4303670703763
0.0,-0.25,-135.8909899777623
0.0,-0.25,-160.49007610705561
0.0,-0.25,-177.35095588242504
0.0,-0.25,-180.68497492416756
0.0,-0.25,-171.99276354279982
0.0,-0.25,-149.12162684640336
0.0,-0.25,-188.9386108094078
0.0,-0.25,-191.50177597320314
0.0,-0.25,-145.38780825040814
0.0,-0.25,-174.82808172474645
0.0,-0.25,-131.67746182786203
0.0,-0.25,-178.49533952767135
0.0,-0.25,-157.04967583912244
0.0,-0.25,-180.12910407958393
0.0,-0.25,-179.49068511592785
0.0,-0.25,-150.40155948279894
0.0,-0.25,-162.4530615827999
0.0,-0.25,-144.8630712059324
0.0,-0.25,-150.77588942370375
0.0,-0.25,-146.15297899909382
0.0,-0.25,-181.58440228486188
0.0,-0.25,-156.03598673368435
0.0,-0.25,-191.48620402233038
0.0,-0.25,-165.0859124618878
0.0,-0.25,-185.88058191818612
0.0,-0.25,-160.2255734281563
0.0,-0.25,-143.90856773394987
0.0,-0.25,-185.04037406071976
0.0,-0.25,-182.57933727285337
0.0,-0.25,-186.91075286483127
0.0,-0.25,-161.99024004931138
0.0,-0.25,-175.60262289442508
0.0,-0.25,-164.6975007740284
0.0,-0.25,-181.80816130525648
0.0,-0.25,-181.1636790344761
0.0,-0.25,-159.0068909159281
0.0,-0.25,-172.55767749828476
0.0,-0.25,-151.8639187469664
0.0,-0.25,-161.3974897956491
0.0,-0.25,-149.77667582269163
0.0,-0.25,-157.99324272662798
0.0,-0.25,-158.15508550227995
0.0,-0.25,-181.78756646185414
0.0,-0.25,-177.19576447355024
0.0,-0.25,-176.1186247435522
0.0,-0.25,-160.0196705912056
0.0,-0.25,-181.47388516038495
0.0,-0.25,-158.7618362166971
0.0,-0.25,-169.07640148820965
0.0,-0.25,-131.2307058680507
0.0,-0.25,-159.32636507310434
0.0,-0.25,-160.4914796739866
0.0,-0.25,-169.29237097214815
0.0,-0.25,-172.31700324803893
0.0,-0.25,-187.9676376848983
0.0,-0.25,-163.06011393709355
0.0,-0.25,-166.5014847018285
0.0,-0.25,-153.67001595861498
0.0,-0.25,-189.3740419043256
0.0,-0.25,-146.30952463120107
0.0,-0.25,-166.73245544415428
0.0,-0.25,-146.4816599022577
0.0,-0.25,-182.4974897474119
0.0,-0.25,-172.08416392283047
0.0,-0.25,-174.2677509084239
0.0,-0.25,-169.87109133704777
0.0,-0.25,-178.0513860791203
0.0,-0.25,-151.86432884033113
0.0,-0.25,-169.49219960609943
0.0,-0.25,-183.54874735645143
0.0,-0.25,-154.20150081508146
0.0,-0.25,-139.19289340312383
0.0,-0.25,-155.38594226264894
0.0,-0.25,-145.21760622979215
0.0,-0.25,-180.8233831677639
0.0,-0.25,-159.1505972312669
0.0,-0.25,-166.90105090569102
0.0,-0.25,-171.80072872412129
0.0,-0.25,-184.29312932016853
0.0,-0.25,-166.954425944124
0.0,-0.25,-159.3657002650264
0.0,-0.25,-137.8518588352969
0.0,-0.25,-170.4302592002748
0.0,-0.25,-168.58882391200274
0.0,-0.25,-165.93682158629107
0.0,-0.25,-129.4209753847644
0.0,-0.25,-156.03492944727915
0.0,-0.25,-164.21324177251935
0.0,-0.25,-156.06430465018803
0.0,-0.25,-169.55950398158438
0.0,-0.25,-155.07843797082512
0.0,-0.25,-180.57197274258084
0.0,-0.25,-155.68577357912991
0.0,-0.25,-169.29567785653194
0.0,-0.25,-184.0286711312458
0.0,-0.25,-175.61016638222338
0.0,-0.25,-129.77286629956228
0.0,-0.25,-157.20247079514405
0.0,-0.25,-145.88834873488713
0.0,-0.25,-166.36526130290858
0.0,-0.25,-190.50479120993728
0.0,-0.25,-190.66155162368247
0.0,-0.25,-146.1509488016541
0.0,-0.25,-193.9572756288856
0.0,-0.25,-182.55282651696015
0.0,-0.25,-168.80473853611966
0.0,-0.25,-151.79752751765153
0.0,-0.25,-176.91638967413658
0.0,-0.25,-170.04235681872433
0.0,-0.25,-154.4619145561252
0.0,-0.25,-159.80920911925617
0.0,-0.25,-178.01403340570172
0.0,-0.25,-169.02081811734814
0.0,-0.25,-167.5791578880474
0.0,-0.25,-163.6241299488921
0.0,-0.25,-137.06777263374903
0.0,-0.25,-148.52002122774928
0.0,-0.25,-150.96462062275612
0.0,-0.25,-159.61325264087984
0.0,-0.25,-175.2817090579426
0.0,-0.25,-135.88776272374412
0.0,-0.25,-172.1328779695129
0.0,-0.25,-163.83374549135394
0.0,-0.25,-142.6489394385957
0.0,-0.25,-173.75062151349695
0.0,-0.25,-181.0893017347899
0.0,-0.25,-172.42197269327926
0.0,-0.25,-171.22939532411195
0.0,-0.25,-185.9256093558491
0.0,-0.25,-171.1611552218943
0.0,-0.25,-189.19645646128467
0.0,-0.25,-160.95879984772134
0.0,-0.25,-162.57214076647958
0.0,-0.25,-194.1595802715272
0.0,-0.25,-172.74715436119155
0.0,-0.25,-172.6402632623037
0.0,-0.25,-146.1728040884791
0.0,-0.25,-146.42091246220426
0.0,-0.25,-145.7739153475751
0.0,-0.25,-173.63186300371478
0.0,-0.25,-155.69021812949956
0.0,-0.25,-171.04631209102385
0.0,-0.25,-150.34071841870275
0.0,-0.25,-160.54943210591966
0.0,-0.25,-154.6257967251967
0.0,-0.25,-189.8589323756492
0.0,-0.25,-151.71168848886816
0.0,-0.25,-170.5916764615447
0.0,-0.25,-159.7817997168261
0.0,-0.25,-176.99023757480776
0.0,-0.25,-138.473752798257
0.0,-0.25,-178.07657177746972
